# This file uses centimeters as units for non-parametric coordinates.

mtllib objShirt.mtl
g default
v -7.681818 21.374634 -1.148837
v 11.258791 21.163422 1.089504
v 13.294769 19.197876 -1.987582
v -8.130983 17.378815 -1.584643
v 13.459591 18.646301 -1.975562
v 10.515359 20.358185 -4.229245
v -8.767912 22.195160 1.261355
v 9.863998 19.465515 -4.354779
v -9.530024 23.357025 1.432848
v 12.313286 18.877869 -3.283438
v -10.248625 24.653137 1.394731
v -10.587114 24.694183 -4.222562
v 12.447382 18.320312 -3.229897
v -8.873598 22.347107 -4.185067
v 12.855875 19.048706 -2.676640
v -9.900087 23.453796 -4.635575
v -11.833994 18.293945 -3.672442
v -11.928415 18.323730 0.603746
v -11.342310 20.752686 -3.895093
v -11.218981 20.686066 0.898794
v -11.390566 23.482239 0.895223
v -11.532488 23.456573 -3.422309
v -7.745062 19.700623 -1.456443
v 7.592075 20.778229 -1.649655
v -11.152803 21.934082 1.066071
v -11.264185 21.995789 -3.835381
v -11.588320 24.789825 0.505427
v -11.649263 24.750244 -3.009795
v -9.752539 20.299622 -4.339597
v -10.380285 17.886993 -4.291387
v -9.812078 20.101562 1.121755
v -10.479731 17.829987 0.853122
v -11.544886 19.428741 0.662933
v -10.055769 19.002625 -4.372846
v -13.540155 20.080444 -1.203021
v -11.576250 19.439941 -3.798646
v -7.939993 18.478699 -1.556388
v -11.671686 25.784912 0.049102
v -11.733805 25.774048 -2.533231
v -11.074457 26.090179 -3.337325
v 7.880245 21.070618 -0.987387
v -10.998384 26.125183 0.838144
v 7.595717 21.116455 -1.525298
v 7.742990 21.299042 -1.910708
v -11.325106 27.080139 -0.179644
v -11.367945 27.293365 -1.241240
v 8.080009 18.790039 -0.806548
v -11.320223 27.017609 -2.308146
v -11.567087 26.724365 -0.543484
v -11.576288 26.692352 -1.935302
v -11.587473 26.805389 -1.237351
v -12.460558 23.715942 -1.226351
v -12.804682 22.466187 -1.211615
v -13.133837 21.342133 -1.188163
v -13.887896 18.951630 -1.203156
v -12.173975 24.866364 -1.243735
v -11.899179 25.938568 -1.241362
v 8.483712 19.111237 -0.051438
v 7.611600 20.846649 -2.194672
v -10.097845 18.907410 1.064378
v -12.469339 22.369232 0.254276
v -12.701563 21.197968 0.303048
v -13.081247 19.929413 0.284694
v -13.452669 18.812744 0.249959
v -12.453836 21.104553 -2.697797
v -12.264566 22.272247 -2.672486
v -12.720201 19.800903 -2.634459
v -12.981791 18.652435 -2.544104
v -7.684324 20.636688 -1.361516
v -10.606356 23.409149 -4.049474
v 7.756332 20.597900 -1.072427
v -9.683676 21.693085 1.191800
v -12.277376 23.714386 0.029800
v -12.169870 23.609833 -2.419974
v -10.444849 23.370880 1.326890
v -9.692080 21.779022 -4.335576
v -11.113047 24.706177 -3.620219
v -11.471910 26.045563 -2.854804
v -12.062578 24.886444 -0.293864
v -11.837488 25.943542 -0.585686
v -11.421755 26.075867 0.370181
v -10.995798 24.726654 1.067456
v -12.043215 24.828644 -2.178973
v -11.863855 25.924896 -1.896445
v -8.267714 17.363068 -2.872599
v -7.965261 18.473846 -2.807992
v -9.052797 17.550598 -3.994885
v -9.185335 17.430664 0.750732
v -8.979586 18.558105 0.660756
v -8.286188 17.264862 -0.276366
v 8.211939 18.913361 -0.509114
v -7.719622 21.500488 -2.158316
v 9.133285 19.204010 -4.178273
v -8.407625 21.026276 -3.866872
v 9.023357 19.872681 -4.102078
v -8.176325 21.733856 -3.215916
v -8.000433 19.505493 -0.483912
v -8.377874 21.611389 0.819227
v -7.965807 20.594879 -0.213498
v 8.549552 19.020447 -3.802205
v -7.937193 21.374146 -0.083018
v -7.727610 20.671112 -2.583928
v -8.465937 19.867188 -3.843575
v -8.745844 18.674988 -3.928090
v -7.740084 19.666626 -2.599536
v -8.100119 18.453552 -0.392207
v -8.452139 19.752899 0.367812
v -8.522261 20.895020 0.675696
v -7.637911 20.150391 -2.032420
v -7.695761 20.286682 -1.393042
v -7.633131 20.631134 -1.948899
v -7.753454 20.200500 -2.769379
v -7.694773 19.627594 -2.010543
v -7.854578 20.019012 -0.835097
v -7.974558 20.102051 -0.325976
v -7.805338 20.549347 -0.777322
v 8.070204 20.738983 -0.216620
v -7.895708 19.543304 -0.962163
v -8.195593 17.814484 -0.324080
v 8.482779 20.846375 0.453013
v -7.782003 21.508881 -0.531018
v 8.233049 20.858917 0.137235
v -7.784891 21.350952 -0.588813
v -7.913218 21.555115 -0.068166
v 11.955231 22.748840 0.694560
v -8.463144 21.978668 1.086249
v -8.556181 21.854645 1.080051
v -8.600286 22.388733 1.343098
v 11.962296 23.471252 0.558330
v -8.231710 21.789886 0.756377
v -8.897284 22.819977 1.488159
v -9.163843 22.715912 1.397277
v -9.216997 23.396881 1.542009
v 12.450058 22.898224 0.176671
v -9.523245 24.043762 1.524289
v -9.895285 24.036285 1.426827
v -9.829657 24.680695 1.497286
v 11.966410 22.037476 0.769894
v -8.407839 22.199615 -3.460562
v -8.766172 22.518250 -3.916619
v -8.476152 21.977997 -3.732865
v -8.141378 21.971405 -2.952924
v 12.304670 20.200287 0.726282
v -9.188814 22.960358 -4.300004
v -9.370428 22.854767 -4.514802
v 12.505106 19.569824 0.697805
v -9.624044 23.504578 -4.594769
v -10.024328 24.101318 -4.703725
v -10.310446 24.072144 -4.507211
v 12.131929 20.836609 0.756902
v -10.356287 24.734314 -4.544511
v -9.723284 22.697845 -4.499742
v -9.125521 22.094330 -4.380498
v -10.228281 23.411987 -4.379018
v -10.199720 22.633606 -4.252572
v -9.568480 22.597107 1.321311
v -9.120283 22.011932 1.220150
v -10.098463 22.552368 1.280356
v -9.959497 23.343384 1.352495
v -10.670137 22.600525 1.250064
v -10.457857 21.805328 1.203485
v -11.258692 22.699280 1.026382
v -10.945993 23.420837 1.224919
v -7.871710 19.088562 -2.093377
v -7.841486 19.081024 -2.730300
v -7.905741 18.502350 -2.168864
v -7.817820 19.113159 -1.509734
v -11.912996 24.179749 -2.805024
v -11.882303 24.791718 -2.622105
v -12.108385 24.235779 -2.301059
v -11.930605 23.533478 -2.983250
v -11.604578 24.121155 -3.219744
v -9.628359 18.137451 0.912148
v -10.285704 18.357513 0.906270
v -9.463785 18.712219 0.972048
v -8.994642 17.946289 0.649395
v -9.809195 17.608368 0.904117
v -10.986628 18.642151 -4.140809
v -10.222429 18.432098 -4.337541
v -10.845583 19.227997 -4.197267
v -11.698374 18.850922 -3.731976
v -11.139238 18.091156 -4.095632
v -9.511736 18.244904 -4.295953
v -8.898275 18.087097 -3.980809
v -9.325525 18.793060 -4.263909
v -9.671949 17.705109 -4.280892
v -10.989641 18.607422 0.762025
v -11.733767 18.861328 0.618901
v -10.810328 19.164124 0.878566
v -11.185022 18.074951 0.720655
v -10.789095 22.659210 -3.990643
v -10.520777 21.880219 -4.154939
v -11.066256 23.422089 -3.754521
v -11.393282 22.722931 -3.656434
v -11.247065 24.093597 -3.539681
v -10.892717 24.081085 -3.834763
v -11.379877 24.724152 -3.327863
v -11.899851 22.829742 -3.184150
v -11.876894 22.140381 -3.340924
v -12.216326 22.934753 -2.561871
v -10.954737 25.405426 0.979277
v -11.241961 26.112915 0.592589
v -10.636576 25.381897 1.195579
v -10.650240 24.677734 1.269120
v -11.215670 25.430847 0.757701
v -8.598532 21.679688 -4.035253
v -8.951826 21.332153 -4.239720
v -8.227236 21.392059 -3.524102
v -8.859617 20.632324 0.847914
v -9.407236 20.748383 1.059160
v -8.954782 21.268585 0.998470
v -8.519266 20.348816 0.549714
v -9.001123 19.993744 0.808018
v -13.399492 20.733276 -0.349026
v -13.195635 21.361298 -0.351369
v -12.884806 20.563477 0.301252
v -13.589632 20.096375 -0.365390
v -13.331079 20.712524 -1.192775
v -11.924875 21.539062 -3.402968
v -12.341440 21.685913 -2.704720
v -12.019403 20.949829 -3.400372
v -11.257357 21.358429 -3.902856
v -11.825731 25.419067 -0.091389
v -11.851282 24.841339 0.135148
v -11.946810 25.432709 -0.465678
v -11.755648 25.910919 -0.249301
v -11.644968 25.405670 0.233371
v -10.221479 25.395813 1.393383
v -10.638033 26.148102 1.081307
v 12.607321 21.623505 -2.001193
v -10.992380 26.751709 -3.100272
v -11.130114 27.203217 -2.489079
v -11.244753 26.647461 -2.843302
v -10.776781 26.131653 -3.641457
v 12.747089 21.051147 -1.999091
v -11.414698 26.571899 -2.590752
v -11.553453 26.464294 -2.380894
v -11.296251 26.075623 -3.081143
v -11.453386 26.875946 -2.103583
v -11.867891 25.392334 -2.396495
v -11.703959 25.384033 -2.729800
v -11.805872 25.901215 -2.229060
v -11.984522 25.405609 -2.025498
v -11.732294 26.422760 -0.937815
v -11.745264 26.418213 -1.236323
v -11.579264 26.803680 -0.912724
v -11.709215 26.388123 -0.609484
v -11.882006 25.946808 -0.915622
v -10.954218 26.807678 0.593620
v -11.212976 26.697266 0.348079
v -11.155161 27.288635 0.001542
v 12.698746 18.999481 0.679590
v -10.570650 25.430450 -4.147988
v -10.850145 25.385895 -3.831666
v 12.888872 18.459045 0.657825
v -11.098284 25.385590 -3.548930
v -11.312456 25.403076 -3.284919
v -10.838938 24.687134 -3.898858
v -11.444033 25.418640 0.514960
v -11.563379 25.968567 0.157361
v -11.298426 24.754944 0.802984
v -10.634295 19.768402 1.067888
v -11.359324 20.053802 0.759631
v -10.519686 20.375763 1.193577
v -9.904951 19.510925 1.196112
v -11.214716 27.507019 -0.632722
v -11.352236 27.256989 -0.717585
v -11.252794 27.554810 -1.260495
v 10.393678 23.951569 1.331594
v -11.213755 27.451538 -1.877002
v -11.350397 27.213715 -1.770140
v 10.820194 23.986542 1.228444
v -8.021315 17.904266 -2.203990
v -8.129530 17.900482 -2.847081
v -8.146017 17.354767 -2.225667
v -8.036924 17.925995 -1.575883
v -9.382124 19.278534 0.938247
v -8.724230 19.191833 0.515518
v -13.776728 19.522491 -0.374184
v -13.265581 19.354858 0.260099
v -13.959391 18.977966 -0.379454
v -13.716913 19.500916 -1.203801
v -11.462465 27.052277 -0.825703
v -11.449053 26.923950 -0.381299
v -11.467157 27.067474 -1.239739
v -11.460085 27.016113 -1.658324
v -11.584558 26.783691 -1.565926
v -12.428392 23.013336 -1.896237
v -12.327456 23.664337 -1.830737
v -12.628046 23.085327 -1.218459
v -12.536524 22.374268 -1.945681
v -12.230104 24.271484 -1.775473
v -12.134813 24.848969 -1.715371
v -12.310457 24.304413 -1.236281
v -12.136835 20.292328 -3.373538
v -12.591234 20.455353 -2.679362
v -12.217073 19.632843 -3.279988
v -11.459261 20.094971 -3.862233
v -13.039461 21.930725 -0.369786
v -12.872797 22.495544 -0.418624
v -12.565920 21.776123 0.286508
v -12.966349 21.905823 -1.197913
v -12.029497 25.409485 -1.636605
v -11.893877 25.934113 -1.567038
v -12.044008 25.417267 -1.244595
v -11.745760 26.413086 -1.537646
v -11.719225 26.366577 -1.863850
v -10.698336 19.874023 -4.246091
v -9.904753 19.648926 -4.372640
v -10.553118 20.533508 -4.247136
v -12.308245 19.039093 -3.192494
v -12.843218 19.209961 -2.583285
v -12.438585 18.480469 -3.136742
v -7.644873 21.509338 -1.526536
v -7.654985 21.579071 -2.009997
v -7.662107 21.439087 -1.640742
v -7.686296 21.459869 -1.049556
v 12.922215 20.414429 -1.997670
v -8.032026 18.916351 -0.520966
v 10.373338 20.840576 1.211590
v -9.164808 19.394409 -4.202302
v -8.510199 19.245758 -3.795998
v -9.052462 20.069061 -4.186837
v -11.821939 22.867554 0.605365
v -11.811167 22.153015 0.640748
v -12.376184 23.040070 0.162549
v -11.849543 23.595520 0.504401
v -12.118280 20.314331 0.549875
v -11.952005 20.950897 0.586491
v -12.316813 19.683136 0.531785
v -12.659410 21.803040 -1.956582
v -12.801714 21.231415 -1.950059
v -12.504503 19.111206 0.502798
v -12.694025 18.570312 0.491315
v -10.340044 24.057281 1.362745
v -10.774828 24.103119 1.272796
v -12.973047 20.593170 -1.945554
v -13.158922 19.952545 -1.940737
v -11.852999 21.538666 0.627842
v -11.141550 21.281128 1.015890
v -13.322313 19.368988 -1.925912
v -13.486673 18.817230 -1.915263
v -7.645853 21.071686 -1.812684
v -7.688406 21.027344 -1.268468
v -7.720808 21.115875 -2.381543
v -7.802465 21.010162 -0.651913
v -7.959169 21.035065 -0.125834
v 10.438455 21.022614 -4.199079
v -10.289705 20.958893 1.185261
v -10.451372 21.177826 -4.227258
v -9.646757 20.951691 -4.309888
v -8.950674 20.681396 -4.185796
v -8.391184 20.443695 -3.837239
v -8.696833 21.693817 1.052806
v -8.527018 21.316132 0.815326
v -12.687029 23.122681 -0.493350
v -12.498827 23.755737 -0.583483
v -11.866816 24.247986 0.344913
v -12.177980 24.323425 -0.123864
v -11.502275 24.165100 0.721390
v -11.153002 24.129089 1.033005
v -10.570955 24.069489 -4.149083
v -12.319048 24.334930 -0.674987
v -12.154146 24.884094 -0.767056
v -12.013094 25.426849 -0.853368
v -11.685770 26.248505 -2.240615
v -11.628664 25.958252 -2.642737
v -11.398783 26.621002 0.109533
v -11.544329 26.504547 -0.089720
v -11.661371 26.268402 -0.229316
v -11.515123 25.394989 -3.019175
v -8.031164 20.230560 -3.373681
v -8.004171 20.750336 -3.249419
v -8.011827 19.682983 -3.274993
v -8.189371 20.194641 0.142322
v -8.203608 20.699738 0.270435
v -8.152506 19.730621 -0.022898
v -8.487360 17.830017 0.186029
v -8.418951 18.519684 0.151271
v -8.652990 17.307404 0.336868
v -8.039572 21.681824 0.348638
v 13.115599 19.776672 -1.994050
v -8.102770 21.533569 0.378450
v -7.859350 21.785492 -2.489388
v 12.021830 21.424469 0.781129
v -7.907141 21.582489 -2.691828
v -8.092100 19.080475 -3.319688
v -8.251875 18.544006 -3.434012
v -8.404936 17.961670 -3.484969
v -8.552378 17.427124 -3.507930
v -7.957312 21.206024 -2.948428
v -8.246229 19.138824 -0.016490
v -8.210459 21.199005 0.412948
v 7.863895 18.304138 -0.623141
v 0.166019 0.639542 -5.721669
v 2.173982 0.596344 5.213373
v -0.014559 18.908783 -6.369782
v 0.192299 2.121460 -5.289735
v 7.987899 2.462540 0.367414
v -0.030903 17.202423 -6.374375
v 7.770774 17.154388 -0.456277
v 7.564399 15.697083 -0.292010
v 0.008497 3.451065 -4.906343
v 0.085278 4.768677 -4.780484
v -0.556862 6.026566 -4.716947
v -0.743977 7.247284 -4.861348
v -0.392805 8.831024 -5.250031
v -0.134783 10.559464 -5.640210
v -0.102171 12.238052 -5.894849
v -0.084316 13.882172 -6.086305
v -0.057230 15.528412 -6.258252
v 7.236098 14.176239 -0.199910
v 6.956661 12.740219 -0.068272
v 7.355762 11.275055 0.094316
v 7.366920 9.988922 0.152936
v 7.392048 8.587906 0.245853
v 7.725645 7.060577 0.374078
v 7.721354 5.684616 0.389179
v 7.889310 4.092331 0.351932
v 7.635915 15.689484 -1.476752
v 7.830156 17.109406 -1.700579
v 7.865093 18.420197 -1.946202
v 1.268766 17.194061 -6.446481
v 1.290810 18.929382 -6.462483
v 7.226816 14.090759 -1.297612
v 1.237926 15.509491 -6.310491
v 6.955193 12.626297 -1.150637
v 1.184862 13.858307 -6.102292
v 7.111471 11.212402 -0.975993
v 1.132862 12.224564 -5.847226
v 7.123966 9.892639 -1.014464
v 1.072609 10.596680 -5.592298
v 7.290560 8.422318 -0.869864
v 0.901314 8.976227 -5.214448
v 7.666469 7.237640 -0.643338
v 0.586771 7.393585 -4.861592
v 7.579840 5.680420 -0.643210
v 0.566820 5.857681 -4.664021
v 7.747309 4.097092 -0.678954
v 0.970648 4.625885 -4.801873
v 7.895976 2.458115 -0.679942
v 1.003666 3.418137 -4.918283
v 4.713342 0.741104 4.737632
v 1.293291 2.123108 -5.271638
v 6.917120 13.970490 -2.489157
v 7.309968 15.523773 -2.666024
v 6.778208 15.472382 -3.852910
v 5.899953 15.467041 -4.836385
v 4.834455 15.492859 -5.528729
v 3.676117 15.542236 -5.916558
v 2.460180 15.537048 -6.133153
v 7.641041 17.036224 -2.781302
v 6.939643 17.113953 -3.976716
v 6.182066 17.102631 -5.118649
v 5.049755 17.140137 -5.859712
v 3.823212 17.185486 -6.307622
v 2.535278 17.203644 -6.407090
v 2.591762 18.924652 -6.625268
v 3.930341 18.893921 -6.593759
v 5.214739 18.850739 -6.111672
v 6.328923 18.812500 -5.278188
v 7.386320 18.723816 -4.314694
v 7.844368 18.618500 -3.053405
v 6.503887 13.884094 -3.563491
v 5.569366 13.877594 -4.421556
v 4.527703 13.906677 -5.080956
v 3.529911 13.925446 -5.539559
v 2.371028 13.895996 -5.848157
v 6.681687 12.415314 -2.195143
v 6.158621 12.316544 -3.186797
v 5.282280 12.300354 -4.106267
v 4.302865 12.338226 -4.697824
v 3.414055 12.315292 -5.194196
v 2.281779 12.261475 -5.576879
v 6.606580 10.980377 -2.007733
v 5.966275 10.831177 -3.061639
v 5.029034 10.798264 -3.917161
v 9.370158 29.099060 -1.507117
v 4.212491 10.811630 -4.411344
v 3.288010 10.760223 -4.945413
v 2.195124 10.678513 -5.324059
v 6.616769 9.457932 -1.967334
v 5.907486 9.499878 -2.997803
v 5.146068 9.581070 -3.668290
v 9.185136 28.573547 -3.013407
v 4.269437 9.227631 -4.155999
v 3.299321 9.308151 -4.700540
v 2.139195 9.094727 -5.064401
v 6.806694 8.067947 -1.858517
v 6.247695 8.178238 -2.576281
v 5.295308 8.211639 -3.479150
v 8.783543 27.286285 -4.475831
v 4.291025 8.149689 -4.055047
v 3.397770 7.971176 -4.476621
v 2.009907 7.608765 -4.756253
v 7.265476 6.673248 -1.423285
v 6.536319 7.158463 -2.316241
v 5.787845 6.857269 -3.164290
v 7.868214 29.871338 -1.593928
v 4.669666 6.660873 -3.878087
v 3.370183 6.349869 -4.368199
v 1.736059 6.127563 -4.573262
v 7.213364 5.499176 -1.590920
v 6.609376 5.499863 -2.494403
v 5.819334 5.393036 -3.407063
v 7.688056 29.244904 -3.092915
v 4.778577 5.095627 -4.108769
v 3.613996 4.935822 -4.563245
v 2.095694 4.846283 -4.761510
v 7.394108 4.012085 -1.761647
v 6.726740 3.901062 -2.728192
v 5.896090 3.769913 -3.626996
v 7.393575 27.814728 -4.562268
v 4.950253 3.529739 -4.393800
v 3.893828 3.503677 -4.869645
v 2.255771 3.445160 -5.015531
v 7.540777 2.347214 -1.745467
v 6.873135 2.260895 -2.777964
v 6.012083 2.200760 -3.757794
v 6.308386 30.362000 -1.642571
v 5.016820 2.157822 -4.580415
v 3.921711 1.916534 -5.174027
v 2.614627 2.063690 -5.326447
v 7.039152 0.951340 3.586493
v 6.045477 0.888733 4.381909
v 7.627003 0.930496 2.562079
v 6.182795 29.835785 -3.174754
v 7.918986 0.853500 -0.624034
v 7.543819 0.737778 -1.696109
v -1.245989 0.617157 5.378284
v 10.649313 28.333221 -1.451039
v -2.401777 0.674973 5.157140
v 10.399073 27.844269 -2.908557
v 9.876402 26.571198 -4.249696
v 9.317266 25.022186 -5.046033
v -0.990561 0.775085 -5.688642
v 8.704569 23.434174 -4.860814
v 8.039779 0.943420 0.410700
v 8.262549 21.792145 -4.135736
v 7.887330 20.368286 -3.232444
v 6.913783 0.633972 -2.773873
v 7.709891 19.651550 -1.988194
v 7.875507 19.280853 -0.735089
v 7.922768 0.949539 1.449778
v 4.088698 0.518417 -5.433507
v 1.319239 20.728058 -6.470620
v 0.025387 20.579224 -6.288438
v 2.641679 20.725861 -6.609185
v 3.986754 20.704529 -6.655320
v 5.338717 20.624969 -6.332540
v 5.920883 28.190094 -4.583779
v 6.580705 20.514130 -5.670289
v 7.579080 20.397339 -4.694676
v 1.356274 22.595734 -6.446153
v 0.044394 22.456329 -6.303285
v 2.698389 22.595581 -6.496316
v 4.059927 22.683533 -6.604913
v 5.440351 22.474487 -6.560170
v 6.764257 22.274872 -6.115735
v 7.739543 22.049835 -5.212556
v 1.393589 24.520386 -6.285935
v 0.060638 24.475067 -6.219640
v 2.751337 24.531860 -6.301538
v 4.139376 24.641388 -6.448831
v 5.545107 24.445312 -6.524323
v 6.903817 24.182373 -6.263879
v 8.061267 23.787018 -5.699521
v 1.407228 26.447601 -5.884679
v 0.069813 26.425812 -5.842793
v 2.798080 26.486725 -5.851953
v 4.249074 26.522003 -5.823449
v 5.704138 26.397614 -5.833909
v 7.094613 26.085266 -5.703050
v 8.357749 25.614105 -5.446660
v 4.541158 30.354431 -3.211619
v 1.385176 28.241425 -5.102227
v 0.078522 28.219391 -5.090486
v 2.817064 28.332428 -5.014165
v 4.393417 28.454529 -4.706677
v 6.128069 0.561417 -3.837800
v 2.759625 29.876740 -4.011144
v 1.323103 29.751709 -4.166928
v 5.154378 0.534027 -4.825856
v 0.086815 29.736969 -4.174741
v 2.551538 21.441650 6.346222
v 3.913630 21.367035 6.145481
v 5.280354 21.166351 5.625546
v 5.558712 28.475189 1.686114
v 6.428950 20.920837 4.621021
v 7.127327 20.662567 3.215356
v 1.269335 23.128113 5.957003
v 2.554342 23.223511 5.973917
v 3.907991 23.201294 5.766150
v 5.261184 23.021637 5.322591
v 6.498857 22.739319 4.600126
v 7.372410 22.378723 3.552903
v -7.640562 15.751007 -1.568208
v -7.945063 17.283752 -1.673808
v -7.839663 18.780640 -1.792479
v -1.271862 17.249146 -6.310163
v -1.263878 18.964203 -6.460523
v -7.266863 14.202301 -1.457007
v -1.270744 15.566315 -6.181191
v -6.967813 12.672318 -1.336301
v -1.246452 13.914673 -5.966027
v -7.139975 11.154938 -1.119935
v -1.284439 12.209595 -5.697057
v -7.335546 9.644226 -0.832150
v -1.359337 10.338348 -5.409913
v -7.446272 8.135025 -0.730143
v -1.671181 8.564865 -5.064778
v -7.534636 7.080826 -0.532439
v -1.809860 7.322601 -4.794168
v -7.513357 5.724167 -0.476762
v -1.617155 6.124039 -4.696450
v -7.753641 4.185883 -0.707326
v -1.265562 4.916595 -4.726670
v -7.804964 2.600403 -0.876763
v -1.110846 3.616074 -4.821153
v -0.961708 2.290146 -5.242848
v -6.958941 14.082184 -2.640189
v -7.259470 15.653595 -2.777257
v -6.649878 15.615326 -3.869233
v -5.854383 15.594513 -4.515553
v -4.863623 15.582520 -5.210652
v -3.747248 15.590088 -5.695809
v -2.555765 15.592285 -5.953755
v -7.610964 17.252106 -2.912469
v -6.883001 17.190826 -4.083615
v -5.994917 17.267395 -4.864545
v -4.950651 17.237030 -5.502820
v -3.811960 17.260376 -5.897920
v -2.575773 17.264404 -6.161393
v -2.577204 18.977814 -6.368329
v -3.870268 18.963623 -6.165231
v -5.076075 18.950958 -5.836156
v -6.202925 18.908600 -5.271882
v -7.228830 18.849701 -4.356423
v -7.739603 18.839386 -3.060464
v -6.477369 14.038300 -3.602818
v -5.671274 14.004272 -4.335153
v -4.794291 13.923218 -4.976315
v -3.674562 13.945038 -5.466279
v -2.508947 13.950012 -5.693746
v -6.775457 12.527893 -2.436969
v -6.315042 12.386185 -3.252949
v -5.596861 12.393555 -4.055528
v -4.748594 12.310226 -4.716352
v -3.569651 12.328293 -5.157849
v -2.483870 12.333328 -5.417066
v -6.777723 10.977341 -2.116032
v -6.238512 10.845825 -2.982573
v -5.587492 10.774841 -3.653096
v -9.194345 29.180084 -1.527501
v -4.555140 10.596405 -4.444554
v -3.690889 10.895813 -4.861032
v -2.588781 10.539413 -5.095819
v -6.936056 9.450424 -1.827368
v -6.390940 9.390594 -2.605052
v -5.581568 9.131989 -3.400580
v -9.014944 28.634064 -3.023799
v -4.862638 9.278061 -3.987065
v -3.698751 9.277740 -4.597867
v -2.646936 8.626694 -4.828832
v -6.959307 8.211502 -1.736293
v -6.419329 8.169418 -2.516412
v -5.721159 7.999542 -3.206082
v -8.635180 27.345642 -4.477502
v -4.870226 7.724731 -3.775075
v -3.818129 7.928040 -4.363065
v -2.809919 7.523575 -4.659120
v -7.159933 7.098038 -1.425124
v -6.511625 7.030319 -2.389169
v -5.633123 6.683792 -3.195269
v -7.678511 29.915375 -1.607230
v -4.596750 6.754150 -3.850400
v -3.667662 6.486526 -4.249505
v -2.710302 6.444656 -4.541493
v -7.167662 5.725647 -1.573363
v -6.498781 5.722412 -2.566645
v -5.600214 5.529083 -3.258761
v -7.516607 29.292816 -3.108186
v -4.616983 5.438522 -3.826264
v -3.505060 5.290497 -4.239194
v -2.406439 5.149750 -4.563195
v -7.320204 4.201096 -1.771115
v -6.613630 4.226028 -2.749211
v -5.639727 4.234360 -3.516715
v -7.237902 27.855835 -4.556653
v -4.530146 4.112183 -4.007340
v -3.415449 4.015793 -4.423558
v -2.254057 3.864731 -4.664582
v -7.389555 2.606018 -1.917918
v -6.685671 2.644379 -2.923075
v -5.783571 2.669556 -3.877862
v -6.131639 30.427917 -1.649243
v -4.679972 2.675842 -4.643804
v -3.561342 2.625946 -5.059033
v -2.289648 2.482620 -5.203568
v 1.334133 0.559586 -5.737752
v -6.008043 29.883728 -3.182137
v 2.780464 0.523315 -5.727643
v -10.434572 28.423523 -1.451716
v -10.250162 27.942078 -2.921202
v -9.749540 26.663605 -4.254506
v -9.230639 25.135712 -5.076409
v -8.672083 23.483551 -4.973351
v -7.968962 1.393250 0.042552
v -8.264502 22.026550 -4.176675
v -0.152786 0.576904 5.507408
v -7.786657 20.586609 -3.208833
v -7.920557 1.349228 1.100767
v -7.544786 20.173248 -1.834456
v 1.261036 24.870972 5.162255
v 2.517261 24.967804 5.100192
v 9.618556 20.772675 -4.250569
v -7.800547 1.370926 -0.994006
v -1.256338 20.749023 -6.526177
v -2.583639 20.761261 -6.529737
v -3.915907 20.739349 -6.439446
v -5.222929 20.700531 -6.255059
v -5.762495 28.230652 -4.580178
v -6.453749 20.598785 -5.683030
v -7.455557 20.531891 -4.701932
v -1.259663 22.612183 -6.466058
v -2.600607 22.626892 -6.468194
v -3.953394 22.609802 -6.554189
v -5.327169 22.526062 -6.591672
v -6.628687 22.347778 -6.121430
v -7.650965 22.140350 -5.283406
v -1.270580 24.534515 -6.283223
v -2.627901 24.560791 -6.298684
v -4.008482 24.580963 -6.463109
v -5.414797 24.491577 -6.540849
v -6.779528 24.245483 -6.283769
v -7.894144 23.880951 -5.673154
v -1.266123 26.457947 -5.875039
v -2.657652 26.514313 -5.853772
v -4.108484 26.551849 -5.808190
v -5.563833 26.437134 -5.825452
v -6.960161 26.136261 -5.702874
v -8.219492 25.691132 -5.452233
v -4.842337 30.913879 -1.621331
v -4.359495 30.394958 -3.203427
v -1.227247 28.249054 -5.094510
v -2.658499 28.356049 -5.011224
v -4.233870 28.493286 -4.705907
v 8.908498 20.482025 -4.062036
v -2.584650 29.900055 -4.010888
v -1.149429 29.759247 -4.165395
v -7.880499 18.792206 -0.648522
v 8.342239 20.228302 -3.677222
v 0.008970 19.875336 6.323654
v -0.181873 1.735703 6.070993
v -7.943068 2.512711 0.156984
v 0.004713 18.347931 6.395066
v -7.889395 17.410187 -0.535771
v -7.592222 15.894714 -0.440913
v -0.161585 3.244629 5.859635
v -0.117008 4.879150 6.227218
v -0.166882 6.512360 6.148909
v -0.159567 8.025116 6.310226
v 0.006054 9.841278 6.488396
v 0.110416 11.745209 6.584438
v 0.001867 13.529785 6.574220
v -0.007210 15.079712 6.552670
v -0.004585 16.670532 6.495003
v -7.275740 14.347534 -0.342400
v -6.940443 12.754654 -0.239337
v -7.164877 11.256805 -0.083926
v -7.612768 9.763596 0.156076
v -7.621717 8.194138 0.188045
v -7.674082 6.820831 0.352161
v -7.602991 5.598373 0.503914
v -7.889200 4.068665 0.324382
v -7.273176 15.925751 0.628227
v -7.573435 17.455292 0.549347
v -7.793001 18.885956 0.309987
v -1.183874 18.250824 6.232846
v -1.210779 19.832581 6.280565
v -7.056501 14.325134 0.730713
v -1.157867 16.584778 6.204239
v -6.711596 12.764847 0.795650
v -1.130960 14.889679 6.206299
v -7.011114 11.255859 0.967253
v -1.099360 13.191177 6.204234
v -7.370199 9.716003 1.115713
v -1.068676 11.478104 6.171855
v -7.317720 8.142395 1.155080
v -1.078424 9.805344 6.162169
v -7.592512 6.739166 1.414143
v -1.214550 8.103745 6.212456
v -7.550940 5.325180 1.478194
v -1.177784 6.475952 6.119360
v -7.775305 3.816437 1.325819
v -1.230574 4.850250 6.037165
v -7.892523 2.356369 1.184944
v -1.272629 3.374268 5.762918
v 8.987634 21.530884 1.010013
v -1.268574 1.875320 5.979776
v -6.646025 14.360107 1.830761
v -6.869638 15.966034 1.781112
v -6.368265 16.024017 3.016985
v -5.540949 16.142914 4.131766
v -2.331549 28.259460 3.213294
v -4.740664 16.275299 5.244707
v -3.647821 16.370483 6.030149
v -2.350359 16.489044 6.011126
v -7.135454 17.518311 1.742226
v -6.519926 17.616760 2.954447
v -5.769209 17.754639 4.176983
v 8.770287 21.061066 0.764475
v -4.858797 17.894653 5.272254
v -3.713301 18.024414 6.056041
v -2.406534 18.138336 6.144339
v -2.456919 19.770905 6.216609
v -3.763578 19.673218 6.005081
v -4.969465 19.529816 5.321172
v -1.112118 27.930023 3.739966
v -5.913218 19.372528 4.211578
v -6.767660 19.194489 2.985039
v -7.443167 19.080566 1.697262
v -6.025766 14.434967 2.992415
v -5.406729 14.590088 4.113420
v -4.792154 14.640320 5.318287
v -3.561628 14.717926 5.785797
v -2.293352 14.814484 5.909434
v -6.362631 12.792480 1.876180
v -6.087278 12.904938 3.091927
v -5.591284 12.890457 4.317300
v 0.066236 27.062244 3.873841
v -4.734972 13.001419 5.118349
v -3.582045 12.901733 5.493169
v -2.231501 13.120804 5.818530
v -6.854559 11.330643 2.065907
v -6.427214 11.335815 3.210899
v -5.644487 11.339859 4.215219
v 3.849070 25.047302 4.877316
v -4.628679 11.327637 4.951856
v -3.304644 11.180984 5.359534
v -2.222525 11.285812 5.692235
v -6.939325 9.717896 2.125702
v -6.381685 9.715012 3.214468
v -5.543264 9.678604 4.196954
v -8.943296 28.907043 0.147371
v -4.466551 9.641647 4.875342
v -3.161863 9.451141 5.330980
v -2.130980 9.677795 5.717824
v -6.956438 8.138779 2.196907
v -6.360418 8.094315 3.270971
v -5.388952 7.906662 4.302968
v -8.319921 27.509888 1.517361
v -4.307016 7.860275 4.943090
v -3.301508 7.980759 5.424051
v -2.293337 8.095917 5.882467
v -7.298334 6.645645 2.442654
v -6.611601 6.493210 3.440324
v -5.723642 6.249252 4.183532
v 5.187894 24.857635 4.459367
v -4.461687 6.579453 4.954924
v -3.692049 6.472076 5.412179
v -2.389502 6.465393 5.946245
v -7.418867 5.145004 2.515719
v -6.474257 5.026138 3.482305
v -5.603319 5.043167 4.250687
v -7.369257 29.479218 0.049838
v -4.798647 4.900391 4.770247
v -3.378626 4.821976 5.492278
v -2.364916 4.808670 5.838802
v -7.613630 3.716095 2.407577
v -6.916422 3.686783 3.418553
v -5.982355 3.626373 4.049398
v -6.915197 28.066589 1.625069
v -4.697199 3.470535 4.714864
v -3.374228 3.377319 5.200092
v -2.460131 3.350601 5.473496
v -7.583216 2.316589 2.248869
v -7.005480 2.326065 3.308410
v -6.065134 2.286270 4.218850
v 3.883105 28.963837 1.805723
v -4.773375 2.165863 4.878154
v -3.645067 2.066925 5.337191
v -2.319567 1.953354 5.733969
v -3.665716 1.137558 -5.429475
v -2.390383 0.975372 -5.633706
v -5.811567 29.741028 -0.130206
v 12.659096 22.945892 -0.526810
v 6.426461 24.515778 3.896706
v 7.462903 24.059784 3.209739
v 12.472569 23.577545 -0.611436
v -10.310648 28.155609 0.187856
v -9.531031 26.827515 1.430548
v -6.651545 1.277298 -3.079129
v -8.621210 25.277954 1.839613
v -5.793707 1.246933 -4.068166
v -8.007532 23.869934 2.604731
v -7.902788 22.359894 2.414257
v -4.752337 1.217758 -4.949731
v -7.714018 20.872681 1.412155
v -7.776163 20.263367 0.248698
v -7.771624 19.995728 -0.786746
v 1.254345 26.550781 4.396370
v -7.327364 1.318069 -2.034163
v -1.231842 21.410248 6.323833
v 0.012972 21.343811 6.310275
v -2.525602 21.442383 6.341324
v -3.886541 21.380127 6.144380
v -5.254248 21.205994 5.620792
v -5.398417 28.499695 1.677440
v -6.435385 20.978088 4.641573
v -7.215925 20.835999 3.241549
v -1.215923 23.127594 5.956544
v 0.025892 23.039917 5.971243
v -2.498938 23.227814 5.975475
v -3.852152 23.216766 5.766507
v -5.204588 23.058472 5.319527
v -6.439352 22.804352 4.590404
v -7.373224 22.523590 3.562869
v -1.176104 24.870880 5.162985
v 0.041996 24.819733 5.182402
v -2.430101 24.971100 5.100718
v -3.759523 25.062561 4.879294
v -5.101385 24.895142 4.466653
v -3.726629 28.985535 1.822605
v -6.371405 24.593140 3.944772
v -7.434793 24.181213 3.284916
v -1.141073 26.551849 4.401785
v 0.055992 26.448059 4.458295
v -2.388929 26.737976 4.207074
v -3.752455 27.038666 3.754273
v -5.169859 26.786316 3.315137
v -4.980867 0.925903 4.642846
v -6.530527 26.367523 2.936889
v -7.640783 25.801819 2.343839
v 2.504309 26.730103 4.196801
v -4.491526 30.215149 -0.116254
v -6.250776 1.113922 4.176135
v 8.663630 25.152344 1.827735
v -3.633619 0.772644 4.917941
v 8.039609 23.542572 2.538117
v 7.824868 22.124603 2.451923
v 0.966673 0.571701 5.430521
v 7.674535 20.577423 1.453214
v -7.160040 1.238663 3.295873
v 7.751393 19.834320 0.399691
v 4.683884 30.197784 -0.114865
v 1.258429 21.411560 6.326967
v 7.257483 15.726990 0.775218
v 7.449575 17.019135 0.700402
v 7.650701 18.393219 0.406002
v 1.209867 18.258942 6.420933
v 1.230804 19.836060 6.325281
v 7.015144 14.228180 0.847560
v 1.191433 16.595490 6.547828
v 6.822521 12.737747 0.975793
v 1.170399 14.898132 6.639228
v 7.080879 11.358444 1.127338
v 1.167843 13.205643 6.680199
v 7.086465 9.760071 1.088966
v 1.219681 11.559692 6.676436
v 7.285081 8.443329 1.328928
v 1.250540 9.971786 6.541693
v 7.582026 7.043243 1.401067
v 1.099487 8.311111 6.279536
v 7.508084 5.540695 1.358534
v 0.951157 6.578415 6.069804
v 7.840114 3.943954 1.375269
v 1.008093 4.915604 6.148792
v 7.857983 2.321350 1.394930
v 0.967951 3.312805 5.778543
v 11.953539 24.111969 0.363767
v 0.943468 1.772232 5.933546
v 6.629975 14.285034 1.951539
v 6.858995 15.860657 1.856407
v 6.300153 15.971344 3.051714
v 5.582932 16.115387 4.225575
v 2.470602 28.247406 3.202780
v 4.784712 16.271698 5.335373
v 3.659307 16.382538 6.031596
v 2.398717 16.494446 6.321742
v 7.206347 17.157227 1.509221
v 6.630377 17.469269 3.022913
v 5.716913 17.701965 4.157784
v 12.213419 24.165741 -0.139188
v 4.818254 17.885681 5.219699
v 3.734179 18.028961 6.080280
v 2.439727 18.145172 6.284368
v 2.478154 19.774475 6.258057
v 3.775960 19.668243 6.005370
v 4.959846 19.497833 5.284018
v 1.245731 27.923492 3.733108
v 5.996242 19.284180 4.287158
v 6.714652 18.955902 3.168154
v 7.252795 18.833923 1.959231
v 6.163620 14.377808 3.184618
v 5.546051 14.507385 4.296157
v 4.699981 14.611115 5.360157
v 3.568306 14.727875 5.961013
v 2.361752 14.817322 6.383620
v 6.601850 12.797852 1.980340
v 6.162221 12.913498 3.214429
v 5.501548 12.851288 4.283885
v 4.556638 12.712784 5.219233
v 3.495113 13.089920 5.950877
v 2.405264 13.008835 6.420298
v 6.685577 11.406570 2.109619
v 6.075762 11.564056 3.205081
v 5.287551 11.442017 4.156580
v 3.873417 27.018097 3.741121
v 4.364109 11.332382 5.059570
v 3.460691 11.325531 5.804188
v 2.331213 11.405151 6.416785
v 6.733778 9.938156 2.141766
v 6.092794 10.014130 3.194736
v 5.219935 9.946808 4.125161
v 9.124543 28.831329 0.166595
v 4.271937 9.884201 4.992852
v 3.358958 9.794724 5.732426
v 2.119575 9.764465 6.312156
v 6.885399 8.269562 2.419150
v 6.073289 8.530441 3.406703
v 5.373176 8.345459 4.062696
v 8.463297 27.436859 1.525985
v 4.306807 8.302643 4.917445
v 3.135268 8.283646 5.608357
v 2.160403 8.248871 5.977336
v 7.156065 6.936478 2.329147
v 6.447027 7.028122 3.205873
v 5.444076 6.867401 4.111976
v 5.288473 26.747162 3.304170
v 4.412486 6.774597 4.811163
v 3.275970 6.697952 5.419458
v 2.094947 6.636841 5.829168
v 7.157102 5.425171 2.373977
v 6.433695 5.282928 3.393331
v 5.501148 5.254608 4.156438
v 7.568036 29.462341 0.083513
v 4.432682 5.143723 4.852848
v 3.334042 5.040710 5.524215
v 2.172519 4.965302 5.949211
v 7.422889 3.834503 2.399374
v 6.601067 3.828400 3.339108
v 5.578604 3.757355 4.084876
v 7.068084 28.018250 1.628553
v 4.445024 3.591721 4.640151
v 3.214303 3.465927 5.072368
v 2.072251 3.373932 5.496318
v 7.533767 2.242264 2.461096
v 6.873639 2.270401 3.491844
v 5.851388 2.231201 4.319381
v 11.591368 24.042084 0.751605
v 4.608943 2.080154 4.873812
v 3.346524 1.927841 5.294732
v 2.135044 1.824371 5.673600
v 11.215733 24.005707 1.031521
v 10.537459 23.930267 -4.107221
v 12.315865 24.161591 -0.698216
v 6.003182 29.718262 -0.113135
v -7.663557 1.304214 2.224570
v 12.184225 24.718689 -0.784089
v 12.081860 25.271210 -0.863875
v 6.642598 26.311798 2.922884
v 7.722953 25.720856 2.314001
v 3.396898 0.640411 4.988790
v 10.464909 28.032257 0.192872
v 11.776136 26.101471 -2.240851
v 9.651749 26.717224 1.424582
v 0.631321 18.054474 -6.420506
v 0.620302 17.197845 -6.404698
v 1.278954 18.054565 -6.470246
v 0.643677 18.924835 -6.394326
v -0.015657 18.052338 -6.396111
v 0.737976 1.536285 -5.476323
v 0.725328 0.593933 -5.731297
v 1.333914 1.512787 -5.481408
v 0.709595 2.040680 -5.313375
v 0.184359 1.574554 -5.468305
v 0.607580 16.351349 -6.360715
v 0.589434 15.515076 -6.294469
v 1.256727 16.345856 -6.389989
v -0.044502 16.360413 -6.325490
v 0.564228 14.688568 -6.208226
v 0.541838 13.866943 -6.107160
v 1.211658 14.681549 -6.213098
v -0.070049 14.703522 -6.177423
v 0.530567 13.046066 -6.001298
v 0.521751 12.228806 -5.888444
v 1.160309 13.038925 -5.978314
v -0.096224 13.059662 -5.991460
v 0.508842 11.415024 -5.767282
v 0.483791 10.591003 -5.634675
v 1.102959 11.412186 -5.719293
v -0.107674 11.415192 -5.782300
v 0.401953 9.748169 -5.451890
v 0.265862 8.917175 -5.247426
v 1.013241 9.779068 -5.422227
v -0.242315 9.687302 -5.457520
v 0.095747 8.089996 -5.052903
v -0.090549 7.326263 -4.884820
v 0.760368 8.159271 -5.022614
v -0.584229 7.997910 -5.051801
v -0.304388 6.637115 -4.721967
v 0.040352 5.987259 -4.692536
v 0.403345 6.576843 -4.674138
v -0.885284 6.593582 -4.728635
v 0.339354 5.363815 -4.700223
v 0.591011 4.839890 -4.763501
v 0.947063 5.281311 -4.683511
v -0.251223 5.395508 -4.716687
v 0.538820 4.089264 -4.881616
v 0.500635 3.284637 -4.916669
v 1.250813 4.093567 -4.888619
v -0.194851 4.118057 -4.854012
v 0.753839 2.651138 -5.030469
v 1.315605 2.871277 -4.974664
v 0.128048 2.761429 -5.004750
v 7.872378 17.733032 -1.439360
v 7.833241 17.106110 -1.286902
v 7.832951 17.816101 -0.523684
v 7.870340 18.372253 -1.538703
v 7.881050 17.772827 -1.846753
v 7.993015 1.904129 -0.138686
v 8.006903 0.906387 -0.103608
v 8.015415 1.911041 0.381120
v 7.971743 2.479691 -0.153495
v 7.913610 1.867874 -0.663832
v 7.779489 16.593384 -1.111480
v 7.690278 15.967407 -1.065713
v 7.673247 16.416351 -0.357323
v 7.758532 16.463867 -1.440434
v 7.536829 15.108246 -0.921319
v 7.291152 14.211121 -0.766110
v 7.434652 14.960480 -0.249165
v 7.466554 14.860992 -1.392537
v 7.062966 13.465912 -0.702246
v 6.970997 12.819107 -0.656098
v 6.984620 13.419342 -0.145713
v 7.026351 13.334152 -1.224335
v 7.100266 12.196564 -0.597386
v 7.231223 11.429245 -0.494897
v 7.155257 12.048401 0.020761
v 7.093540 11.941269 -1.051133
v 7.261959 10.582504 -0.531831
v 7.242014 9.863571 -0.618985
v 7.434465 10.630280 0.125381
v 7.111423 10.490585 -0.965520
v 7.249207 9.316193 -0.422210
v 7.305748 8.714554 -0.438746
v 7.306040 9.336731 0.201904
v 7.173821 9.214218 -0.851859
v 7.549888 7.971466 -0.422923
v 7.741294 7.377380 -0.216716
v 7.617161 7.803925 0.309591
v 7.495977 7.841278 -0.867942
v 7.696236 6.746567 -0.223237
v 7.661521 5.932190 -0.192727
v 7.687529 6.314301 0.391516
v 7.584241 6.449081 -0.639994
v 7.740027 5.016205 -0.164571
v 7.841002 4.128403 -0.161849
v 7.735126 4.959854 0.376771
v 7.685492 4.906906 -0.674874
v 7.916081 3.291336 -0.162570
v 7.947381 3.264450 0.353538
v 7.838204 3.277008 -0.686394
v 7.879698 17.799744 -2.359696
v 7.856001 18.499969 -2.460236
v 7.861853 17.829468 -2.972007
v 7.822110 17.212524 -2.160317
v 7.797585 1.812729 -1.204991
v 7.785864 2.408081 -1.222783
v 7.550119 1.753067 -1.728295
v 7.786404 0.795670 -1.163544
v 7.697123 16.441071 -2.064101
v 7.486615 16.257050 -2.692710
v 7.532542 15.566467 -2.058549
v 7.342812 14.787598 -1.983554
v 7.142336 14.743073 -2.591393
v 7.092425 14.028625 -1.886071
v 6.889298 13.262192 -1.802174
v 6.722890 13.197678 -2.368624
v 6.850610 12.518219 -1.696517
v 6.920341 11.792252 -1.556601
v 6.639469 11.668961 -2.069010
v 6.887525 11.086960 -1.480307
v 6.891253 10.382370 -1.445365
v 6.605214 10.247055 -1.962918
v 6.931987 9.674820 -1.411149
v 7.002591 8.904358 -1.366992
v 6.801369 8.658203 -1.772513
v 7.160987 8.095306 -1.340974
v 7.462599 7.490707 -1.104312
v 7.141302 7.356369 -1.527003
v 7.485972 6.900101 -1.088179
v 7.431421 6.245209 -1.091834
v 7.225329 6.132919 -1.504842
v 7.430392 5.571808 -1.134991
v 7.517471 4.861481 -1.201945
v 7.269096 4.803192 -1.693913
v 7.620540 4.064743 -1.227317
v 7.727724 3.235199 -1.233647
v 7.483131 3.175171 -1.759038
v 7.536270 17.876099 -3.555138
v 7.850341 18.662292 -3.748681
v 7.086652 17.935638 -4.079137
v 7.312901 17.096924 -3.415553
v 6.671547 17.956177 -4.623265
v 6.831774 18.787567 -4.779771
v 6.252234 17.953857 -5.188806
v 6.589736 17.109650 -4.558301
v 5.734501 17.965118 -5.655908
v 5.811420 18.827301 -5.754479
v 5.140561 17.987610 -5.997792
v 5.651426 17.113190 -5.557229
v 6.532679 27.161926 -5.231572
v 6.662536 28.009766 -4.566140
v 5.806435 27.307465 -5.249318
v 6.412011 26.260803 -5.782712
v 7.236734 26.975128 -5.190820
v 4.521677 18.007294 -6.278142
v 4.578561 18.875549 -6.376195
v 3.888103 18.025940 -6.491914
v 4.446323 17.161774 -6.130624
v 3.227098 18.047241 -6.543038
v 3.260039 18.913635 -6.668740
v 2.565840 18.055634 -6.529447
v 3.177966 17.204285 -6.366391
v 1.919655 18.054932 -6.510388
v 1.937975 18.928986 -6.547177
v 1.902487 17.196442 -6.443799
v 7.251957 1.704086 -2.256472
v 7.251536 2.301468 -2.275960
v 6.894694 1.661560 -2.776191
v 7.244555 0.683167 -2.231248
v 6.504962 1.620667 -3.294766
v 6.463342 2.223938 -3.276898
v 6.055710 1.583633 -3.788834
v 6.544980 0.592453 -3.310214
v 5.570078 1.558243 -4.273862
v 5.527214 2.184265 -4.198163
v 5.059388 1.539948 -4.698186
v 5.662553 0.544922 -4.364980
v 4.896541 25.534821 -6.290978
v 5.618426 25.444122 -6.283601
v 4.979871 26.487183 -5.840886
v 4.173252 25.568665 -6.233060
v 4.840975 24.520477 -6.536878
v 4.545626 1.520462 -5.021455
v 4.475513 2.100433 -4.918599
v 3.997677 1.484528 -5.253350
v 4.637080 0.523056 -5.169538
v 3.382664 1.497833 -5.409165
v 3.264127 2.039474 -5.278306
v 2.714851 1.498032 -5.490460
v 3.467098 0.518570 -5.623250
v 2.010948 1.499527 -5.494130
v 1.963123 2.081390 -5.309522
v 2.042639 0.534042 -5.741784
v 7.164490 16.301056 -3.318461
v 6.846016 16.290314 -3.913453
v 7.044318 15.496002 -3.268761
v 6.504003 16.281616 -4.479211
v 6.062838 16.274445 -5.003011
v 6.383860 15.471527 -4.362802
v 5.537072 16.280670 -5.418908
v 4.947318 16.309692 -5.701001
v 5.391503 15.470276 -5.239289
v 6.317275 25.317810 -6.202432
v 6.989058 25.152466 -6.077413
v 6.238893 24.333801 -6.435811
v 4.355448 16.335358 -5.945764
v 3.747864 16.360443 -6.106538
v 4.261720 15.519562 -5.753236
v 3.123172 16.373657 -6.193738
v 2.499110 16.365509 -6.273892
v 3.069124 15.549774 -6.025796
v 1.881276 16.352325 -6.351155
v 1.853746 15.519958 -6.240754
v 6.960220 14.692627 -3.209822
v 6.683860 14.670380 -3.746442
v 6.753004 13.918060 -3.063618
v 6.227934 14.671844 -4.199109
v 5.726452 14.672119 -4.627015
v 6.074262 13.869049 -4.008668
v 5.219728 14.679932 -5.010247
v 4.684884 14.697174 -5.306211
v 5.050724 13.890442 -4.792848
v 7.623383 24.947510 -5.905530
v 8.225607 24.710358 -5.716836
v 7.745873 25.870544 -5.592443
v 7.499235 23.997040 -5.972646
v 4.153819 14.716980 -5.541322
v 3.603176 14.730591 -5.728551
v 4.040121 13.921051 -5.326528
v 3.015971 14.730499 -5.862271
v 2.416873 14.715057 -5.988389
v 2.960930 13.914612 -5.710031
v 1.821751 14.694672 -6.119382
v 1.788267 13.873413 -5.989327
v 6.558105 13.138702 -2.864630
v 6.307123 13.090897 -3.352898
v 6.434439 12.316254 -2.667880
v 5.925538 13.077347 -3.823796
v 5.424095 13.086212 -4.253522
v 5.779317 12.302994 -3.674781
v 4.895210 13.098495 -4.609513
v 4.391023 13.112747 -4.882760
v 4.764465 12.297470 -4.439466
v 8.639830 24.455444 -5.337831
v 8.986745 24.214142 -5.037431
v 8.894071 25.315796 -5.251573
v 8.424480 23.598541 -5.253488
v 3.943717 13.124023 -5.127126
v 3.463092 13.119598 -5.361352
v 3.876145 12.328186 -4.945230
v 2.909330 13.099442 -5.561437
v 2.326343 13.078033 -5.710816
v 2.865645 12.285873 -5.413892
v 1.750740 13.055344 -5.852983
v 1.708963 12.239182 -5.722878
v 6.346288 11.600052 -2.595019
v 6.045053 11.560699 -3.106276
v 6.302954 10.893799 -2.539555
v 5.638307 11.534164 -3.575444
v 5.142272 11.521881 -3.992387
v 5.512082 10.801819 -3.528899
v 4.652832 11.532013 -4.307950
v 4.221629 11.550400 -4.551862
v 4.593987 10.804382 -4.191751
v 9.635237 27.627960 -3.693799
v 10.140686 27.257202 -3.599896
v 9.869809 28.221252 -2.978005
v 8.988701 27.987305 -3.756245
v 9.386849 26.925079 -4.364980
v 3.835610 11.556046 -4.791245
v 3.365042 11.527832 -5.051263
v 3.800735 10.782394 -4.662396
v 2.819118 11.489868 -5.276776
v 2.238598 11.452881 -5.445706
v 2.753070 10.745407 -5.163793
v 1.668114 11.424255 -5.597749
v 1.634096 10.620880 -5.477811
v 6.265589 10.159683 -2.521123
v 5.896604 10.120316 -3.054507
v 6.232313 9.638489 -2.554482
v 5.452134 10.135208 -3.487225
v 5.030503 10.160049 -3.814694
v 5.447765 9.703766 -3.455722
v 4.660688 10.132843 -4.044782
v 4.256531 10.066299 -4.268544
v 4.753267 9.419418 -3.898648
v 8.593515 29.327454 -2.323296
v 7.837558 29.711914 -2.380538
v 8.442244 28.904419 -3.042241
v 9.314684 28.923218 -2.264479
v 3.713068 9.897614 -4.571523
v 3.166993 10.137512 -4.895349
v 3.857962 9.038376 -4.376218
v 2.722166 9.992767 -5.042756
v 2.165878 9.896851 -5.200894
v 2.701526 9.208633 -4.914834
v 1.598579 9.821136 -5.343251
v 1.533947 9.022583 -5.166810
v 6.404985 8.786102 -2.332152
v 6.022981 8.782852 -2.838118
v 6.541266 8.028854 -2.212888
v 5.633539 9.136673 -3.267432
v 5.258816 8.845078 -3.533459
v 5.799962 8.325577 -3.080895
v 4.772447 8.650650 -3.812157
v 4.282491 8.554047 -4.085629
v 4.754360 8.146408 -3.792210
v 8.280916 28.308228 -3.802010
v 7.539303 28.585907 -3.829571
v 8.107779 27.578949 -4.536233
v 3.762085 8.462799 -4.365640
v 3.170979 8.654083 -4.654984
v 4.023850 7.886108 -4.186433
v 2.708106 8.463715 -4.784707
v 2.100250 8.321274 -4.909184
v 2.721343 7.759003 -4.666051
v 1.433205 8.226273 -4.967607
v 1.278721 7.494293 -4.807050
v 6.743265 7.518875 -2.010167
v 6.456555 7.707993 -2.353225
v 6.941495 6.748276 -1.848666
v 6.185230 7.657913 -2.692031
v 5.785834 7.597794 -3.114110
v 6.210392 6.967438 -2.731675
v 5.268564 7.508362 -3.498692
v 4.623243 7.470688 -3.859643
v 5.261357 6.768738 -3.545872
v 7.048758 29.982117 -2.398566
v 6.291941 30.266907 -2.422024
v 6.933918 29.541687 -3.131255
v 7.062275 30.106903 -1.623639
v 4.047813 7.239349 -4.152356
v 3.424541 7.090607 -4.379304
v 4.051299 6.499466 -4.165517
v 2.715908 6.958191 -4.519238
v 1.898791 6.886261 -4.539666
v 2.614985 6.138794 -4.512521
v 1.098833 6.764725 -4.570600
v 1.050407 6.016281 -4.627969
v 7.000922 6.040649 -1.860917
v 6.638768 6.320053 -2.303466
v 6.936358 5.499313 -2.033923
v 6.223472 6.213486 -2.825108
v 5.799483 6.102448 -3.254559
v 6.242170 5.450073 -2.966418
v 5.289216 5.991043 -3.627839
v 4.705897 5.858749 -3.965993
v 5.324018 5.277359 -3.776845
v 6.795609 28.830933 -3.848820
v 6.046240 29.070496 -3.881638
v 4.034021 5.635452 -4.280034
v 3.307724 5.697769 -4.472100
v 4.323525 4.844086 -4.379189
v 2.931754 5.454193 -4.579549
v 2.293710 5.481949 -4.626405
v 2.822382 4.898590 -4.712605
v 1.594860 5.431732 -4.640855
v 1.457186 4.749146 -4.775918
v 6.971784 4.751755 -2.160203
v 6.627824 4.713470 -2.623309
v 7.100072 3.955261 -2.268466
v 6.264150 4.667664 -3.102074
v 5.866284 4.586975 -3.560096
v 6.328167 3.845993 -3.186312
v 5.402530 4.459473 -3.959756
v 4.894581 4.291000 -4.301774
v 5.434077 3.664352 -4.036786
v 9.139815 26.154114 -4.904710
v 8.558789 26.480286 -5.038983
v 9.620952 25.832520 -4.778947
v 4.305870 4.098831 -4.608991
v 3.807677 4.176346 -4.716496
v 4.532836 3.348724 -4.653493
v 3.313439 4.147644 -4.808175
v 2.566074 4.114365 -4.916017
v 3.051809 3.320419 -5.042947
v 1.868667 4.120239 -4.899434
v 1.602123 3.468582 -4.959680
v 7.187325 3.125732 -2.279143
v 6.814705 3.080612 -2.772698
v 6.398167 3.033188 -3.242383
v 5.960673 2.973801 -3.696105
v 5.487726 2.901520 -4.109982
v 5.000010 2.820831 -4.472104
v 7.916762 26.752533 -5.132218
v 4.450916 2.765106 -4.778253
v 3.738450 2.612473 -5.047029
v 3.043202 2.556488 -5.165910
v 2.473679 2.702209 -5.126748
v 1.831177 2.767990 -5.060826
v 10.887018 27.862854 -2.141379
v 10.565525 28.192261 -2.196084
v 10.727636 27.531921 -2.845906
v 11.719397 25.813507 -2.651139
v 10.981049 28.012970 -1.411181
v 10.476130 26.960297 -3.530244
v 10.208634 26.278656 -4.150563
v 11.481529 26.459595 0.109241
v 9.979023 25.574280 -4.708066
v 9.599990 24.740997 -4.846410
v 11.625652 26.331604 -0.087388
v 9.184180 23.975800 -4.804208
v 8.911901 23.366180 -4.566606
v 11.741245 26.105621 -0.231591
v 8.629447 22.782959 -4.180268
v 8.460802 22.633911 -4.487149
v 8.351583 22.176514 -3.861504
v 11.575127 25.244690 -3.022107
v 8.169727 21.569611 -3.448298
v 8.102490 21.103607 -3.729459
v 7.940807 21.031464 -2.958281
v 7.935279 20.006866 -3.119424
v 7.653454 20.604187 -2.438096
v 7.685863 19.912994 -2.534314
v 7.658860 20.266571 -1.919453
v 7.977209 19.488403 -3.171607
v 7.717904 19.964386 -1.552768
v 7.750106 19.463806 -1.653115
v 7.870968 19.911133 -0.842892
v 7.959442 20.513336 -3.022744
v 10.015731 28.562042 -2.234580
v 10.079223 28.709778 -1.477555
v 7.817842 18.984558 -1.599433
v 7.783167 19.045258 -1.997090
v 7.876608 18.791748 -0.679427
v 7.758883 19.199982 -2.525603
v 7.811508 19.435028 -3.140834
v 0.657364 19.808502 -6.351037
v 1.304464 19.820221 -6.457559
v 0.668003 20.708405 -6.352414
v 0.051216 19.755096 -6.304215
v 1.957805 19.820251 -6.561940
v 2.616594 19.814728 -6.641938
v 1.979095 20.729218 -6.559297
v 3.291556 19.811890 -6.690614
v 3.963404 19.786011 -6.636781
v 3.285096 20.752899 -6.659417
v 4.627638 19.760864 -6.461213
v 5.280463 19.730652 -6.219934
v 4.671098 20.664917 -6.536016
v 5.556064 30.540741 -2.425322
v 4.920955 30.785156 -2.402369
v 5.415353 30.114532 -3.200127
v 5.621649 30.648071 -1.641944
v 5.883862 19.702728 -5.857892
v 6.440197 19.668213 -5.432736
v 5.964883 20.582886 -6.003934
v 7.035795 19.598022 -5.042649
v 7.572411 19.550903 -4.528024
v 7.181377 20.430237 -5.287267
v 7.732944 19.549591 -3.803174
v 7.807880 20.381561 -4.019307
v 0.680624 21.634644 -6.364636
v 1.336819 21.653717 -6.470426
v 0.693790 22.582367 -6.367070
v 0.034456 21.489563 -6.293534
v 2.002732 21.655334 -6.530633
v 2.669122 21.653046 -6.560468
v 2.027401 22.597504 -6.478372
v 3.340424 21.647125 -6.607091
v 4.024815 21.688110 -6.640721
v 3.372790 22.597900 -6.543302
v 4.709514 21.589722 -6.591386
v 5.392641 21.535553 -6.462106
v 4.748244 22.539124 -6.621713
v 8.267080 22.740997 -5.042897
v 7.872239 22.906128 -5.475503
v 8.106121 21.918274 -4.720288
v 6.055030 21.465576 -6.220418
v 6.699169 21.372772 -5.931520
v 6.122375 22.383179 -6.397355
v 7.249374 21.288788 -5.494046
v 7.636648 21.221649 -4.936532
v 7.300508 22.168335 -5.686143
v 7.967001 21.138672 -4.370782
v 0.708010 23.544006 -6.335927
v 1.375834 23.553558 -6.396619
v 0.721926 24.509338 -6.240891
v 0.053389 23.461670 -6.294076
v 2.051181 23.556000 -6.404965
v 2.725786 23.556732 -6.414411
v 2.071883 24.527588 -6.300321
v 3.405617 23.566681 -6.466378
v 4.098284 23.672607 -6.552461
v 3.439019 24.546295 -6.354009
v 4.790738 23.519165 -6.624948
v 5.486318 23.447571 -6.584702
v 4.445230 30.984039 -2.342244
v 4.057922 30.742737 -2.929168
v 4.585697 31.070587 -1.618022
v 6.170901 23.346069 -6.457921
v 6.820214 23.215515 -6.225137
v 7.387512 23.069061 -5.868806
v 0.730675 25.475494 -6.086080
v 1.404209 25.491425 -6.129502
v 0.733789 26.428955 -5.852979
v 0.065739 25.467468 -6.071431
v 2.087356 25.508759 -6.155141
v 2.775511 25.514557 -6.124650
v 2.096432 26.477295 -5.912335
v 3.475455 25.531860 -6.151502
v 3.517833 26.509094 -5.819036
v 0.731686 27.350708 -5.526132
v 1.401611 27.373627 -5.549977
v 0.723747 28.221558 -5.095067
v 0.074062 27.347198 -5.517400
v 2.096521 27.420135 -5.579911
v 2.815187 27.437744 -5.489491
v 2.080108 28.281372 -5.094968
v 3.560608 27.471100 -5.378835
v 4.317691 27.483917 -5.298490
v 3.599804 28.416840 -4.859372
v 5.066658 27.420166 -5.260449
v 5.165740 28.357880 -4.621442
v 5.277678 29.305481 -3.925553
v 4.480001 29.433014 -4.041776
v 3.414769 30.520966 -3.367852
v 2.666519 30.352631 -3.664416
v 3.598794 30.076416 -3.719544
v 1.962197 30.277100 -3.825345
v 1.299099 30.242218 -3.874196
v 2.006259 29.787079 -4.142400
v 0.682911 30.227081 -3.899403
v 0.088953 30.224335 -3.903931
v 0.692598 29.737762 -4.174718
v 0.708300 29.045471 -4.606465
v 0.083054 29.044281 -4.603364
v 1.355028 29.061951 -4.607453
v 2.047149 29.103027 -4.598298
v 2.805956 29.193939 -4.516702
v 3.638488 29.348999 -4.284352
v -0.645674 18.071655 -6.396447
v -0.643122 18.928589 -6.414861
v -1.266817 18.102020 -6.368981
v -0.654213 17.221680 -6.358296
v -0.368277 1.639313 -5.452020
v -0.366875 2.197678 -5.268922
v -0.962095 1.725479 -5.428857
v -0.390659 0.698853 -5.707707
v -0.660095 16.380249 -6.306420
v -1.273615 16.404114 -6.255284
v -0.663330 15.546448 -6.238069
v -0.662539 14.719177 -6.155164
v -1.259928 14.737762 -6.081334
v -0.664169 13.895569 -6.061372
v -0.674025 13.072021 -5.960725
v -1.242012 13.093445 -5.841828
v -0.686829 12.249802 -5.851388
v -0.693985 11.379013 -5.726644
v -1.178349 11.190430 -5.582410
v -0.746611 10.462311 -5.574388
v -0.893738 9.583801 -5.394612
v -1.493193 9.409164 -5.235532
v -1.060026 8.697937 -5.196866
v -1.319393 7.833237 -4.991334
v -1.966877 7.941208 -4.903699
v -1.298286 7.045197 -4.768285
v -1.323713 6.506546 -4.721990
v -1.730179 6.696030 -4.707242
v -1.110367 6.046570 -4.718946
v -0.864082 5.451355 -4.717072
v -1.441151 5.546478 -4.688054
v -0.609385 4.725296 -4.788560
v -0.714666 4.062286 -4.817754
v -1.168659 4.260010 -4.764676
v -0.564266 3.523468 -4.873704
v -0.438423 2.864609 -4.980016
v -1.024189 2.959244 -4.942681
v -7.958673 18.065765 -1.152455
v -7.930788 18.034332 -1.747069
v -7.880152 18.776855 -1.215981
v -7.935690 18.110443 -0.584277
v -7.969599 17.341614 -1.095271
v -8.152273 2.154037 -0.449380
v -8.073858 2.161209 -1.004328
v -7.902971 2.569336 -0.356850
v -8.226198 2.120468 0.088430
v -7.913916 1.389648 -0.473826
v -7.847410 16.593872 -1.044747
v -7.814146 16.521179 -1.626944
v -7.754171 16.662872 -0.488824
v -7.667505 15.825958 -0.997180
v -7.478632 15.048645 -0.953173
v -7.451487 14.975830 -1.511597
v -7.435678 15.134064 -0.393124
v -7.299891 14.266968 -0.907767
v -7.134981 13.545105 -0.888325
v -7.093599 13.435791 -1.399857
v -7.109148 13.540436 -0.292315
v -6.969961 12.801208 -0.794148
v -6.973555 11.999069 -0.720233
v -7.036310 11.911194 -1.254180
v -6.872847 11.978622 -0.177022
v -7.216127 11.247955 -0.599746
v -7.360598 10.490570 -0.455933
v -7.236841 10.401978 -0.959164
v -7.466368 10.548355 0.055127
v -7.463530 9.718811 -0.339204
v -7.510500 8.942505 -0.311730
v -7.407381 8.876633 -0.760854
v -7.621061 8.976471 0.174413
v -7.533918 8.172562 -0.281411
v -7.564653 7.480545 -0.207625
v -7.479204 7.538101 -0.675496
v -7.643148 7.476349 0.252237
v -7.628748 6.908234 -0.152348
v -7.640436 6.319855 -0.052211
v -7.587729 6.534485 -0.505643
v -7.645071 6.236786 0.468687
v -7.603170 5.668472 0.019178
v -7.699564 4.954208 -0.067794
v -7.590841 4.991867 -0.580699
v -7.754431 4.866226 0.435708
v -7.857866 4.146011 -0.186476
v -7.864256 3.311142 -0.275405
v -7.765898 3.350281 -0.792147
v -7.959562 3.246506 0.228044
v -7.902121 18.024292 -2.376233
v -7.855570 17.244293 -2.282561
v -7.812700 18.058746 -2.998259
v -7.796629 18.811859 -2.407679
v -7.922758 2.151932 -1.569226
v -7.612513 1.345001 -1.522103
v -7.637400 2.141006 -2.103129
v -7.660814 2.607147 -1.411044
v -7.675413 16.468964 -2.239850
v -7.502020 15.691589 -2.173238
v -7.430723 16.438568 -2.851159
v -7.322916 14.913574 -2.108821
v -7.145952 14.137207 -2.045155
v -7.102961 14.868042 -2.709740
v -6.991491 13.361694 -1.984320
v -6.906271 12.589249 -1.911978
v -6.845064 13.295227 -2.563691
v -6.926859 11.831085 -1.785372
v -6.987028 11.071747 -1.614415
v -6.740118 11.754288 -2.291655
v -7.084566 10.312012 -1.465707
v -7.182669 9.549866 -1.370200
v -6.854223 10.208450 -1.959513
v -7.247202 8.771271 -1.316581
v -7.242327 8.185394 -1.278573
v -6.944075 8.816254 -1.795819
v -7.238802 7.661423 -1.246115
v -7.381197 6.917252 -0.946587
v -6.991785 7.525452 -1.699103
v -7.448214 6.262634 -0.845355
v -7.418242 5.689133 -1.018681
v -7.192690 6.423065 -1.375609
v -7.460745 5.011200 -1.126174
v -7.574903 4.198547 -1.242953
v -7.241861 5.017090 -1.667794
v -7.632399 3.365768 -1.333983
v -7.380915 3.370148 -1.857236
v -7.525755 18.005005 -3.580647
v -7.257589 17.218719 -3.522990
v -7.056242 17.984467 -4.178571
v -7.543921 18.846954 -3.719868
v -6.565424 18.050201 -4.702966
v -6.461466 17.235779 -4.532514
v -6.108076 18.111694 -5.067704
v -6.741541 18.877136 -4.865258
v -5.594316 18.090515 -5.364465
v -5.486837 17.267029 -5.189168
v -5.011164 18.091248 -5.663529
v -5.680258 18.938690 -5.585343
v -6.385473 27.202789 -5.223107
v -7.092726 27.021790 -5.186830
v -6.274370 26.305176 -5.778764
v -5.657072 27.343872 -5.237393
v -6.505434 28.049591 -4.560826
v -4.441721 18.088135 -5.871511
v -4.417402 17.242676 -5.729371
v -3.840105 18.106689 -6.020665
v -4.464708 18.950958 -6.031114
v -3.211042 18.111969 -6.165856
v -3.189375 17.264252 -6.061448
v -2.576849 18.114319 -6.264283
v -3.232496 18.972595 -6.276269
v -1.917410 18.119171 -6.310456
v -1.919621 17.266388 -6.222337
v -1.914885 18.982269 -6.424809
v -7.320147 2.147446 -2.648837
v -7.006262 1.295334 -2.554391
v -6.911654 2.160156 -3.160044
v -7.081018 2.623886 -2.434697
v -6.444380 2.169708 -3.641093
v -6.243834 1.261078 -3.579224
v -5.941591 2.177887 -4.112565
v -6.252295 2.657623 -3.403197
v -5.363783 2.180557 -4.525159
v -5.295351 1.236725 -4.551473
v -4.767656 2.169968 -4.864007
v -5.249247 2.678986 -4.306100
v -4.768106 25.561310 -6.291459
v -4.709414 24.559570 -6.555963
v -4.053072 25.581879 -6.231866
v -4.838385 26.519714 -5.825406
v -5.483442 25.486969 -6.282689
v -4.186491 2.139099 -5.077127
v -4.214800 1.183289 -5.221478
v -3.607553 2.089081 -5.219804
v -4.134401 2.664383 -4.903779
v -2.988852 2.020020 -5.323426
v -3.054075 1.067871 -5.567586
v -2.328241 1.928848 -5.373567
v -2.943701 2.565063 -5.158437
v -1.634052 1.825378 -5.401483
v -1.680538 0.871338 -5.664586
v -1.614574 2.387756 -5.222138
v -7.103792 16.423126 -3.447596
v -6.972948 15.624756 -3.372721
v -6.757303 16.413879 -4.000100
v -6.356836 16.434998 -4.370389
v -6.274900 15.631592 -4.214429
v -5.914869 16.427521 -4.674203
v -5.398634 16.435760 -5.035810
v -5.359037 15.601593 -4.879743
v -4.903540 16.404663 -5.350247
v -6.186132 25.365204 -6.208192
v -6.111448 24.384308 -6.448449
v -6.860823 25.209229 -6.086816
v -4.383539 16.409149 -5.599130
v -4.342455 15.580750 -5.480161
v -3.780664 16.421661 -5.793939
v -3.171724 16.425507 -5.961469
v -3.156168 15.593628 -5.858567
v -2.569410 16.424713 -6.060739
v -1.917904 16.422943 -6.142571
v -1.911312 15.585907 -6.054555
v -6.851210 14.831970 -3.282929
v -6.750154 14.042023 -3.181948
v -6.560236 14.823944 -3.736329
v -6.198221 14.831482 -4.083924
v -6.099836 14.042450 -3.977219
v -5.748793 14.811310 -4.432233
v -5.287832 14.778168 -4.774732
v -5.252844 13.960968 -4.662213
v -4.843874 14.744110 -5.077054
v -7.495501 25.022247 -5.920339
v -7.383596 24.075287 -6.011991
v -7.615644 25.934723 -5.602174
v -8.059923 24.796478 -5.697312
v -4.309637 14.754456 -5.367703
v -4.267302 13.937531 -5.258080
v -3.715792 14.765015 -5.592557
v -3.131475 14.770020 -5.737634
v -3.096766 13.954712 -5.591725
v -2.532804 14.768219 -5.829244
v -1.898371 14.758240 -5.944654
v -1.882338 13.935699 -5.820333
v -6.653997 13.261337 -3.051446
v -6.570871 12.495804 -2.881213
v -6.342802 13.193741 -3.484072
v -5.965830 13.330872 -3.925874
v -5.966692 12.486771 -3.699923
v -5.615633 13.204819 -4.222753
v -5.238840 13.146011 -4.543084
v -5.224672 12.339905 -4.388669
v -4.801805 13.098770 -4.840543
v -8.573118 24.541656 -5.472150
v -8.343016 23.675903 -5.345101
v -8.785730 25.417816 -5.306817
v -8.932562 24.300201 -5.111882
v -4.217417 13.120102 -5.130429
v -4.170527 12.284882 -4.974843
v -3.624475 13.131882 -5.314546
v -3.056498 13.142578 -5.435365
v -3.026152 12.372559 -5.295808
v -2.485613 13.134186 -5.556100
v -1.871338 13.110916 -5.688172
v -1.861300 12.287979 -5.558610
v -6.502714 11.694534 -2.744706
v -6.523214 10.908020 -2.562608
v -6.221155 11.644592 -3.167956
v -5.920950 11.614517 -3.525576
v -5.945604 10.800720 -3.329858
v -5.592291 11.587204 -3.843034
v -5.178629 11.540848 -4.188134
v -5.117384 10.731354 -4.030072
v -4.678793 11.496872 -4.557225
v -9.486349 27.704468 -3.702275
v -9.250643 27.004181 -4.374970
v -8.830999 28.048737 -3.763982
v -9.706949 28.297241 -2.986653
v -10.001913 27.348450 -3.608130
v -4.037680 11.403061 -4.846070
v -4.064161 10.621628 -4.695981
v -3.479467 11.462357 -5.016122
v -3.045435 11.801788 -5.187505
v -3.176180 10.867706 -4.994489
v -2.637976 11.390594 -5.218106
v -1.906963 11.316559 -5.396527
v -1.981491 10.071930 -5.192872
v -6.578360 10.131348 -2.399384
v -6.666441 9.442139 -2.237492
v -6.329737 10.104767 -2.753369
v -5.993097 10.010620 -3.148654
v -5.980223 9.168335 -3.050025
v -5.546095 9.911530 -3.535022
v -4.996237 9.959763 -3.995328
v -5.260988 9.385742 -3.690926
v -4.595648 9.859833 -4.274144
v -8.419722 29.395782 -2.347646
v -8.474306 29.610474 -1.572964
v -9.139894 28.990814 -2.283404
v -8.269449 28.953491 -3.053815
v -7.653990 29.754883 -2.393908
v -4.267130 10.117752 -4.513867
v -4.296015 9.376389 -4.355092
v -3.759958 10.132309 -4.712853
v -3.166807 9.905914 -4.854028
v -3.181509 9.052521 -4.735421
v -2.579535 9.561234 -4.962056
v -2.061422 9.107056 -5.038114
v -2.160536 8.443466 -4.926965
v -6.739004 8.824051 -2.104878
v -6.691511 8.317230 -2.153231
v -6.437967 8.725006 -2.506444
v -6.133661 8.531616 -2.844434
v -6.092459 8.073868 -2.872508
v -5.810259 8.583038 -3.157216
v -5.317629 8.650406 -3.550137
v -5.264986 7.883560 -3.527226
v -4.725847 8.468369 -3.960770
v -8.117292 28.354462 -3.804585
v -7.955267 27.627838 -4.535531
v -7.375551 28.629181 -3.834439
v -4.092890 8.586197 -4.323331
v -4.416586 7.861877 -4.056409
v -3.603769 8.626190 -4.538449
v -3.237871 8.322250 -4.626298
v -3.288076 7.652908 -4.539414
v -2.896433 8.023331 -4.695081
v -2.476919 8.002625 -4.796662
v -2.322638 7.464142 -4.738095
v -6.723696 7.722504 -2.096955
v -6.936834 7.001434 -1.830737
v -6.356726 7.691147 -2.572266
v -6.081625 7.485092 -2.858374
v -6.079088 6.824677 -2.828669
v -5.688250 7.341660 -3.197909
v -5.225676 7.212997 -3.519709
v -5.111818 6.566452 -3.552296
v -4.741884 7.228851 -3.804291
v -6.870222 30.032379 -2.411641
v -6.760645 29.586853 -3.142085
v -6.110022 30.310852 -2.426280
v -4.242723 7.259079 -4.064912
v -4.176737 6.623108 -4.042607
v -3.722158 7.153183 -4.296033
v -3.148741 6.951004 -4.477639
v -3.240561 6.321350 -4.389775
v -2.638536 7.056458 -4.614594
v -2.218363 6.881516 -4.665666
v -2.130178 6.266937 -4.642201
v -6.892416 6.361588 -1.991914
v -6.895796 5.735245 -2.103759
v -6.509432 6.303574 -2.474204
v -6.065023 6.204193 -2.884392
v -6.047907 5.639725 -2.954407
v -5.607679 6.093643 -3.215379
v -5.231031 5.955215 -3.465400
v -5.140020 5.477341 -3.549060
v -4.716459 6.110733 -3.769013
v -6.630117 28.873108 -3.852387
v -5.879095 29.114807 -3.884999
v -4.133749 5.981903 -4.028741
v -4.047911 5.358047 -4.030194
v -3.607031 5.880417 -4.230100
v -3.088121 5.827606 -4.403485
v -2.958605 5.230362 -4.420491
v -2.540785 5.768906 -4.540933
v -1.990015 5.656540 -4.634931
v -1.846199 5.043991 -4.660138
v -6.937075 5.025940 -2.177890
v -7.015627 4.214310 -2.287665
v -6.520033 5.029099 -2.614737
v -6.050241 4.993866 -3.004626
v -6.154970 4.235886 -3.168595
v -5.581236 4.915344 -3.333750
v -5.092745 4.858002 -3.637633
v -5.086309 4.173462 -3.763978
v -4.537359 4.791748 -3.857445
v -9.015417 26.244598 -4.925702
v -9.527708 25.949799 -4.820405
v -8.424360 26.550140 -5.049745
v -3.980558 4.726181 -4.070596
v -3.974848 4.064789 -4.234776
v -3.430304 4.668274 -4.280751
v -2.872458 4.607483 -4.463052
v -2.841936 3.952103 -4.563375
v -2.305582 4.524734 -4.600541
v -1.733816 4.409393 -4.693677
v -1.668882 3.747513 -4.747773
v -7.074556 3.389725 -2.375634
v -6.673109 3.409943 -2.851022
v -6.235620 3.426270 -3.316014
v -5.755995 3.442322 -3.762635
v -5.211782 3.457367 -4.141290
v -4.628229 3.457077 -4.407544
v -7.776796 26.807404 -5.133340
v -4.052584 3.428116 -4.603833
v -3.468916 3.363678 -4.726396
v -2.868601 3.270554 -4.783776
v -2.250937 3.167175 -4.829862
v -1.629612 3.062180 -4.889150
v -10.742083 27.983551 -2.156188
v -10.801149 28.115082 -1.407391
v -10.586092 27.641174 -2.857596
v -10.405138 28.290436 -2.205516
v -10.347403 27.066254 -3.541167
v -10.091051 26.382965 -4.155236
v -9.889074 25.695557 -4.699029
v -9.529432 24.844482 -4.852834
v -9.119520 23.978333 -4.817037
v -8.806890 23.266418 -4.587281
v -8.565302 22.658142 -4.230447
v -8.416647 22.212372 -3.830956
v -8.452776 22.737610 -4.666741
v -8.209116 21.765686 -3.487206
v -7.928114 21.296417 -2.997540
v -8.025152 21.298218 -3.724797
v -7.633112 20.949829 -2.432908
v -7.560587 20.760529 -1.860593
v -7.537760 20.316284 -2.447404
v -7.581938 20.637512 -1.368331
v -7.671839 20.606445 -0.873576
v -7.585230 20.046448 -1.302548
v -9.841204 28.637787 -2.245675
v -9.899565 28.792877 -1.492272
v -7.670752 19.426880 -1.256074
v -7.796831 19.409637 -0.712252
v -7.596415 19.494781 -1.808964
v -7.609549 19.585938 -2.427253
v -7.715925 19.663849 -3.110514
v -0.606377 19.801239 -6.385571
v -0.612144 20.724640 -6.361627
v -1.261499 19.844452 -6.533948
v -1.918716 19.859772 -6.555497
v -1.916704 20.763855 -6.592885
v -2.580168 19.858734 -6.469621
v -3.247801 19.850464 -6.385694
v -3.257490 20.751770 -6.473229
v -3.894964 19.839935 -6.309545
v -4.499533 19.833008 -6.198800
v -4.544973 20.729004 -6.370664
v -5.151834 19.822815 -6.034917
v -5.375822 30.592560 -2.425412
v -5.430979 30.669067 -1.640595
v -5.237448 30.160095 -3.199855
v -4.738363 30.836182 -2.395259
v -5.765272 19.788177 -5.796540
v -5.851782 20.653381 -6.006009
v -6.334600 19.750793 -5.466527
v -6.889799 19.716064 -5.043229
v -6.990393 20.556610 -5.237271
v -7.331442 19.708984 -4.480180
v -7.646158 19.706573 -3.831967
v -7.776636 20.536438 -4.054517
v -0.605742 21.648285 -6.358609
v -0.600378 22.592712 -6.361672
v -1.256416 21.671997 -6.496343
v -1.922853 21.683990 -6.559907
v -1.931128 22.623566 -6.495835
v -2.589891 21.685974 -6.524434
v -3.265970 21.677826 -6.508069
v -3.276873 22.623596 -6.472730
v -3.936083 21.662170 -6.526952
v -4.591791 21.641113 -6.535710
v -4.632666 22.579498 -6.635171
v -5.281260 21.598419 -6.459180
v -8.156115 22.852112 -5.100759
v -8.013655 22.069458 -4.771867
v -7.760778 22.989166 -5.525411
v -5.933588 21.535736 -6.221021
v -6.005861 22.446381 -6.418405
v -6.544016 21.460052 -5.906056
v -7.085604 21.388275 -5.484845
v -7.183588 22.239288 -5.740037
v -7.555544 21.330475 -4.989705
v -7.888147 21.311310 -4.398370
v -0.598854 23.552032 -6.334870
v -0.600056 24.515411 -6.234906
v -1.265221 23.570129 -6.409513
v -1.940466 23.581268 -6.417733
v -1.948383 24.550873 -6.303971
v -2.613935 23.585999 -6.400064
v -3.294294 23.588867 -6.434880
v -3.315836 24.572205 -6.344235
v -3.976355 23.584259 -6.546647
v -4.666643 23.555817 -6.643914
v -5.364126 23.494568 -6.611867
v -4.254450 31.025146 -2.327201
v -4.390860 31.084595 -1.602832
v -3.868265 30.778503 -2.914895
v -6.051836 23.401886 -6.486405
v -6.700098 23.280670 -6.257249
v -7.284819 23.135834 -5.938100
v -0.598930 25.481201 -6.081746
v -0.593891 26.434845 -5.850881
v -1.271301 25.503235 -6.120252
v -1.953615 25.530884 -6.157159
v -1.954201 26.496521 -5.908044
v -2.643343 25.542450 -6.122598
v -3.344229 25.560699 -6.140950
v -3.378138 26.537048 -5.809011
v -0.583347 27.354858 -5.521230
v -0.566614 28.226013 -5.092668
v -1.252092 27.381439 -5.538796
v -1.945644 27.434753 -5.569207
v -1.921591 28.299316 -5.094403
v -2.665812 27.462891 -5.488252
v -3.411783 27.501953 -5.376847
v -3.441179 28.450531 -4.860639
v -4.167894 27.516937 -5.290498
v -4.916464 27.454468 -5.248822
v -5.006262 28.398468 -4.619130
v -5.108835 29.351196 -3.928254
v -4.310118 29.475128 -4.041574
v -3.233461 30.556580 -3.369780
v -3.421534 30.109222 -3.715955
v -2.489023 30.382538 -3.679488
v -1.782930 30.291931 -3.827718
v -1.831778 29.800049 -4.139081
v -1.120686 30.249451 -3.874150
v -0.504789 30.229095 -3.896462
v -0.519022 29.741119 -4.173867
v -0.542257 29.048706 -4.603581
v -1.188625 29.068115 -4.600186
v -1.879725 29.113831 -4.587773
v -2.637529 29.214630 -4.509748
v -3.469091 29.381409 -4.280976
v -0.594173 19.102203 6.310807
v -0.589682 18.313568 6.322907
v -1.197367 19.049713 6.258991
v -0.599770 19.860870 6.306365
v 0.007582 19.130432 6.350041
v -0.686996 1.412445 5.799253
v -0.686188 0.596710 5.467448
v -1.245300 1.452087 5.751454
v -0.704685 1.819626 6.045094
v -0.141094 1.365555 5.855268
v -0.586962 17.483429 6.341754
v -0.583881 16.630768 6.361772
v -1.171282 17.425873 6.216228
v 0.000078 17.516937 6.446993
v -0.579054 15.778564 6.380633
v -0.572754 14.938019 6.396041
v -1.143900 15.738068 6.201670
v -0.007652 15.853577 6.531761
v -0.564873 14.108917 6.406462
v -0.552908 13.276627 6.411739
v -1.116732 14.041962 6.208017
v -0.004255 14.314972 6.565312
v -0.530972 12.420715 6.410635
v -0.534931 11.555099 6.394027
v -1.081638 12.334808 6.192413
v 0.023811 12.709702 6.580068
v -0.556309 10.695663 6.366343
v -0.636387 9.972885 6.331119
v -1.070536 10.640396 6.152302
v -0.072565 10.881653 6.523785
v -0.528061 9.070221 6.346746
v -0.728619 8.257248 6.293160
v -1.133739 8.956726 6.192422
v 0.051264 8.810852 6.420694
v -0.699099 7.293320 6.220827
v -0.673201 6.426300 6.144277
v -1.368952 7.273041 6.182251
v -0.086599 7.206863 6.205308
v -0.711411 5.682892 6.134118
v -0.670462 4.865677 6.138370
v -1.261541 5.665665 6.069322
v -0.157749 5.704330 6.151444
v -0.705498 4.049393 5.945978
v -0.728022 3.236923 5.820971
v -1.272598 4.141449 5.895411
v -0.126303 4.082321 6.001860
v -0.689604 2.519547 5.829133
v -1.235313 2.562653 5.761641
v -0.144024 2.399048 5.869708
v -7.849718 18.154449 -0.037682
v -7.746027 17.442627 0.000482
v -7.877218 18.761688 -0.137772
v -7.710047 18.190796 0.510578
v -8.234118 2.068741 0.632121
v -7.991774 1.376556 0.565054
v -7.966433 2.431656 0.666894
v -8.181044 2.010818 1.186408
v -7.588366 16.693634 0.041757
v -7.447683 15.919220 0.090680
v -7.394258 16.704254 0.579186
v -7.325205 15.127441 0.145126
v -7.184057 14.331177 0.196601
v -7.194887 15.125305 0.687271
v -7.018785 13.544373 0.241018
v -6.856119 12.771637 0.282130
v -6.859106 13.541565 0.760020
v -6.802416 11.986832 0.341886
v -7.054605 11.246384 0.439263
v -6.717436 11.983871 0.862853
v -7.474047 10.552750 0.560886
v -7.601938 9.752457 0.634870
v -7.317190 10.524460 1.068822
v -7.559362 8.944824 0.642113
v -7.513529 8.165848 0.662647
v -7.320669 8.915146 1.121482
v -7.569956 7.441208 0.751698
v -7.649359 6.791946 0.900289
v -7.447016 7.421280 1.253262
v -7.664587 6.123535 0.979514
v -7.594866 5.448975 0.994471
v -7.663294 6.029190 1.491225
v -7.799070 4.739441 0.936870
v -7.826567 3.941147 0.822094
v -7.780272 4.606522 1.430203
v -8.034353 3.149826 0.737509
v -7.992632 3.051910 1.259746
v -7.528772 18.230927 1.119803
v -7.655512 19.080658 0.956638
v -7.275145 18.282562 1.739120
v -7.376451 17.480469 1.136531
v -8.024424 1.982132 1.751090
v -7.760733 2.322266 1.716172
v -7.731596 1.983215 2.280620
v -7.800856 1.325043 1.656766
v -7.182127 16.725250 1.146338
v -6.963846 16.751953 1.743851
v -7.075384 15.943420 1.189899
v -7.031805 15.136230 1.250313
v -6.827223 15.156158 1.833573
v -6.877497 14.335632 1.273745
v -6.657167 13.553436 1.282604
v -6.432432 13.576813 1.829274
v -6.545851 12.772644 1.319675
v -6.600271 11.997665 1.392979
v -6.515615 12.031708 1.967513
v -6.951853 11.293396 1.503927
v -7.148424 10.521912 1.587227
v -6.952555 10.517685 2.126514
v -7.155264 9.706329 1.613888
v -7.100431 8.918686 1.601654
v -6.913153 8.924805 2.129424
v -7.141603 8.140305 1.659407
v -7.276789 7.398727 1.772376
v -7.089731 7.380722 2.305732
v -7.515558 6.694550 1.927326
v -7.652884 5.955490 2.019197
v -7.400888 5.894882 2.518654
v -7.540644 5.223404 1.992679
v -7.675131 4.470062 1.965172
v -7.411753 4.417679 2.512530
v -7.676172 3.730865 1.852039
v -7.817213 2.992813 1.785668
v -7.526514 2.972061 2.287167
v -6.954676 18.339630 2.339996
v -7.156042 19.131348 2.361230
v -6.602732 18.403656 2.943931
v -6.834074 17.564667 2.340431
v -6.210722 18.485260 3.550530
v -6.352480 19.280579 3.606494
v -5.815546 18.567047 4.163246
v -6.154394 17.684357 3.566097
v -5.405481 18.639954 4.766090
v -5.466635 19.452698 4.798489
v -4.919420 18.711853 5.295871
v -5.347471 17.823730 4.760148
v -6.001181 27.475159 2.444500
v -6.172541 28.292725 1.661744
v -5.261557 27.689850 2.549398
v -5.861944 26.585602 3.124136
v -6.708807 27.246857 2.332380
v -4.356279 18.782471 5.724334
v -4.393568 19.605560 5.727915
v -3.735395 18.847626 6.024842
v -4.326838 17.961639 5.735274
v -3.081057 18.903992 6.160938
v -3.109236 19.727722 6.154148
v -2.430937 18.954834 6.189312
v -3.053316 18.081818 6.153734
v -1.806877 19.002228 6.212884
v -1.827244 19.804230 6.250535
v -1.786942 18.194153 6.162125
v -7.504400 1.979889 2.845877
v -7.375303 2.321960 2.806730
v -7.223295 1.958069 3.425682
v -7.452234 1.278488 2.772004
v -6.804640 1.924423 3.956205
v -6.574842 2.314499 3.785476
v -6.209539 1.882004 4.318407
v -6.756239 1.185257 3.773403
v -5.636835 1.833603 4.632810
v -5.429026 2.270630 4.565873
v -5.000814 1.762863 4.798274
v -5.640196 1.016815 4.473752
v -1.652718 28.397327 3.142334
v -1.076872 28.051544 3.384499
v -1.712503 28.047699 3.531855
v -2.232569 28.771851 2.794842
v -4.310205 1.707382 5.037617
v -4.198229 2.163666 5.125369
v -3.634169 1.615997 5.221366
v -4.305857 0.847046 4.782014
v -3.008810 1.515533 5.337893
v -2.980570 1.964203 5.540968
v -2.413271 1.513779 5.540136
v -3.008692 0.718384 5.038662
v -1.820938 1.531815 5.703470
v -1.781893 1.964050 5.882605
v -1.796852 0.643738 5.275047
v -6.701132 16.786438 2.347705
v -6.423532 16.826996 2.968248
v -6.645342 15.990387 2.397685
v -6.108511 16.878815 3.599419
v -5.712301 16.942230 4.193139
v -6.002569 16.074982 3.605384
v -5.234320 17.015625 4.718768
v -4.773207 17.083435 5.233332
v -5.091719 16.215912 4.659551
v -0.502455 27.744377 3.508674
v 0.069412 27.541615 3.533406
v -0.519611 27.248100 3.848501
v -4.308611 17.141418 5.767675
v -3.686583 17.198059 6.071923
v -4.289339 16.323517 5.787547
v -3.021326 17.256653 6.113337
v -2.378977 17.316467 6.079414
v -2.986753 16.430573 6.029752
v -1.765009 17.372284 6.110500
v -1.742472 16.539398 6.071362
v -6.556810 15.184052 2.429343
v -6.219873 15.225861 3.017110
v -6.356451 14.395203 2.407044
v -5.803381 15.280731 3.568879
v -5.375322 15.333038 4.114729
v -5.667734 14.473755 3.570098
v -5.074335 15.408966 4.697548
v -4.770887 15.464233 5.305387
v -5.200136 14.560638 4.762599
v -1.749119 27.409882 3.967439
v -1.132286 27.111313 4.096581
v -1.754124 26.628418 4.335580
v -2.387495 27.581116 3.729329
v -4.260523 15.501373 5.757669
v -3.603712 15.545074 5.917362
v -4.215513 14.668488 5.645636
v -2.951536 15.601746 5.933800
v -2.322241 15.654480 5.956895
v -2.914953 14.768433 5.843704
v -1.720453 15.699097 6.045560
v -1.699942 14.853577 6.031670
v -6.161749 13.606873 2.409123
v -5.906958 13.649750 3.005679
v -6.202131 12.809448 2.480860
v -5.738924 13.697754 3.562310
v -5.533667 13.764496 4.238190
v -5.901915 12.892456 3.731967
v -5.212881 13.724762 4.882488
v -4.843664 13.911194 5.219447
v -5.281054 13.097137 4.717465
v -0.530581 27.043564 4.151998
v 0.061996 26.851421 4.164776
v -0.540022 26.481110 4.442271
v -4.239370 13.746094 5.470133
v -3.532301 13.863892 5.652016
v -4.152494 12.993362 5.364674
v -2.878275 13.928253 5.756789
v -2.262835 13.970581 5.865562
v -2.856634 13.056625 5.667199
v -1.677851 14.005371 6.016512
v -1.653315 13.154388 5.996376
v -6.474073 12.091568 2.592864
v -6.327257 12.141373 3.178315
v -6.692522 11.341919 2.653955
v -6.068972 12.067520 3.673185
v -5.726221 12.141968 4.125133
v -6.064096 11.326492 3.730601
v -5.260565 12.250793 4.636375
v -4.772638 12.043793 4.961621
v -5.171431 11.328705 4.633950
v -9.381773 27.955963 0.925561
v -9.981230 27.588531 0.921759
v -9.698782 28.546173 0.184175
v -8.655764 28.298615 0.899455
v -8.980963 27.175201 1.480786
v -4.176744 12.242004 5.233522
v -3.552359 11.999420 5.378036
v -4.013014 11.305756 5.176654
v -2.884832 12.071884 5.555113
v -2.208345 12.248077 5.763369
v -2.755377 11.315857 5.517029
v -1.627426 12.299438 5.969069
v -1.606882 11.435379 5.936666
v -6.730970 10.517166 2.687482
v -6.438555 10.519226 3.232612
v -6.699396 9.724014 2.669492
v -6.048342 10.514252 3.746708
v -5.603224 10.506653 4.217447
v -5.986559 9.696609 3.729170
v -5.106005 10.500031 4.614038
v -4.541876 10.489059 4.911441
v -5.038122 9.665802 4.585645
v -8.367075 29.549408 -0.729853
v -7.552378 29.786774 -0.793835
v -8.188196 29.288696 0.146808
v -9.119253 29.160614 -0.699084
v -3.930429 10.438324 5.122964
v -3.386141 10.274414 5.270514
v -3.851011 9.562866 5.098121
v -2.693914 10.448196 5.494564
v -2.043928 10.404068 5.725722
v -2.586084 9.517776 5.535816
v -1.583965 10.569519 5.921269
v -1.596159 9.721802 5.947101
v -6.666201 8.921219 2.679528
v -6.332098 8.903229 3.217062
v -6.697351 8.126190 2.739928
v -5.940706 8.873230 3.729920
v -5.485998 8.835602 4.203256
v -5.949068 8.023346 3.790302
v -4.954607 8.836441 4.591279
v -4.373133 8.789078 4.882833
v -4.811300 8.146942 4.668640
v -7.905333 28.586884 0.873680
v -7.144735 28.848785 0.862293
v -7.632921 27.807587 1.573378
v -3.714911 8.604004 5.163620
v -3.151331 8.634232 5.389534
v -3.771006 7.772079 5.221991
v -2.709036 8.828674 5.559696
v -2.262278 8.989426 5.736526
v -2.853971 8.185791 5.601474
v -1.734512 8.809860 5.997910
v -1.704931 7.953766 6.118998
v -6.817751 7.350616 2.839997
v -6.466742 7.283829 3.367209
v -6.983728 6.590393 2.953112
v -6.003454 7.072754 3.899553
v -5.440447 7.017975 4.331650
v -6.263239 6.286209 3.799764
v -4.872747 7.309601 4.666104
v -4.438269 7.212875 4.924562
v -5.071268 6.406754 4.595400
v -6.751223 29.959045 -0.863074
v -6.010210 30.195526 -0.888316
v -6.565771 29.569550 -0.076873
v -4.031168 7.093338 5.169027
v -3.454424 7.208328 5.469167
v -4.061392 6.500015 5.207718
v -2.833754 7.385330 5.751460
v -2.371538 7.306152 5.980600
v -3.113016 6.467636 5.694996
v -1.944023 7.272690 6.090703
v -1.724716 6.467056 6.067365
v -7.061251 5.824112 3.000601
v -6.643435 5.739777 3.447527
v -6.996275 5.010178 2.992348
v -6.178621 5.660461 3.845485
v -5.763456 5.518005 4.153948
v -6.014391 4.992218 3.919360
v -5.251390 5.531586 4.493828
v -4.614172 5.693878 4.878725
v -5.273653 4.820343 4.479943
v -6.370790 29.022736 0.804085
v -5.596109 29.185028 0.751911
v -4.068075 5.929626 5.201419
v -3.534754 5.677597 5.478127
v -4.091085 4.902527 5.155477
v -2.894354 5.548355 5.745071
v -2.323061 5.547409 5.908732
v -2.867140 4.713974 5.686563
v -1.817055 5.646667 5.994334
v -1.795227 4.830597 5.945245
v -7.064909 4.305511 2.941972
v -6.664518 4.350189 3.327826
v -7.353064 3.701736 2.964213
v -6.217146 4.336182 3.769642
v -5.678629 4.357681 4.209736
v -6.471666 3.746841 3.762814
v -5.099829 4.222534 4.586827
v -4.590952 4.273361 4.880968
v -5.408533 3.563004 4.369743
v -8.538702 26.341278 1.803564
v -7.976290 26.674103 2.002621
v -8.129194 25.469910 2.056020
v -9.042910 26.030945 1.680963
v -4.188795 4.018280 5.057767
v -3.641123 4.067703 5.300402
v -3.980143 3.397522 5.006004
v -2.982771 3.990997 5.517632
v -2.367510 4.055862 5.699372
v -2.906351 3.365860 5.315286
v -1.793919 4.080933 5.807731
v -1.886980 3.338699 5.633726
v -7.239885 2.969910 2.797153
v -6.884943 2.966507 3.287076
v -6.421003 2.994797 3.764688
v -5.818556 2.903946 4.159402
v -5.251242 2.921768 4.409579
v -4.824327 2.713104 4.626345
v -7.372675 26.983948 2.191158
v -7.119928 26.097351 2.669365
v -4.266077 2.741272 4.853917
v -3.650675 2.708069 5.084715
v -2.989996 2.724594 5.301022
v -2.366625 2.627182 5.504318
v -1.789881 2.598358 5.656104
v -10.812120 28.094849 -0.633487
v -10.444704 28.407532 -0.644025
v -10.668543 27.819550 0.165424
v -10.335546 27.247681 0.862631
v -9.893419 26.515076 1.371335
v -9.404902 25.745972 1.615363
v -9.002485 25.070923 1.730269
v -8.798154 24.296015 1.924562
v -8.268728 24.567749 2.172888
v -8.354013 23.005930 2.116841
v -7.996969 23.117676 2.598311
v -8.263818 22.382111 1.934782
v -7.973509 21.862213 1.537865
v -7.803679 21.601410 1.943280
v -7.859701 21.416809 1.210703
v -7.806395 21.023254 0.706493
v -7.736845 20.474640 0.799192
v -7.796144 20.782806 0.167505
v -7.781984 20.652863 -0.316550
v -7.794340 20.112793 -0.218772
v -9.865068 28.797974 -0.663333
v -7.838446 19.421082 -0.187899
v -7.775251 19.612762 0.329749
v -7.713682 19.880249 0.778195
v -7.586248 19.986115 1.483062
v -0.605143 20.601654 6.312169
v -1.224302 20.609161 6.304935
v -0.607025 21.368378 6.312054
v 0.010288 20.595642 6.318257
v -1.851755 20.607056 6.290627
v -2.492731 20.592316 6.260345
v -1.869497 21.436646 6.351070
v -3.152975 20.560669 6.194430
v -3.819452 20.509857 6.053785
v -3.197779 21.423737 6.261765
v -4.477987 20.437225 5.812868
v -5.118711 20.343353 5.481295
v -4.575045 21.305328 5.922029
v -5.329405 30.461273 -0.873944
v -4.750223 30.701050 -0.853398
v -5.095186 29.973602 -0.129258
v -5.694891 20.241119 5.013689
v -6.201323 20.145081 4.439965
v -5.873079 21.091156 5.181113
v -6.654539 20.062561 3.792999
v -7.036646 19.980804 3.057191
v -6.911409 20.891479 3.992240
v -7.338545 19.857635 2.245032
v -7.472689 20.689026 2.317110
v -0.602337 22.203339 6.220485
v -1.227459 22.263123 6.229425
v -0.593390 23.069397 5.962798
v 0.018536 22.170380 6.218803
v -1.865234 22.308838 6.246649
v -2.522566 22.330872 6.226809
v -1.847475 23.181458 5.965515
v -3.197138 22.325012 6.147568
v -3.886221 22.293640 6.029108
v -3.171099 23.238739 5.899733
v -4.577566 22.224762 5.826154
v -5.252012 22.127625 5.538106
v -4.533331 23.152588 5.571115
v -4.820345 29.408966 0.741093
v -4.168043 29.670380 0.728751
v -4.591421 28.734344 1.699094
v -5.899355 22.011353 5.169423
v -6.497473 21.889069 4.706681
v -5.844175 22.937012 4.989066
v -6.985796 21.777039 4.119967
v -7.325933 21.681152 3.456069
v -6.963133 22.667358 4.112277
v -7.573507 21.600739 2.735250
v -7.665602 22.413116 2.984216
v -0.580164 23.955475 5.589540
v -1.197496 23.999664 5.579904
v -0.565208 24.835083 5.176717
v 0.033955 23.934326 5.594806
v -1.822481 24.047699 5.573071
v -2.464029 24.097900 5.557078
v -1.795206 24.915924 5.143377
v -3.125463 24.128113 5.475766
v -3.799017 24.127716 5.350618
v -3.086950 25.034271 5.012237
v -4.472902 24.068939 5.164919
v -5.136953 23.971344 4.933236
v -4.439119 25.011932 4.701351
v -3.056295 27.831696 3.336484
v -3.750223 27.985138 2.908261
v -2.981646 28.588898 2.696741
v -3.055502 26.913361 3.991848
v -5.794752 23.856750 4.680215
v -6.452589 23.733521 4.421084
v -5.747446 24.752411 4.212947
v -7.000395 23.559845 4.019859
v -7.408945 23.354248 3.533475
v -6.947302 24.408875 3.638794
v -0.551664 25.678833 4.788802
v -1.156839 25.730011 4.763142
v 0.049303 25.654755 4.799291
v -1.771839 25.788391 4.730808
v -2.406424 25.867767 4.669800
v -3.064852 25.967712 4.533548
v -3.742201 26.025391 4.355790
v -4.431929 25.972351 4.157679
v -5.109137 25.834564 3.928176
v -4.467112 26.973450 3.534765
v -2.812052 29.050171 2.200755
v -3.342218 29.440491 1.458986
v -5.767599 25.659454 3.689424
v -6.378061 25.443878 3.409834
v -6.909678 25.215851 3.099442
v -7.380308 24.994934 2.808587
v -7.826677 24.684143 2.532171
v -7.729948 23.872070 3.005042
v -7.722956 23.191711 3.060684
v -4.330679 30.895599 -0.842953
v -4.078981 30.423492 -0.126450
v -3.758478 29.921021 0.658027
v -4.492052 27.902557 2.659752
v 0.611355 19.105652 6.369255
v 0.618349 19.862762 6.331446
v 1.219215 19.055573 6.363917
v 0.604567 18.318909 6.429621
v 0.408150 1.350388 5.824890
v 0.366331 1.763443 6.032263
v 0.977133 1.328171 5.813585
v 0.396408 0.573074 5.491991
v 0.597515 17.490051 6.498019
v 1.201082 17.435638 6.485564
v 0.589931 16.638275 6.560910
v 0.582140 15.785034 6.610953
v 1.180534 15.748505 6.602571
v 0.576832 14.940979 6.642097
v 0.574921 14.112091 6.659814
v 1.163912 14.049500 6.663675
v 0.580750 13.291214 6.669924
v 0.617895 12.470245 6.678202
v 1.192963 12.381256 6.690614
v 0.737194 11.751526 6.683825
v 0.642145 10.765182 6.621250
v 1.327711 10.841568 6.626307
v 0.676142 9.730743 6.556359
v 0.537672 8.991058 6.458436
v 1.024996 9.187149 6.467037
v 0.466753 8.147461 6.320846
v 0.398432 7.340942 6.192724
v 0.967772 7.401108 6.140381
v 0.389666 6.543213 6.119248
v 0.404909 5.728271 6.108905
v 0.972458 5.751785 6.047534
v 0.439365 4.893982 6.232512
v 0.429623 4.092850 5.999436
v 0.990986 4.106827 5.955715
v 0.417583 3.294357 5.849669
v 0.402962 2.495895 5.812591
v 0.951151 2.514008 5.728434
v 7.650245 17.702454 0.229585
v 7.539175 17.736328 0.639526
v 7.723977 18.212189 0.070836
v 7.561294 17.057587 0.335086
v 8.020942 1.880630 0.898529
v 7.934168 1.833908 1.422508
v 7.970158 2.399109 0.882716
v 8.007809 0.954590 0.924406
v 7.471765 16.382385 0.373006
v 7.359118 16.375092 0.733269
v 7.379986 15.700531 0.372337
v 7.286325 14.985748 0.345678
v 7.159919 15.007507 0.806640
v 7.147247 14.222382 0.340183
v 6.902957 13.471298 0.391771
v 6.814044 13.469070 0.896979
v 6.888705 12.743484 0.500995
v 7.070191 12.061234 0.625665
v 6.975078 12.066635 1.066828
v 7.197780 11.486130 0.750288
v 7.236628 10.699524 0.700352
v 7.050844 10.546799 1.189077
v 7.171880 9.868927 0.759032
v 7.205923 9.144516 0.808781
v 7.132713 9.162567 1.219085
v 7.350490 8.466568 0.893058
v 7.564504 7.799652 0.963077
v 7.504971 7.745270 1.390181
v 7.658735 7.101624 0.986002
v 7.617636 6.371689 0.955920
v 7.531023 6.311615 1.387574
v 7.627347 5.613052 0.907831
v 7.714572 4.827286 0.869920
v 7.645267 4.753433 1.355397
v 7.908499 4.021927 0.862838
v 7.930289 3.191086 0.866599
v 7.818151 3.105804 1.371460
v 7.384591 17.581787 1.115128
v 7.332623 16.926514 1.044337
v 7.231527 17.969604 1.727090
v 7.491899 18.612976 1.085003
v 7.765827 1.794846 1.952864
v 7.795484 0.936646 2.001766
v 7.572283 1.776978 2.496720
v 7.724293 2.266541 1.921447
v 7.217672 16.437012 1.180611
v 7.087396 15.788666 1.282464
v 7.021504 16.565155 1.751683
v 6.990408 15.040649 1.346472
v 6.837127 14.248535 1.387104
v 6.792561 15.078461 1.923275
v 6.683912 13.455948 1.459291
v 6.735010 12.676453 1.451079
v 6.523437 13.529327 2.057362
v 6.822403 12.018509 1.618715
v 6.922323 11.251526 1.545021
v 6.633046 12.232758 2.178416
v 6.871000 10.768036 1.670096
v 6.939587 9.998611 1.572668
v 6.744652 10.589615 2.003028
v 6.997260 9.163589 1.740613
v 7.157496 8.307175 1.888190
v 6.745886 9.095963 2.361863
v 7.424886 7.597046 1.783172
v 7.422187 6.989838 1.861401
v 7.167856 7.652435 2.205319
v 7.375026 6.248642 1.872909
v 7.366463 5.476028 1.859637
v 7.145244 6.185349 2.357984
v 7.526199 4.699112 1.873500
v 7.676841 3.888550 1.888561
v 7.319124 4.626984 2.429729
v 7.685095 3.051285 1.887724
v 7.482864 3.026688 2.417790
v 6.990910 18.168457 2.457584
v 6.988996 17.364410 2.196811
v 6.716784 18.277100 3.086852
v 6.996075 18.939514 2.654808
v 6.356419 18.371490 3.671473
v 6.182076 17.601654 3.610889
v 5.851916 18.482300 4.210548
v 6.419684 19.175995 3.683418
v 5.365478 18.592651 4.727758
v 5.266095 17.796570 4.692215
v 4.848994 18.691467 5.191652
v 5.516657 19.385956 4.845070
v 6.137608 27.432465 2.441242
v 6.844569 27.198975 2.334038
v 5.981185 26.543091 3.119363
v 5.400514 27.656158 2.546541
v 6.330204 28.257355 1.669764
v 4.335774 18.775726 5.674924
v 4.339428 17.963867 5.744066
v 3.752840 18.847931 6.040418
v 4.370668 19.594025 5.665005
v 3.103681 18.908234 6.201581
v 3.079138 18.088074 6.205252
v 2.457211 18.960571 6.271480
v 3.127177 19.728912 6.176131
v 1.832929 19.008362 6.328362
v 1.820260 18.201508 6.363898
v 1.848865 19.808319 6.303177
v 7.290197 1.787766 3.023641
v 7.370199 0.941635 3.089051
v 6.930840 1.802170 3.525773
v 7.240922 2.251999 2.986183
v 6.466287 1.790161 3.970080
v 6.583579 0.932220 4.013974
v 5.899003 1.746719 4.307365
v 6.412798 2.267395 3.952511
v 5.288548 1.679474 4.597360
v 5.393046 0.814667 4.587298
v 4.637666 1.599701 4.815399
v 5.240315 2.163879 4.615558
v 1.794530 28.376575 3.126325
v 2.379426 28.754639 2.782037
v 1.847458 28.037170 3.521288
v 1.217251 28.036011 3.372762
v 3.986034 1.531586 4.989678
v 4.044757 0.685562 4.867015
v 3.377028 1.457932 5.252259
v 3.970589 1.998001 5.086624
v 2.777466 1.390640 5.485199
v 2.777123 0.611282 5.102871
v 2.164836 1.360565 5.601844
v 2.743592 1.869522 5.515347
v 1.568928 1.329819 5.742551
v 1.564175 0.584045 5.324677
v 1.535059 1.791122 5.812715
v 6.746142 16.673004 2.405246
v 6.602863 15.915375 2.452646
v 6.431562 16.728668 3.008826
v 6.072038 16.820618 3.622064
v 5.965627 16.039032 3.656131
v 5.637465 16.911621 4.177183
v 5.216394 16.998627 4.722450
v 5.188507 16.197845 4.772867
v 4.809930 17.084808 5.282237
v 0.641874 27.744560 3.512637
v 0.652643 27.245049 3.845991
v 4.333138 17.149933 5.797689
v 4.292624 16.327606 5.801104
v 3.701990 17.206635 6.072222
v 3.050170 17.265320 6.190818
v 3.019237 16.439453 6.177232
v 2.419058 17.323059 6.297112
v 1.807165 17.379974 6.411517
v 1.793490 16.547150 6.460882
v 6.555885 15.120514 2.526496
v 6.416243 14.332733 2.556240
v 6.267200 15.175110 3.136558
v 5.945229 15.238220 3.734064
v 5.868253 14.439362 3.783158
v 5.566679 15.316193 4.277284
v 5.163111 15.387939 4.821641
v 5.165584 14.528625 4.842478
v 4.741403 15.447449 5.361621
v 1.874187 27.404114 3.959282
v 2.514584 27.570465 3.717294
v 1.867825 26.623596 4.325684
v 1.257078 27.108871 4.090010
v 4.228597 15.501038 5.758980
v 4.163967 14.674225 5.708673
v 3.611065 15.555756 5.988484
v 2.987227 15.608887 6.172913
v 2.962005 14.772675 6.180934
v 2.378762 15.659515 6.351420
v 1.779304 15.706818 6.507284
v 1.766064 14.860718 6.546633
v 6.352323 13.603943 2.645560
v 6.411917 12.903564 2.619216
v 6.133050 13.590576 3.206490
v 5.852732 13.687500 3.786448
v 5.850540 12.925827 3.770238
v 5.515370 13.697968 4.369250
v 5.131506 13.748871 4.894482
v 5.088683 12.986420 4.788273
v 4.687243 13.687103 5.273765
v 0.655077 27.043777 4.148915
v 0.652472 26.481018 4.439415
v 4.107997 13.834625 5.666574
v 4.052038 12.954865 5.621481
v 3.542529 13.917358 5.948219
v 2.963147 13.941132 6.192038
v 3.033321 13.257980 6.172534
v 2.358959 13.955811 6.411576
v 1.757607 14.007996 6.576892
v 1.761982 13.139938 6.599346
v 6.448678 12.166092 2.670417
v 6.379902 11.462402 2.734646
v 6.156816 12.150192 3.200915
v 5.780706 12.125839 3.720911
v 5.722590 11.472672 3.654283
v 5.370445 12.136948 4.235823
v 4.934912 12.126266 4.716310
v 4.831769 11.399521 4.626290
v 4.526403 11.977844 5.074862
v 9.542516 27.866577 0.946841
v 9.117322 27.085052 1.490251
v 8.823283 28.228729 0.920929
v 9.873872 28.453644 0.202899
v 10.118614 27.467194 0.918432
v 4.030407 11.991531 5.489089
v 3.900850 11.087082 5.419285
v 3.454326 12.204254 5.913452
v 2.827614 12.357239 6.249605
v 2.921885 11.411545 6.145288
v 2.208370 12.102676 6.498676
v 1.748211 12.271622 6.617510
v 1.766753 11.448318 6.595185
v 6.520056 10.715439 2.476929
v 6.450338 9.993164 2.685489
v 6.136953 10.830032 3.080970
v 5.692557 10.735687 3.639057
v 5.680860 9.975372 3.668494
v 5.236713 10.699554 4.124473
v 4.758198 10.664902 4.582907
v 4.738869 9.928284 4.572608
v 4.288704 10.593216 5.003593
v 8.560411 29.493774 -0.710080
v 9.302219 29.083954 -0.680150
v 8.371319 29.212891 0.155561
v 7.762090 29.791473 -0.763558
v 3.916681 10.433533 5.314783
v 3.828548 9.835617 5.379262
v 3.547430 10.535858 5.640185
v 3.065916 10.561401 5.977312
v 2.771494 9.658249 6.036653
v 2.492316 10.560364 6.270286
v 1.841315 10.537888 6.497528
v 1.700184 9.817673 6.454199
v 6.406049 9.368637 2.863791
v 6.503724 8.562912 2.889847
v 6.102687 9.262360 3.273757
v 5.686189 9.231583 3.716603
v 5.677495 8.585800 3.784818
v 5.197080 9.141785 4.171701
v 4.708698 9.269821 4.616272
v 4.848139 8.443207 4.494470
v 4.293977 9.142487 4.994722
v 8.073275 28.522705 0.880689
v 7.782320 27.749481 1.580676
v 7.319755 28.803589 0.873901
v 3.808692 9.077347 5.392882
v 3.720711 8.309082 5.316390
v 3.285915 9.008530 5.711826
v 2.832244 8.872452 5.889729
v 2.630896 8.377808 5.834450
v 2.345552 8.991714 6.088751
v 1.653797 9.037231 6.306643
v 1.678724 8.096344 6.098134
v 6.782403 7.602783 2.741261
v 6.878685 6.804550 2.735302
v 6.353798 7.876022 3.201625
v 5.899585 7.815598 3.654799
v 5.938057 6.923569 3.708034
v 5.402952 7.664597 4.086329
v 4.911551 7.624161 4.455566
v 4.941233 6.823761 4.467438
v 4.432167 7.536469 4.785620
v 6.947762 29.942047 -0.841523
v 6.760854 29.558075 -0.047438
v 6.197495 30.150299 -0.880086
v 3.898209 7.545776 5.125420
v 3.854816 6.730087 5.138971
v 3.339819 7.521225 5.402697
v 2.715292 7.564346 5.654104
v 2.679747 6.668472 5.637329
v 2.108455 7.448334 5.856478
v 1.543428 7.420670 6.025380
v 1.521429 6.607880 5.980758
v 6.832795 6.159637 2.840427
v 6.861414 5.383392 2.889506
v 6.428009 6.140747 3.316746
v 5.959870 6.100174 3.757970
v 5.943194 5.376450 3.819809
v 5.462991 6.063660 4.145404
v 4.947845 6.013870 4.491666
v 4.973490 5.196396 4.505445
v 4.409642 5.961853 4.828365
v 6.551047 29.001740 0.827404
v 5.776513 29.167908 0.769520
v 3.853060 5.910583 5.146748
v 3.885804 5.090591 5.197542
v 3.279239 5.866089 5.418010
v 2.693908 5.830719 5.639155
v 2.760022 4.999039 5.776568
v 2.117490 5.801392 5.839554
v 1.541683 5.774780 5.963022
v 1.586321 4.938919 6.057590
v 6.972744 4.615662 2.982470
v 7.052055 3.829712 2.883862
v 6.571594 4.574570 3.378018
v 6.090361 4.571564 3.748608
v 6.101646 3.778214 3.757315
v 5.555058 4.484406 4.118384
v 5.017735 4.422272 4.453166
v 5.043831 3.666809 4.381478
v 4.458776 4.350372 4.783400
v 8.647486 26.252289 1.785723
v 9.145379 25.929138 1.676712
v 8.206608 25.417877 2.015439
v 8.092636 26.596924 1.986103
v 3.886763 4.283951 5.097944
v 3.822766 3.525345 4.855096
v 3.305466 4.228027 5.371089
v 2.713182 4.186676 5.575319
v 2.635432 3.415405 5.297725
v 2.128672 4.154694 5.738577
v 1.555645 4.128342 5.864578
v 1.519358 3.338837 5.664116
v 7.155378 3.026382 2.923501
v 6.751038 3.034714 3.401303
v 6.257425 3.019196 3.815995
v 5.678329 2.979980 4.123561
v 5.067966 2.884491 4.347761
v 4.448208 2.804306 4.579550
v 7.503394 26.924133 2.190791
v 7.219045 26.028625 2.642283
v 3.830310 2.732544 4.816363
v 3.221842 2.668625 5.040530
v 2.631594 2.616150 5.247042
v 2.061069 2.573898 5.442904
v 1.502069 2.538895 5.603897
v 10.944103 27.947266 -0.629355
v 8.469191 20.037994 0.184608
v 10.807087 27.684875 0.168042
v 10.636173 28.307190 -0.632422
v 10.458981 27.118958 0.859287
v 8.403523 19.627167 -0.007462
v 10.004479 26.398376 1.371002
v 9.498559 25.633575 1.606140
v 8.537158 20.423706 0.375438
v 9.011794 24.880524 1.717880
v 8.687881 24.150726 1.907633
v 8.905245 17.550323 0.230960
v 8.341105 23.539001 2.157669
v 8.413185 24.321136 2.082746
v 8.077260 22.839600 2.318903
v 8.022671 22.166168 1.944751
v 7.880497 22.747986 2.689080
v 8.959301 17.213516 0.271926
v 7.931012 21.608002 1.546645
v 7.842016 21.133514 1.251076
v 7.752539 21.354919 1.959540
v 8.678398 18.587463 0.084619
v 7.807221 20.686157 0.799308
v 8.209757 21.369659 0.392471
v 7.814463 20.373444 0.339099
v 7.702684 20.119171 0.888779
v 7.835778 20.167206 -0.061063
v 8.315634 21.163239 0.405316
v 7.794820 19.613861 -0.000630
v 10.048757 28.714050 -0.645104
v 7.765311 18.889771 0.001394
v 7.688614 19.150909 0.450782
v 7.634057 19.491211 0.865074
v 7.495942 19.673676 1.544113
v 0.625984 20.602631 6.320669
v 0.633190 21.369232 6.313758
v 1.245586 20.610992 6.317842
v 1.872925 20.609314 6.304800
v 1.895573 21.436798 6.344769
v 2.512373 20.593567 6.269296
v 3.170542 20.558594 6.196591
v 3.226236 21.419342 6.275853
v 3.834441 20.500488 6.048402
v 4.488781 20.415070 5.802275
v 4.601061 21.279755 5.922545
v 5.132371 20.304932 5.478079
v 5.515557 30.415771 -0.874594
v 5.284762 29.946198 -0.124383
v 4.938695 30.664612 -0.860175
v 5.701724 20.195709 5.006178
v 5.897567 21.039856 5.185572
v 6.171674 20.099731 4.406963
v 6.616064 19.983398 3.779100
v 6.853352 20.814636 3.959662
v 6.953984 19.708984 3.014270
v 7.234399 19.536987 2.293202
v 7.405627 20.430450 2.316080
v 0.639807 22.203644 6.218150
v 0.645733 23.069641 5.961967
v 1.265707 22.263458 6.227139
v 1.903753 22.309052 6.249541
v 1.901970 23.180725 5.966175
v 2.562112 22.329865 6.236340
v 3.236406 22.317322 6.145511
v 3.227241 23.230774 5.900875
v 3.926875 22.279358 6.031422
v 4.618456 22.199066 5.828979
v 4.591076 23.128845 5.576337
v 5.292008 22.088837 5.541845
v 4.999028 29.388550 0.744501
v 4.750986 28.712341 1.696856
v 4.347028 29.651276 0.722738
v 5.938757 21.959351 5.176230
v 5.901271 22.887238 4.994511
v 6.532534 21.821655 4.710904
v 6.973934 21.684296 4.098825
v 7.012891 22.571075 4.109228
v 7.270838 21.534302 3.438750
v 7.513448 21.393890 2.736280
v 7.618212 22.203308 2.999024
v 0.648495 23.955780 5.589351
v 0.649498 24.835327 5.176213
v 1.266720 24.000061 5.580309
v 1.892867 24.047729 5.575308
v 1.881105 24.915192 5.142979
v 2.535390 24.093445 5.555140
v 3.197520 24.119354 5.474228
v 3.175167 25.025269 5.009277
v 3.871760 24.112701 5.350483
v 4.546118 24.044861 5.165910
v 4.528625 24.986755 4.698295
v 5.208453 23.934540 4.930807
v 3.186740 27.817047 3.317382
v 3.174731 26.902466 3.982811
v 3.123393 28.562988 2.674613
v 3.884239 27.968140 2.886228
v 5.857255 23.801971 4.661756
v 5.823901 24.697632 4.190359
v 6.504327 23.661713 4.386367
v 7.065833 23.470978 3.999138
v 6.972198 24.305817 3.560443
v 7.451041 23.219818 3.514286
v 0.650637 25.678772 4.787326
v 1.256620 25.729614 4.760866
v 1.872751 25.787018 4.728676
v 2.508269 25.861359 4.662745
v 3.168603 25.957031 4.526748
v 3.847960 26.008698 4.349930
v 4.536214 25.944031 4.148042
v 4.586064 26.939880 3.518016
v 5.211524 25.796936 3.919152
v 2.965591 29.026642 2.181210
v 3.504232 29.410126 1.434479
v 5.866123 25.612732 3.678072
v 6.473537 25.390717 3.399124
v 7.007000 25.142700 3.076636
v 7.471071 24.900116 2.764145
v 7.948936 24.610535 2.421981
v 7.759190 23.704102 2.956112
v 7.721181 22.981293 3.058391
v 4.525366 30.874695 -0.850466
v 4.272250 30.412262 -0.128346
v 3.934767 29.895020 0.640766
v 4.631261 27.875000 2.650613
v 7.784232 20.910065 -1.021924
v 7.775404 21.558136 -2.388041
v 8.234362 17.204163 -1.448964
v 7.733901 21.363342 -2.552838
v 8.902623 22.095123 1.197708
v 9.571684 23.276245 1.379180
v 10.293923 24.520142 1.366409
v 10.557257 24.549896 -4.171292
v 8.728783 22.156677 -4.084973
v 9.769442 23.317413 -4.516759
v 11.828268 18.131866 -3.745873
v 12.114729 18.208130 0.731161
v 11.307484 20.582428 -3.927640
v 11.365074 20.569550 1.003038
v 11.482473 23.362640 0.936750
v 11.541967 23.300568 -3.437268
v 7.835246 19.348419 -1.287539
v 11.244921 21.806183 1.127963
v 11.264833 21.856445 -3.836617
v 11.671719 24.657593 0.516793
v 11.693708 24.598755 -3.017842
v 9.721359 20.115021 -4.294118
v 10.360862 17.707794 -4.305364
v 9.841653 20.026001 1.061125
v 10.646791 17.710663 0.843423
v 11.725307 19.311646 0.811491
v 10.026052 18.836700 -4.374459
v 13.460255 19.894531 -1.240134
v 11.549250 19.276550 -3.860310
v 7.965603 18.505035 -1.387799
v 11.751183 25.640961 0.040668
v 11.812012 25.623901 -2.538771
v 11.164499 25.953003 -3.336434
v 11.083717 25.995270 0.832557
v 11.407320 26.909668 -0.182933
v 11.477068 27.145691 -1.242478
v 11.435093 26.882111 -2.306172
v 11.661415 26.536987 -0.521230
v 11.685747 26.553711 -1.932704
v 11.692945 26.654572 -1.237805
v 12.426014 23.535736 -1.250157
v 12.719667 22.274078 -1.240046
v 13.038265 21.149445 -1.221846
v 13.837902 18.775330 -1.252122
v 12.221523 24.703278 -1.259444
v 11.988581 25.788422 -1.247346
v 8.096981 18.908752 -3.286935
v 10.263232 18.834503 1.052895
v 12.568232 22.235840 0.288667
v 12.834532 21.073639 0.363862
v 13.225910 19.808380 0.340606
v 13.599070 18.692139 0.302648
v 12.459040 20.939819 -2.777192
v 12.279270 22.111694 -2.732049
v 12.717274 19.636810 -2.714822
v 13.000332 18.492493 -2.642926
v 10.596432 23.260590 -4.039002
v 8.265976 18.297607 -3.360335
v 9.655902 21.560699 1.150095
v 12.331923 23.565979 0.026139
v 12.206980 23.449707 -2.459296
v 10.491645 23.284302 1.314701
v 9.657671 21.616119 -4.249646
v 11.150366 24.560303 -3.622622
v 11.557858 25.901825 -2.853934
v 12.096863 24.726257 -0.311394
v 11.914719 25.790283 -0.591079
v 11.493679 25.934509 0.355268
v 11.049099 24.598724 1.045204
v 12.096439 24.671143 -2.195323
v 11.952845 25.775818 -1.902461
v 8.369917 17.133301 -2.807839
v 8.044636 18.249756 -2.705933
v 9.066566 17.337555 -3.934129
v 9.425062 17.319244 0.639616
v 9.178314 18.599396 0.569914
v 8.615667 17.158882 -0.154295
v 7.560775 21.247986 -2.009972
v 8.313927 20.789093 -3.668378
v 8.038736 21.515015 -3.071074
v 8.222621 19.443573 -0.334327
v 8.589544 21.355408 0.763322
v 8.281133 20.451172 0.053296
v 8.103567 21.099335 0.012653
v 7.655141 20.401337 -2.362748
v 8.417086 19.620880 -3.709244
v 8.733429 18.437500 -3.901883
v 7.791769 19.414093 -2.534453
v 8.355070 18.519806 -0.369393
v 8.685026 19.651825 0.309613
v 8.767543 20.644073 0.640805
v 7.702415 19.885223 -1.899012
v 7.706219 19.932129 -2.462645
v 8.046368 19.844299 -0.538159
v 8.412933 17.722870 -3.405749
v 8.057596 20.325897 -0.376769
v 8.230980 19.949158 -0.170781
v 8.041386 19.280182 -0.722796
v 8.367451 17.456797 -0.654974
v 8.600327 17.199890 -3.423068
v 8.161179 18.445618 -0.752894
v 8.582592 17.480713 -0.216170
v 8.449913 17.157604 -0.499041
v 7.994324 21.216614 -0.225285
v 8.083226 21.323822 0.121610
v 7.958071 20.992126 -0.426991
v 7.823620 20.972015 -2.793998
v 8.563738 21.784790 0.976002
v 8.693402 22.303650 1.285836
v 8.742604 21.682312 1.002345
v 8.381403 21.460815 0.662501
v 8.971590 22.741760 1.430413
v 9.251102 23.304108 1.493765
v 9.234598 22.648865 1.346283
v 9.533922 23.935577 1.493516
v 9.851192 24.551392 1.495478
v 9.941272 23.931061 1.391012
v 8.320746 22.005585 -3.314513
v 8.025185 21.768738 -2.811616
v 8.353027 21.771667 -3.598342
v 8.655542 22.325867 -3.820306
v 9.045776 22.787170 -4.267007
v 9.228475 22.687744 -4.427159
v 9.497896 23.352203 -4.571626
v 9.956160 23.947754 -4.657479
v 10.201310 23.940918 -4.395463
v 10.323690 24.583221 -4.485391
v 9.620549 22.549957 -4.364884
v 10.140748 23.280334 -4.276986
v 9.019847 21.908539 -4.243192
v 10.172968 22.485596 -4.202859
v 9.607545 22.519684 1.273423
v 10.014456 23.271057 1.306347
v 10.099311 22.425842 1.256604
v 9.259954 22.059143 1.205893
v 10.674955 22.450104 1.296979
v 10.994751 23.308746 1.213024
v 11.345499 22.577728 1.079333
v 10.466688 21.642487 1.246120
v 7.990271 18.290222 -2.143862
v 7.915735 18.838104 -2.626130
v 11.954754 24.024841 -2.830689
v 11.951736 23.374939 -3.013972
v 12.153803 24.076721 -2.328507
v 11.936258 24.638184 -2.638476
v 11.630644 23.966888 -3.229808
v 9.876468 17.892090 0.870400
v 9.338384 17.679169 0.616081
v 9.711163 18.822357 0.935616
v 10.481982 18.191467 0.924643
v 9.951068 17.432938 0.840966
v 10.956715 18.467926 -4.188684
v 11.681028 18.684601 -3.800626
v 10.804371 19.060852 -4.223416
v 10.182773 18.241852 -4.368756
v 11.117350 17.922516 -4.130242
v 9.471268 18.038788 -4.273400
v 9.340124 18.617096 -4.262319
v 8.875188 17.864838 -3.941933
v 9.660956 17.509857 -4.252080
v 11.167360 18.486664 0.847146
v 10.966251 19.042633 0.941510
v 11.919252 18.744202 0.772323
v 11.365238 17.958862 0.779145
v 10.800772 22.512726 -3.991055
v 11.077108 23.266571 -3.768162
v 10.533814 21.742950 -4.132588
v 11.395943 22.574799 -3.663924
v 11.273514 23.941650 -3.550067
v 11.421822 24.575531 -3.331464
v 10.910706 23.933044 -3.840985
v 11.909130 22.675690 -3.220513
v 11.881676 21.989410 -3.384335
v 12.241426 22.774017 -2.611310
v 11.024260 25.278717 0.970487
v 10.693699 24.548859 1.228182
v 10.702316 25.258484 1.178907
v 11.316092 25.976257 0.578505
v 11.288372 25.300171 0.752689
v 8.481403 21.466125 -3.885865
v 8.122366 21.167511 -3.359971
v 8.866561 21.122040 -4.092172
v 9.042714 20.443695 0.772329
v 8.761494 20.171631 0.512758
v 9.106923 20.965851 0.901495
v 9.505845 20.604736 0.999311
v 9.156226 19.887665 0.725681
v 13.373196 20.562439 -0.394650
v 13.588888 19.934082 -0.407243
v 13.023598 20.440582 0.359649
v 13.175032 21.191376 -0.392264
v 13.236378 20.520721 -1.227561
v 11.915085 21.378540 -3.455958
v 12.003551 20.782959 -3.465005
v 12.351288 21.522675 -2.775588
v 11.237711 21.204407 -3.916783
v 11.888346 25.268951 -0.103936
v 11.841021 25.760345 -0.253445
v 12.006435 25.277039 -0.478383
v 11.925695 24.699738 0.136161
v 11.720720 25.262909 0.232850
v 10.288163 25.277313 1.382410
v 10.730614 26.029510 1.085331
v 11.104748 26.621979 -3.098387
v 10.873392 26.001801 -3.639512
v 11.359003 26.514526 -2.843135
v 11.245817 27.070953 -2.484313
v 11.518888 26.432159 -2.587714
v 11.385067 25.932678 -3.079499
v 11.647722 26.319763 -2.379067
v 11.569111 26.741333 -2.100846
v 11.928740 25.237946 -2.404242
v 11.887753 25.750793 -2.234454
v 11.766968 25.231903 -2.736760
v 12.047607 25.249847 -2.034775
v 11.822641 26.266144 -0.936707
v 11.787540 26.221069 -0.603637
v 11.682583 26.631226 -0.900569
v 11.834726 26.267944 -1.240456
v 11.968874 25.796631 -0.920775
v 11.053177 26.679321 0.592178
v 11.233826 27.120941 -0.010529
v 11.303169 26.555176 0.345783
v 10.628677 25.292480 -4.135392
v 10.914934 25.246643 -3.833920
v 11.160845 25.243317 -3.552365
v 10.863028 24.541565 -3.898209
v 11.373705 25.255890 -3.286746
v 11.521223 25.284637 0.512832
v 11.373089 24.627502 0.809886
v 11.643282 25.826721 0.148908
v 10.783234 19.629456 1.097469
v 10.078506 19.427490 1.107799
v 10.603909 20.208496 1.204958
v 11.529081 19.936035 0.895908
v 11.315817 27.339966 -0.641097
v 11.358667 27.402954 -1.264075
v 11.450296 27.091095 -0.717957
v 11.338406 27.318359 -1.874804
v 11.472404 27.079742 -1.769364
v 8.163801 17.534210 -2.172686
v 8.151746 17.532806 -1.436030
v 8.289972 17.131042 -2.226886
v 8.211962 17.620178 -2.746949
v 9.461574 19.285614 0.839989
v 8.925778 19.164215 0.428371
v 13.779242 19.360046 -0.420285
v 13.959391 18.815369 -0.430932
v 13.417891 19.235809 0.324340
v 13.664986 19.324310 -1.250361
v 11.565290 26.878479 -0.815726
v 11.576658 26.915680 -1.238169
v 11.541222 26.737061 -0.365975
v 11.573244 26.878418 -1.656609
v 11.688971 26.642426 -1.564131
v 12.412121 22.840210 -1.933293
v 12.565878 22.899017 -1.245866
v 12.332699 23.495087 -1.860741
v 12.503416 22.198029 -1.988894
v 12.260496 24.106354 -1.798850
v 12.189108 24.688751 -1.732424
v 12.313244 24.131531 -1.256621
v 12.110594 20.127045 -3.433577
v 12.198805 19.469910 -3.350754
v 12.589834 20.290192 -2.759919
v 11.420658 19.927277 -3.905507
v 12.994104 21.751434 -0.412898
v 12.688101 21.649231 0.345792
v 12.844114 22.319672 -0.456237
v 12.872459 21.712616 -1.228816
v 12.102713 25.254089 -1.647504
v 11.980349 25.783661 -1.573294
v 12.120756 25.262360 -1.253581
v 11.833080 26.263306 -1.538806
v 11.809200 26.218201 -1.864096
v 10.652596 19.701263 -4.249269
v 3.527310 31.455597 -2.095641
v 3.275489 31.372162 -2.516906
v 2.883060 31.300018 -2.842562
v 3.618446 31.279114 -0.848786
v 2.384548 31.258728 -3.138331
v 3.415035 30.885040 -0.178540
v 1.817842 31.215332 -3.301141
v 3.116677 30.423126 0.455823
v 1.225941 31.195953 -3.407727
v 2.749241 29.996368 1.054331
v 0.653015 31.184906 -3.465239
v 2.312218 29.645905 1.583356
v 0.091356 31.180054 -3.473958
v 1.851936 29.394745 2.016488
v -0.469433 31.190399 -3.472466
v 1.409161 29.088459 2.329925
v -1.040367 31.208862 -3.423211
v 0.952772 28.779266 2.547539
v -1.629833 31.236389 -3.318402
v 0.489372 28.498466 2.695019
v -2.195734 31.291870 -3.164246
v 0.074139 28.315540 2.758279
v -2.690092 31.339447 -2.861157
v -0.339329 28.502342 2.694618
v -3.072515 31.398163 -2.504205
v -0.802254 28.790009 2.544597
v -3.326124 31.479431 -2.072295
v -1.260008 29.113361 2.335408
v -1.704672 29.448608 2.045480
v -3.435072 31.319977 -0.819741
v -2.167376 29.725250 1.641600
v -3.241884 30.931427 -0.137831
v -2.613859 30.106079 1.149905
v -2.970671 30.513000 0.535119
v 3.504323 31.401855 -2.076880
v 3.255413 31.325256 -2.483527
v 2.864341 31.259644 -2.801219
v 3.595615 31.228180 -0.874392
v 2.369908 31.223633 -3.090722
v 3.395113 30.840851 -0.215058
v 1.809226 31.184723 -3.249476
v 3.099136 30.380157 0.416803
v 1.220451 31.168060 -3.354163
v 2.734788 29.951813 1.015813
v 0.650896 31.158752 -3.410565
v 2.300939 29.599213 1.546334
v 0.091040 31.154663 -3.418916
v 1.842140 29.346680 1.980867
v -0.468071 31.164734 -3.417546
v 1.400297 29.040760 2.293552
v -1.035536 31.181641 -3.369218
v 0.945770 28.732910 2.509067
v -1.622019 31.206512 -3.266188
v 0.484987 28.453392 2.654689
v -2.181520 31.257202 -3.116114
v 0.073978 28.271076 2.717021
v -2.670080 31.298737 -2.820647
v -0.335527 28.457207 2.654316
v -3.051615 31.350769 -2.472214
v -0.796389 28.743622 2.506006
v -3.304083 31.425507 -2.053349
v -1.252720 29.066303 2.297887
v -1.695488 29.402283 2.007443
v -3.410791 31.269684 -0.845288
v -2.154680 29.681610 1.601376
v -3.218039 30.888031 -0.172829
v -2.595278 30.064423 1.109805
v -2.947462 30.471313 0.497722
v 4.015201 31.075836 -2.237077
v 3.661392 30.914185 -2.743525
v 3.139788 30.776855 -3.103406
v 4.149837 30.941376 -0.872243
v 2.543910 30.691833 -3.391236
v 3.938859 30.534363 -0.168978
v 1.905134 30.624268 -3.534207
v 3.629762 30.057068 0.510928
v 1.272171 30.591309 -3.619050
v 3.241545 29.614441 1.184504
v 0.673138 30.572968 -3.661174
v 2.765465 29.250061 1.800311
v 0.089815 30.565399 -3.662818
v 2.241036 28.978455 2.315664
v -0.493044 30.577087 -3.663979
v 1.710144 28.645496 2.690843
v -1.091570 30.601807 -3.627249
v 1.169590 28.312744 2.939163
v -1.723082 30.642944 -3.543635
v 0.621952 28.012566 3.103523
v -2.362455 30.723907 -3.410804
v 0.071678 27.816212 3.180560
v -2.956110 30.818115 -3.116828
v -0.478697 28.018333 3.103153
v -3.463701 30.944916 -2.728194
v -1.025473 28.325500 2.934886
v -3.816584 31.104309 -2.216014
v -1.564377 28.667530 2.690345
v -2.092669 29.019470 2.329054
v -3.959288 30.971283 -0.854838
v -2.612410 29.305267 1.831491
v -3.749926 30.556793 -0.151507
v -3.089643 29.692719 1.246133
v -3.463076 30.114929 0.558789
v -8.659853 23.376709 1.893017
v -8.215666 22.290924 1.344102
v 0.071543 27.856312 3.237933
v -8.329435 22.564575 1.612814
v -0.484434 28.067894 3.166953
v -9.696318 25.466705 1.557136
v -10.154440 26.237427 1.316182
v -3.889387 31.193634 -2.263058
v -4.032839 31.191498 -1.587874
v -8.927759 24.060425 1.832644
v -7.689264 21.270660 -0.987876
v -8.322966 22.320282 1.252602
v -11.043749 27.874390 -1.344313
v -8.161318 22.052277 0.904830
v 2.796415 29.312164 1.865661
v 3.283387 29.664307 1.235492
v -8.474264 22.690338 1.548394
v -8.657122 23.119202 1.753326
v -10.576830 26.979614 0.824365
v -1.579889 28.730366 2.760143
v -8.839125 23.517853 1.786341
v -9.078405 24.076843 1.734703
v -1.036085 28.383148 3.002485
v -8.595732 22.652771 -3.702462
v -8.332571 22.281158 -3.286534
v -9.290804 23.516266 -4.387830
v -8.924303 23.041199 -4.067357
v -9.998945 24.761475 -4.688355
v -9.650557 24.099976 -4.614194
v -8.084845 21.996063 0.958330
v -7.962168 21.700378 0.497294
v 8.440399 22.538483 1.521359
v -7.830183 21.668427 -2.440060
v 8.837887 23.389404 1.720181
v -8.107977 21.963562 -2.831412
v 8.619204 22.913727 1.663173
v 8.560209 22.455353 -3.586838
v 8.035534 21.672699 -2.692593
v 8.874371 22.850006 -3.985715
v 9.254333 23.330261 -4.340474
v 7.818667 20.826630 -1.484624
v 7.789153 20.930817 -1.864329
v 9.660643 23.928070 -4.597608
v -8.042971 21.859467 0.566201
v -7.924055 21.651855 0.087756
v 9.093289 23.962006 1.683478
v 9.415853 24.607330 1.607496
v 8.312262 22.047607 -3.154958
v 9.909560 24.548584 -4.746221
v 9.449532 23.756226 -4.528085
v 4.221632 31.018127 -0.854634
v 9.039168 23.153320 -4.228314
v -7.692968 21.145477 -0.962947
v 8.737396 22.767120 -3.909566
v -7.647001 21.196259 -1.454163
v 8.510866 22.434174 -3.592236
v -7.610403 21.309692 -1.904322
v -7.809111 21.551575 -2.433413
v -10.902605 27.379730 -2.702096
v -10.683352 26.832977 -3.381377
v 2.264787 29.051544 2.388994
v -9.375566 24.723083 1.633469
v -9.785059 25.427032 1.533068
v 1.726685 28.704060 2.755358
v 3.681778 30.101929 0.545606
v 3.998293 30.584259 -0.147929
v 7.984047 20.946930 -0.951125
v 10.263290 26.119110 1.319358
v 0.090309 30.673920 -3.706216
v -10.263948 25.469727 -4.485223
v 1.694651 28.764973 2.685732
v 0.673599 30.681000 -3.701663
v -10.436533 26.155457 -3.977227
v 10.694311 26.857025 0.832786
v 2.220791 29.105743 2.322276
v 11.014040 27.428741 0.152955
v 1.273594 30.700897 -3.658538
v 2.739718 29.367188 1.810346
v 1.905894 30.734619 -3.569278
v 11.135725 27.680389 -0.609053
v 3.213409 29.720398 1.196573
v 2.541897 30.801361 -3.417771
v 8.727644 23.502869 1.810103
v 3.600804 30.155212 0.524554
v 3.135442 30.889954 -3.126574
v 3.911019 30.632385 -0.154101
v 9.013131 24.097504 1.732084
v 3.649362 31.034149 -2.769404
v 9.315142 24.652588 1.634809
v -10.650095 26.927032 0.792911
v 4.130235 31.057953 -0.855414
v 3.999855 31.201721 -2.259232
v -10.233358 26.195831 1.286275
v 9.782625 25.363647 1.549058
v -2.587820 29.419556 1.845904
v 8.124437 21.871094 1.010195
v -2.071585 29.147034 2.341138
v 10.811501 26.720062 -3.385762
v -11.075533 27.752777 -0.605551
v -3.802053 31.234833 -2.239619
v 8.231628 22.240479 1.416191
v 10.550759 26.038788 -3.989373
v -10.956331 27.484589 0.132104
v -1.547323 28.790852 2.690510
v -3.452669 31.065887 -2.752791
v -1.013395 28.445801 2.929752
v 8.346886 22.541534 1.614719
v -11.042765 27.683289 -2.012809
v -11.104860 27.801270 -1.324200
v 9.866226 25.325012 1.529701
v -2.950804 30.929871 -3.138427
v 8.477915 22.965576 1.798198
v -0.471033 28.134300 3.094242
v 7.943369 20.710754 -0.908417
v -2.358770 30.832336 -3.437005
v 7.949250 21.012451 -0.256100
v 0.071999 27.926838 3.166317
v -1.722713 30.752655 -3.579327
v 0.615393 28.129570 3.095507
v -1.091867 30.710419 -3.666512
v 7.970346 21.214783 0.124286
v 1.158676 28.428955 2.930265
v 8.023155 21.494232 0.549083
v -0.492472 30.684357 -3.703988
v -9.195585 23.567841 -4.419816
v -2.643591 29.359924 1.897214
v 1.180614 28.365295 3.002424
v -2.115499 29.090240 2.405664
v 0.627895 28.063499 3.168622
v -9.586416 24.212616 -4.641450
v -9.894678 24.795532 -4.732537
v -10.167356 25.472626 -4.558358
v -8.086004 21.860504 -2.824738
v -8.310278 22.207916 -3.281354
v -8.548918 22.630615 -3.717191
v -3.942118 31.088898 -0.835637
v -3.063456 29.792084 1.255296
v -3.726156 30.655975 -0.136391
v -8.842409 23.067383 -4.101647
v -3.436880 30.208984 0.568165
v -3.811567 30.604248 -0.134059
v -4.032484 31.046814 -0.837071
v -10.360182 26.187592 -4.031781
v -3.130739 29.728546 1.287076
v -10.608957 26.870789 -3.430798
v -3.514860 30.149323 0.583041
v -10.834162 27.434662 -2.748271
v -10.981104 27.753082 -2.049773
v 10.045983 24.594238 -4.724740
v 0.090052 30.583282 -3.748097
v 0.676224 30.590424 -3.743672
v 2.567400 30.718201 -3.466870
v 3.185010 30.818817 -3.175654
v 1.280039 30.611786 -3.703072
v 1.918735 30.648743 -3.618474
v -7.647638 21.304138 -1.474416
v -7.618540 21.416656 -1.928664
v 8.102449 21.637543 0.461545
v 8.220966 21.872955 0.840829
v -1.736347 30.666138 -3.627240
v -2.385344 30.748962 -3.485238
v -3.001417 30.858398 -3.186068
v -3.526011 31.010559 -2.790223
v 4.086570 31.158752 -2.281937
v -0.495661 30.593353 -3.745080
v -1.098993 30.620667 -3.709679
v 3.721734 30.977600 -2.806836
v 10.237837 25.329803 -4.587941
v 7.782153 21.051849 -1.871548
v 7.822880 21.313080 -2.343474
v 7.823443 21.198700 -2.344344
v 10.338803 25.331116 -4.504773
v 10.469395 26.056519 -4.047826
v 10.736420 26.755493 -3.428962
v 10.768204 26.810211 0.809520
v 10.341886 26.080322 1.296010
v 11.191660 27.602356 -0.609072
v 11.074919 27.360229 0.133262
v 11.181765 27.560028 -2.008033
v 11.244892 27.673553 -1.319867
v 11.039845 27.263367 -2.700433
v 10.971565 27.316528 -2.742629
v 11.119040 27.626617 -2.041898
v 7.976904 21.234833 -0.332032
v 8.328838 22.195862 1.225485
v 8.038324 21.756927 -2.704867
v 8.302784 21.981873 -3.161809
v 8.019905 21.416199 0.046846
v -9.946280 24.754761 -4.688523
v -9.482206 23.928375 -4.542001
v -9.114527 23.367737 -4.285821
v -8.860662 23.023285 -4.031278
v -8.503771 22.595978 -3.611905
v -10.867685 27.395386 -2.722073
v -10.634119 26.842285 -3.410311
v -10.645418 26.836761 -3.402686
v -10.383825 26.147308 -4.018514
v -9.321386 24.723602 1.646923
v -9.731165 25.444366 1.538445
v -10.178785 26.204926 1.300866
v -10.398790 26.153961 -4.001100
v -9.892237 24.692932 -4.683846
v -10.224348 25.470215 -4.512078
v -10.598986 26.944458 0.811833
v -10.610163 26.936523 0.806991
v -11.001879 27.718811 -2.033602
v -11.075197 27.830963 -1.332776
v -10.857317 27.403564 -2.729232
v -7.896856 21.590485 0.012805
v -8.006376 21.810577 0.475564
v -7.639654 21.262970 -1.464066
v -7.602442 21.378021 -1.913499
v -8.095213 21.938171 -2.812846
v -7.813982 21.611176 -2.435622
v -7.818186 21.629517 -2.437680
v -7.600576 21.361328 -1.909215
v 10.269958 25.306122 -4.551171
v 8.809519 22.835114 -3.935334
v 9.176661 23.290710 -4.281590
v 9.586703 23.898224 -4.556413
v 9.950607 24.516510 -4.743974
v -7.887400 21.557587 0.001170
v -7.683142 21.232239 -0.975611
v -7.801542 21.372070 -0.444733
v -8.259771 22.287354 1.209413
v -8.279741 22.381287 1.350397
v -8.110670 22.000671 0.824778
v -8.702055 23.358917 1.854250
v -8.562937 22.974854 1.748946
v -8.548811 22.987885 1.801307
v -9.014936 24.048553 1.770600
v -8.776304 23.470154 1.826186
v -8.311033 22.269745 -3.257216
v -8.308031 22.264282 -3.254828
v -8.552938 22.647064 -3.668586
v 3.635558 30.126831 0.523252
v 3.247090 29.691071 1.201142
v 2.771106 29.337280 1.821793
v 2.247851 29.074860 2.339969
v 4.166353 31.031799 -0.860398
v 4.199537 31.174988 -1.605843
v 3.946325 30.604980 -0.158513
v 8.196407 21.938995 0.935055
v 8.053740 21.575836 0.498942
v 7.993927 21.317230 0.084419
v 8.497300 22.873383 1.735604
v 8.365004 22.524963 1.584600
v 8.255939 22.208679 1.304785
v 8.395160 22.537476 1.561800
v 9.309661 24.557404 1.625950
v 8.679035 23.265839 1.801300
v 9.020337 23.935852 1.718798
v 8.905562 23.786469 1.770873
v 1.715412 28.731525 2.707101
v 2.251863 29.059540 2.343748
v 1.173594 28.393585 2.953441
v 0.624535 28.092979 3.119722
v 1.175274 28.377289 2.957211
v 0.071810 27.889118 3.190695
v 0.625469 28.076561 3.123296
v -3.476057 30.162872 0.560540
v -3.759882 30.626953 -0.142417
v -3.469229 30.178040 0.564315
v -3.977617 31.062073 -0.841422
v -3.986147 31.048187 -0.845870
v -2.618326 29.387909 1.855009
v -2.623312 29.372345 1.856213
v -3.095190 29.760254 1.256670
v 0.071724 27.872181 3.193779
v -0.480728 28.097801 3.118400
v -1.028929 28.410889 2.953141
v -1.568468 28.757526 2.711701
v -2.098539 29.115356 2.357673
v -0.494076 30.640320 -3.712586
v -1.095522 30.649933 -3.673367
v 0.090189 30.629883 -3.714852
v -1.728767 30.709686 -3.590682
v -2.370932 30.773499 -3.448582
v -1.095169 30.666748 -3.676196
v -1.729576 30.692902 -3.588807
v -2.967985 30.890991 -3.152901
v -2.369257 30.790588 -3.449923
v -3.478823 31.032074 -2.766339
v -3.994471 31.204529 -1.587096
v -3.835501 31.206512 -2.249181
v 0.674902 30.637054 -3.710664
v 0.675007 30.620300 -3.707585
v 1.276487 30.657349 -3.668832
v 1.276651 30.640503 -3.666268
v 1.911422 30.691742 -3.581219
v 1.911990 30.674927 -3.579617
v 2.551829 30.759644 -3.431176
v 3.152115 30.850983 -3.141324
v 3.675011 30.999847 -2.782895
v 4.032850 31.172791 -2.268529
v 7.813128 20.900269 -1.499930
v 7.776409 20.985626 -1.868781
v 8.557337 22.513306 -3.612145
v 8.039249 21.724731 -2.676450
v 7.821326 21.249329 -2.342499
v 10.497259 26.038239 -4.014985
v 10.759306 26.725037 -3.407822
v 9.809392 25.334259 1.532373
v 10.296926 26.080505 1.297297
v 10.285863 26.086121 1.301687
v 10.714048 26.820557 0.818748
v 11.029665 27.388702 0.143861
v 11.154598 27.628174 -0.609248
v 11.148737 27.638336 -0.609378
v 11.197172 27.697601 -1.330619
v 11.144779 27.581757 -2.020613
v 10.992399 27.283447 -2.723305
v 10.768282 26.720825 -3.401196
v 11.137245 27.590576 -2.025864
v 7.971004 20.830536 -0.927684
v 8.133892 21.832611 0.849725
v 8.314951 22.272797 1.329076
v 8.330105 22.055237 -3.163081
v 7.965768 21.116760 -0.295043
v 4.209686 31.102386 -2.303656
v 3.836980 30.900360 -2.850459
v 4.361362 31.145508 -1.610154
v 3.263953 30.719818 -3.243457
v 2.601755 30.595886 -3.536792
v 1.933885 30.524139 -3.691745
v 1.286728 30.487732 -3.764291
v 0.678572 30.468384 -3.799714
v 0.089684 30.462708 -3.804185
v -4.014605 31.139404 -2.286090
v -4.149252 31.152405 -1.592797
v -3.643335 30.934326 -2.834592
v -3.081198 30.758057 -3.250966
v -2.421228 30.626312 -3.554070
v -1.752512 30.540619 -3.698367
v -1.106546 30.496002 -3.768662
v -0.498817 30.470978 -3.799657
v -1.605036 28.619831 2.892173
v -1.050230 28.273041 3.134534
v -2.155832 28.984711 2.540019
v -0.490686 27.960472 3.285416
v 0.070822 27.751820 3.340734
v -2.701658 29.257233 2.002521
v -3.203775 29.633057 1.347677
v -4.135180 30.998230 -0.837538
v -3.903826 30.545227 -0.129441
v -3.599047 30.074066 0.610629
v 1.750187 28.595417 2.883555
v 2.304276 28.953400 2.524581
v 1.193420 28.255981 3.130509
v 0.632818 27.957634 3.287856
v 2.854601 29.217834 1.974918
v 3.359329 29.580475 1.305223
v 4.326140 30.972260 -0.851735
v 4.092574 30.528259 -0.139201
v 3.768820 30.034058 0.580107
v 4.237020 31.079346 -2.305510
v 3.863017 30.873322 -2.855395
v 4.386127 31.124664 -1.611537
v 3.281258 30.688416 -3.253182
v 2.608418 30.559540 -3.546162
v 1.936571 30.487823 -3.701430
v 1.287788 30.452026 -3.770665
v 0.678938 30.433502 -3.804627
v 0.089575 30.428253 -3.809071
v -4.042677 31.116852 -2.288249
v -3.669844 30.907440 -2.839860
v -3.098539 30.726288 -3.260024
v -2.428335 30.589966 -3.563081
v -1.755589 30.504211 -3.707429
v -1.107914 30.460266 -3.774403
v -0.499451 30.436066 -3.804162
v -1.610191 28.584248 2.919044
v -1.052952 28.237732 3.161178
v -2.164362 28.950317 2.567620
v -0.491879 27.926048 3.308331
v 0.070633 27.718311 3.359548
v -2.713854 29.223877 2.022660
v -3.218699 29.602020 1.356497
v -4.157000 30.977753 -0.842164
v -3.922949 30.523315 -0.134261
v -3.616106 30.048279 0.611370
v 1.754781 28.560291 2.909517
v 2.312643 28.920685 2.552732
v 1.195593 28.220886 3.156144
v 0.633549 27.923576 3.310987
v 2.867186 29.186188 1.996435
v 3.375797 29.551880 1.316550
v 4.348619 30.952271 -0.855368
v 4.112803 30.506927 -0.143107
v 3.787562 30.009796 0.582417
v 3.589187 31.422333 -2.117062
v 3.324446 31.327911 -2.549968
v 2.916109 31.246338 -2.879754
v 3.685462 31.250153 -0.849654
v 2.405151 31.198822 -3.174922
v 3.479982 30.851959 -0.175341
v 1.829373 31.152374 -3.336253
v 3.180072 30.388031 0.464824
v 1.232180 31.131134 -3.440570
v 2.810022 29.960236 1.072956
v 0.655710 31.118927 -3.496197
v 2.368197 29.609406 1.613079
v 0.091219 31.113770 -3.504370
v 1.900236 29.356903 2.056530
v -0.472448 31.124146 -3.502782
v 1.446545 29.046070 2.376517
v -1.047112 31.143585 -3.455069
v 0.979734 28.733398 2.597656
v -1.641996 31.173035 -3.352568
v 0.505875 28.450157 2.747461
v -2.217081 31.231689 -3.199963
v 0.073858 28.264637 2.811710
v -2.724234 31.285828 -2.897464
v -0.356573 28.454155 2.746947
v -3.122297 31.354675 -2.536755
v -0.829899 28.744934 2.595031
v -3.388441 31.447388 -2.094205
v -1.297628 29.071125 2.381907
v -1.752716 29.409119 2.084196
v -3.501467 31.289734 -0.821824
v -2.222429 29.685211 1.668352
v -3.305296 30.895355 -0.137643
v -2.672731 30.064972 1.163706
v -3.031721 30.473206 0.539446
v 3.582078 31.358307 -2.103158
v 3.317203 31.268768 -2.524995
v 2.906264 31.192261 -2.849107
v 3.679968 31.190613 -0.875962
v 2.396391 31.148773 -3.138356
v 3.477872 30.800262 -0.209941
v 1.823823 31.105499 -3.294709
v 3.179899 30.337067 0.429233
v 1.228323 31.086365 -3.396374
v 2.811917 29.906555 1.039591
v 0.654280 31.075684 -3.450602
v 2.371639 29.552155 1.583094
v 0.090853 31.071075 -3.457932
v 1.902851 29.296722 2.029927
v -0.471870 31.081390 -3.456950
v 1.447456 28.986683 2.352124
v -1.044064 31.099457 -3.410386
v 0.979836 28.675049 2.572633
v -1.637400 31.126831 -3.310311
v 0.505833 28.392357 2.721105
v -2.209059 31.182098 -3.162862
v 0.073627 28.207905 2.785676
v -2.713614 31.231659 -2.867621
v -0.357317 28.396477 2.720732
v -3.114336 31.295074 -2.513070
v -0.831257 28.686066 2.569385
v -3.382086 31.382690 -2.080001
v -1.300152 29.011707 2.355723
v -1.755938 29.350098 2.054496
v -3.494272 31.230377 -0.848637
v -2.224348 29.630402 1.634504
v -3.298990 30.843689 -0.171479
v -2.670519 30.013947 1.128659
v -3.025938 30.423157 0.505121
v 7.777200 21.138336 -1.883202
v 8.125580 21.601654 0.436157
v 7.809106 21.403564 -2.355796
v 7.974204 21.268677 -0.338067
v 8.029358 21.424957 0.044576
v 8.374259 22.122467 1.144950
v 8.493369 22.502472 1.450362
v 8.262611 21.789978 0.783116
v 8.697009 22.894745 1.596301
v 8.928082 23.378235 1.664872
v 9.195240 23.954468 1.636288
v 9.558841 24.588287 1.572408
v 8.314009 22.058868 -3.188950
v 8.035256 21.772278 -2.733687
v 8.589908 22.434753 -3.630793
v 8.918975 22.844849 -4.045049
v 9.307949 23.345184 -4.407067
v 9.731567 23.937561 -4.639825
v 10.124353 24.592773 -4.672502
v 10.022008 25.307159 1.479233
v 10.488612 26.061798 1.224528
v 10.926147 26.684998 -3.284343
v 10.672897 26.025787 -3.868039
v 11.122452 27.194397 -2.623973
v 10.881237 26.763123 0.735586
v 11.142786 27.273590 0.083577
v 10.436832 25.318909 -4.389287
v 11.246742 27.507263 -0.619580
v 11.295502 27.575653 -1.299481
v 11.247091 27.472992 -1.960690
v 11.004093 27.735992 -2.087458
v 10.851788 27.416565 -2.789183
v 10.609262 26.851105 -3.473984
v 10.345458 26.167419 -4.089757
v 10.121432 25.464996 -4.631494
v 9.826060 24.770752 -4.795899
v 9.426695 24.063049 -4.703149
v 9.040400 23.353088 -4.429284
v 8.711878 22.814758 -4.066331
v 8.425688 22.315979 -3.712651
v 8.225437 21.786621 -3.293004
v 7.974926 21.376282 -2.811690
v 7.793040 20.955200 -2.370250
v 7.779315 20.676117 -1.860551
v 7.758206 20.444946 -1.451333
v 7.886271 20.298340 -0.861897
v 11.039221 27.804230 -0.619885
v 10.910885 27.548004 0.157428
v 10.579084 26.979980 0.841686
v 10.139290 26.251373 1.341963
v 9.647376 25.491638 1.574677
v 9.157773 24.735504 1.676502
v 8.774006 23.988251 1.852297
v 8.518611 23.493652 1.974133
v 8.266350 22.897156 2.027789
v 8.200834 22.419373 1.751117
v 8.054371 21.906372 1.467407
v 7.959429 21.459198 1.092601
v 7.901348 21.076447 0.684200
v 7.879635 20.774994 0.256009
v 7.880666 20.569977 -0.134549
v 7.770021 21.187897 -1.889493
v 8.160004 21.519989 0.422092
v 7.800421 21.446075 -2.363795
v 7.972852 21.272461 -0.315383
v 8.046267 21.393555 0.065742
v 8.448406 22.004913 1.068735
v 8.570931 22.431091 1.373229
v 8.321812 21.650940 0.727603
v 8.805219 22.836304 1.517937
v 9.056443 23.345154 1.586925
v 9.319755 23.944397 1.576485
v 9.634181 24.579315 1.549077
v 8.317627 22.054901 -3.217719
v 8.031496 21.782227 -2.751334
v 8.615971 22.410309 -3.681460
v 8.966735 22.830841 -4.118928
v 9.372373 23.352356 -4.478395
v 9.806440 23.944550 -4.666253
v 10.189575 24.590973 -4.625585
v 10.077414 25.300873 1.456025
v 10.537202 26.054199 1.190402
v 10.957226 26.668701 -3.239709
v 10.712454 26.018585 -3.812882
v 11.141321 27.164703 -2.590512
v 10.910994 26.742615 0.698440
v 11.153126 27.237396 0.059148
v 10.486028 25.311981 -4.320653
v 11.251595 27.467621 -0.626117
v 11.299273 27.534882 -1.291837
v 11.257864 27.436249 -1.940207
v 7.991532 21.461517 -2.775990
v 7.804081 20.684845 -1.472636
v 7.802919 20.783264 -1.856173
v 9.842750 24.671600 -4.781819
v 9.469391 23.948029 -4.637345
v 9.080448 23.302490 -4.358502
v 8.741450 22.808289 -4.003144
v 8.467017 22.369110 -3.652203
v 10.157265 26.235504 1.344278
v 10.598846 26.968719 0.848872
v 10.931387 27.539764 0.163015
v 11.059988 27.796234 -0.615788
v 8.634435 23.490967 1.878142
v 8.942938 24.140564 1.768076
v 9.228324 24.764374 1.658136
v 9.665726 25.475098 1.574333
v 8.046656 21.690613 1.020927
v 8.156794 22.102173 1.401886
v 8.298337 22.525299 1.669741
v 8.398792 22.953400 1.879815
v 7.912197 20.541504 -0.879092
v 7.920686 20.840546 -0.201480
v 7.932697 21.043610 0.180574
v 7.971539 21.329010 0.599207
v 10.158104 25.442078 -4.620919
v 7.803675 21.017761 -2.360434
v 10.369291 26.155273 -4.086999
v 10.631044 26.843353 -3.474747
v 10.873034 27.409027 -2.788087
v 11.025894 27.728455 -2.084775
v 8.258341 21.869537 -3.235778
v -10.907297 27.826324 -2.083504
v -10.968897 27.950897 -1.364112
v -10.757448 27.500305 -2.783326
v -10.527925 26.932709 -3.466340
v -10.280920 26.253754 -4.065129
v -10.125204 25.622040 -4.554708
v -9.844042 24.877655 -4.731019
v -9.468962 24.139008 -4.657510
v -9.114538 23.531830 -4.442624
v -8.789450 23.017548 -4.128118
v -8.531477 22.554413 -3.749264
v -8.301477 22.114868 -3.316399
v -8.059122 21.739807 -2.859175
v -7.783007 21.419250 -2.429982
v -7.616812 21.175049 -1.894034
v -7.643087 21.058746 -1.432643
v -7.695463 21.016693 -0.943187
v -10.955584 27.917633 -0.613639
v -10.822710 27.638458 0.159023
v -10.501970 27.063873 0.837292
v -10.073107 26.324097 1.333653
v -9.609224 25.550842 1.575073
v -9.184881 24.825317 1.697306
v -8.886393 24.155457 1.864983
v -8.649851 23.521790 1.956012
v -8.181002 22.244507 1.367695
v -8.040617 21.903015 0.995045
v -7.930323 21.586548 0.536513
v -7.856272 21.341492 0.049819
v -7.801134 21.169312 -0.415503
v -10.888506 27.838226 -2.088938
v -10.949755 27.963226 -1.367884
v -10.738283 27.511047 -2.787921
v -10.508402 26.943420 -3.470629
v -10.256056 26.258270 -4.079309
v -10.035856 25.508545 -4.638043
v -9.711451 24.743622 -4.771916
v -9.366148 24.119690 -4.702077
v -9.017157 23.481110 -4.495011
v -8.719667 22.928741 -4.175599
v -8.495634 22.442108 -3.789189
v -8.279394 22.001831 -3.358144
v -8.031221 21.629120 -2.892668
v -7.758596 21.322540 -2.434823
v -7.610769 21.108978 -1.888924
v -7.638105 20.993896 -1.423388
v -7.689825 20.913330 -0.925185
v -10.938967 27.931610 -0.616368
v -10.805361 27.653229 0.157451
v -10.484377 27.079865 0.836972
v -10.055834 26.341919 1.336436
v -9.584883 25.574066 1.578947
v -9.127214 24.891235 1.709852
v -8.850543 24.226080 1.912956
v -8.560957 23.629547 2.052912
v -8.409161 23.011118 1.982416
v -8.275831 22.619690 1.827732
v -8.121462 22.182739 1.500923
v -7.968439 21.723602 1.066712
v -7.878038 21.380096 0.603352
v -7.829714 21.137238 0.095208
v -7.794271 21.001312 -0.386483
v -7.801287 21.478851 -0.465752
v -7.927408 21.654205 0.066943
v -8.367708 22.294403 1.263588
v -8.496759 22.591644 1.482799
v -8.224119 22.070129 0.971897
v -8.670275 23.027100 1.680969
v -8.899973 23.479218 1.725026
v -9.167658 24.067261 1.684593
v -9.494753 24.711548 1.596491
v -8.351835 22.282654 -3.311993
v -8.642485 22.636597 -3.732095
v -8.116789 21.984833 -2.852782
v -8.995729 23.035461 -4.100831
v -9.371016 23.523834 -4.427377
v -9.735640 24.106506 -4.647759
v -10.088964 24.757202 -4.667558
v -9.933592 25.416351 1.486100
v -10.375883 26.179108 1.214675
v -10.793451 26.804718 -3.283368
v -10.984385 27.318146 -2.627894
v -10.555155 26.147491 -3.862378
v -10.758165 26.885406 0.723873
v -11.027735 27.416229 0.086875
v -10.356424 25.458923 -4.387830
v -11.126078 27.666901 -0.614848
v -11.157236 27.713409 -1.301858
v -11.104769 27.602295 -1.965453
v -7.646868 21.375397 -1.490599
v -7.630507 21.473969 -1.952742
v -7.689009 21.334900 -1.006657
v -8.052603 21.832611 0.519866
v -7.837603 21.715149 -2.446782
v -7.804007 21.507233 -0.450255
v -7.905519 21.605743 -0.051230
v -8.348486 22.107727 1.095886
v -8.492659 22.436035 1.385905
v -8.140905 21.863647 0.685166
v -8.711573 22.866547 1.573148
v -9.016115 23.434784 1.639643
v -9.299936 24.055786 1.615199
v -9.588144 24.704285 1.563693
v -8.371332 22.272461 -3.345086
v -8.689108 22.608429 -3.778825
v -8.123644 21.996368 -2.870692
v -9.069864 23.014160 -4.157197
v -9.462481 23.520264 -4.484445
v -9.832361 24.108063 -4.680200
v -10.172564 24.752808 -4.646333
v -9.972002 25.413422 1.472677
v -10.404726 26.175446 1.198872
v -10.812799 26.797272 -3.260464
v -10.997065 27.303253 -2.610287
v -10.580408 26.144318 -3.832646
v -10.777857 26.875458 0.706627
v -11.038851 27.400024 0.075376
v -10.404451 25.453094 -4.340146
v -11.132494 27.646912 -0.617636
v -11.163393 27.692902 -1.297042
v -11.113016 27.583252 -1.954362
v -7.646826 21.399719 -1.496331
v -7.634230 21.497040 -1.961570
v -7.688368 21.365540 -1.015704
v -8.005331 21.727203 0.318977
v -7.842215 21.739258 -2.454766
v 9.364530 29.072235 -1.668202
v 7.867867 29.847992 -1.761235
v 6.311061 30.352356 -1.808356
v 10.637665 28.313812 -1.609505
v 5.015975 30.882477 -1.795260
v 8.642177 29.491425 -1.716641
v 7.065572 30.090942 -1.788462
v 10.967220 27.991638 -1.566489
v 10.071891 28.688934 -1.638570
v 5.613871 30.635834 -1.808564
v 4.561994 31.062744 -1.772059
v 11.289478 27.521057 -1.155083
v 4.223786 31.211212 -1.750020
v 11.176157 27.725220 -1.489144
v 11.231464 27.649384 -1.466237
v 4.176782 31.208099 -1.746693
v 11.190599 27.685425 -1.478493
v 4.340052 31.163940 -1.757659
v 4.365364 31.142639 -1.759141
v 11.285206 27.553802 -1.440116
v 11.071598 27.848724 -1.525300
v 11.290466 27.513885 -1.429742
v 11.092939 27.840149 -1.521695
v 9.362431 29.106628 -1.337239
v 7.852644 29.865601 -1.423352
v 6.291836 30.329193 -1.485940
v 10.652843 28.338531 -1.282878
v 5.020497 30.858612 -1.472852
v 8.635828 29.527100 -1.379649
v 7.044981 30.083740 -1.462975
v 10.979689 28.010162 -1.250577
v 10.079195 28.721344 -1.306552
v 5.606084 30.611053 -1.484315
v 4.579533 31.041016 -1.460349
v 11.100561 27.855103 -1.214732
v 4.252798 31.182800 -1.451907
v 11.180113 27.737183 -1.189700
v 11.233957 27.658905 -1.173854
v 4.205548 31.179779 -1.453540
v 11.199286 27.685791 -1.179934
v 11.193453 27.696106 -1.182462
v 4.365179 31.137787 -1.454358
v 4.389474 31.117126 -1.456202
v 11.285484 27.561615 -1.159814
v 11.079439 27.863770 -1.218636
v 9.375849 29.106079 -1.532820
v 9.375514 29.111572 -1.480012
v 7.874748 29.878906 -1.620625
v 7.872319 29.881714 -1.566710
v 6.315402 30.371765 -1.669024
v 6.312334 30.368073 -1.617579
v 10.654043 28.341400 -1.476323
v 10.656466 28.345367 -1.424206
v 5.037549 30.904572 -1.657416
v 5.038270 30.900757 -1.605973
v 8.653225 29.528625 -1.578902
v 8.652213 29.534332 -1.525130
v 7.069390 30.115662 -1.649939
v 7.066105 30.114502 -1.598004
v 10.985430 28.020874 -1.435961
v 10.987419 28.023834 -1.385554
v 10.084643 28.717743 -1.503247
v 10.085809 28.722931 -1.450269
v 5.626995 30.657410 -1.668530
v 5.625753 30.653473 -1.616793
v 4.588503 31.080627 -1.642602
v 4.591302 31.077148 -1.592864
v 4.243714 31.190552 -1.629248
v 4.248345 31.186035 -1.581681
v 11.189127 27.747620 -1.363642
v 11.189756 27.749512 -1.315861
v 11.086926 27.874298 -1.397662
v 11.088175 27.876709 -1.348731
v 11.109377 27.867889 -1.344870
v 11.108162 27.865509 -1.393849
v 11.208595 27.696655 -1.350999
v 11.208994 27.698303 -1.303933
v 11.202713 27.706970 -1.354214
v 11.203169 27.708649 -1.306979
v 4.363582 31.156281 -1.633691
v 4.367592 31.152100 -1.585295
v 4.388433 31.135376 -1.635089
v 4.392282 31.131317 -1.586751
v 3.636739 31.374054 -1.187604
v 3.567362 31.407043 -1.803462
v 3.655740 31.432098 -1.826449
v 3.703877 31.346008 -1.192744
v 4.149455 31.159912 -1.226861
v 3.591170 31.462311 -1.811032
v 3.613009 31.320221 -1.202218
v 3.648192 31.366760 -1.822497
v 4.165758 31.035126 -1.233653
v 3.697135 31.282898 -1.208899
v 4.098438 31.102356 -1.916070
v 4.185520 31.133789 -1.232423
v 4.118768 31.204285 -1.936488
v 4.084265 31.231781 -1.928769
v 3.693264 31.349762 -1.528628
v 4.156578 31.098419 -1.584836
v 4.178051 31.201965 -1.594313
v 3.610088 31.387695 -1.516303
v 3.634284 31.443329 -1.512732
v 4.142414 31.228394 -1.587922
v 3.700823 31.415192 -1.522576
v -9.186769 29.184906 -1.387057
v -7.662226 29.901947 -1.469332
v -6.116110 30.397003 -1.520240
v -10.440943 28.428558 -1.314786
v -4.829447 30.880341 -1.491141
v -8.460779 29.607849 -1.430028
v -6.859354 30.121979 -1.503608
v -10.807665 28.119385 -1.276189
v -9.898371 28.801453 -1.351739
v -5.416704 30.636627 -1.510623
v -4.383806 31.055389 -1.474007
v -4.052874 31.192017 -1.460587
v -11.044283 27.875519 -1.218995
v -11.103487 27.797028 -1.202365
v -4.166674 31.148804 -1.464755
v -4.191347 31.128510 -1.466958
v -10.971292 27.953003 -1.236880
v -10.952585 27.965607 -1.240477
v -11.155550 27.709534 -1.185385
v -11.161753 27.689117 -1.181861
v -9.189466 29.153473 -1.665637
v -7.679049 29.894287 -1.750989
v -6.132662 30.414886 -1.791240
v -10.433779 28.406799 -1.589467
v -4.825815 30.901550 -1.762761
v -8.468912 29.578857 -1.714532
v -6.879381 30.132782 -1.776406
v -10.794939 28.098633 -1.544226
v -9.893480 28.772125 -1.629950
v -5.423597 30.657196 -1.784014
v -4.368826 31.075897 -1.735204
v -4.026197 31.215912 -1.711259
v -11.036882 27.859833 -1.473231
v -11.097055 27.783630 -1.450038
v -3.978960 31.211609 -1.708016
v -4.143934 31.171570 -1.719491
v -4.169706 31.150879 -1.721282
v -10.962221 27.935760 -1.495574
v -10.943140 27.947998 -1.499652
v -11.151186 27.697052 -1.423125
v -11.157724 27.676819 -1.417163
v -3.890886 31.269806 -1.909423
v -3.449587 31.413055 -1.161832
v -3.516542 31.384735 -1.167802
v -3.460032 31.463562 -1.803994
v -3.425272 31.359375 -1.176160
v -3.395113 31.492767 -1.788108
v -3.508921 31.321198 -1.184085
v -3.371920 31.437256 -1.780190
v -3.974859 31.068634 -1.215777
v -3.903509 31.135132 -1.896365
v -3.452829 31.397369 -1.799767
v -3.996778 31.170593 -1.213515
v -3.960917 31.196838 -1.207431
v -3.925722 31.242828 -1.917393
v -3.964453 31.133484 -1.566251
v -3.988161 31.242340 -1.575372
v -3.509703 31.451630 -1.499678
v -3.952394 31.268494 -1.568667
v -3.442995 31.479218 -1.489287
v -3.418951 31.423401 -1.492446
v -3.501978 31.385345 -1.505572
v -9.198526 29.189148 -1.506865
v -7.681356 29.921997 -1.586968
v -6.134550 30.432098 -1.630288
v -10.440287 28.432220 -1.431596
v -4.845469 30.918549 -1.602202
v -8.477098 29.618042 -1.551961
v -6.878187 30.150330 -1.615153
v -10.806887 28.123657 -1.388112
v -9.904169 28.802063 -1.471623
v -5.434122 30.674103 -1.621499
v -4.395288 31.090210 -1.583901
v -4.041170 31.203888 -1.569171
v -11.048609 27.882507 -1.325900
v -4.156900 31.161591 -1.573983
v -4.182074 31.141357 -1.575764
v -10.974031 27.959167 -1.345416
v -10.954950 27.971497 -1.349164
v -9.199007 29.184784 -1.546780
v -7.683867 29.921082 -1.627295
v -6.137018 30.434875 -1.669060
v -10.439287 28.429199 -1.470942
v -4.845098 30.921844 -1.641070
v -8.478376 29.614075 -1.592723
v -6.881144 30.152100 -1.654191
v -10.805101 28.120789 -1.426490
v -9.903536 28.797974 -1.511489
v -5.435232 30.677277 -1.660613
v -4.393297 31.093384 -1.621306
v -4.037497 31.207520 -1.605094
v -11.047617 27.880371 -1.362307
v -4.153795 31.165039 -1.610480
v -4.179125 31.144745 -1.612200
v -10.972788 27.956787 -1.382460
v -10.953653 27.969116 -1.386275
v -11.725206 18.886780 0.620431
v -10.215231 18.459015 -4.339097
v -13.708559 19.526764 -1.203627
v -11.692629 18.877319 -3.734593
v -8.032995 17.950745 -1.575061
v -10.277437 18.382233 0.913048
v -13.257059 19.380554 0.260806
v -12.837358 19.236420 -2.585290
v -8.121843 17.928375 -2.845332
v -9.079859 18.011719 0.709487
v -8.890779 18.117279 -3.978593
v -8.191610 17.858887 -0.322968
v -8.016310 17.932068 -2.202386
v -9.620550 18.167847 0.915720
v -10.980143 18.668457 -4.142968
v -9.504042 18.273468 -4.294957
v -10.981493 18.632416 0.766813
v -13.767893 19.548096 -0.373942
v -12.303835 19.065674 -3.196095
v -12.495981 19.136841 0.503656
v -13.314623 19.395050 -1.926326
v -8.570177 17.902191 0.276368
v -8.397379 17.991547 -3.482869
v -11.710375 18.936066 0.633350
v -10.192434 18.511414 -4.353234
v -13.701738 19.580109 -1.206347
v -11.687311 18.929047 -3.747983
v -8.015032 18.001282 -1.572980
v -10.265894 18.431458 0.936016
v -13.246042 19.432190 0.270986
v -12.833643 19.289124 -2.595654
v -8.094580 17.994293 -2.843285
v -9.016539 18.090088 0.674941
v -8.865679 18.196320 -3.978513
v -8.163221 17.982941 -0.333342
v -8.047274 17.957428 -0.947585
v -7.995459 17.991302 -2.199399
v -9.612741 18.262207 0.935881
v -10.969309 18.720123 -4.157334
v -9.482187 18.344696 -4.300961
v -10.967958 18.680115 0.785924
v -13.760576 19.601135 -0.370101
v -12.302340 19.118011 -3.210318
v -12.481615 19.187073 0.515207
v -13.307802 19.447968 -1.932738
v -8.508314 18.049957 0.229795
v -8.371115 18.068634 -3.481110
v 13.275480 19.230743 -1.982812
v 12.299583 18.913422 -3.280011
v 12.839575 19.083069 -2.672719
v 12.684160 19.033722 0.670860
v 8.871635 17.710205 0.200977
v 11.906143 18.779205 0.764694
v 10.179070 18.284851 -4.359582
v 13.643272 19.355927 -1.246566
v 11.668736 18.721619 -3.795007
v 10.454268 18.260620 0.927938
v 13.399080 19.268585 0.317653
v 8.412003 17.763092 -3.397866
v 8.189046 17.687317 -2.688020
v 9.302123 17.822662 0.592922
v 8.873736 17.903473 -3.933198
v 8.551994 17.654846 -0.239138
v 8.336147 17.634888 -0.662356
v 9.834747 18.011108 0.862992
v 10.947969 18.507843 -4.180120
v 9.469608 18.080933 -4.265203
v 11.153198 18.523132 0.843189
v 13.757704 19.391724 -0.421229
v 12.675913 19.058014 0.671635
v 13.267847 19.255402 -1.983088
v 8.823441 17.890411 0.166612
v 11.897882 18.803406 0.766362
v 10.171968 18.310089 -4.360188
v 13.634550 19.380219 -1.246129
v 11.663088 18.746796 -3.797650
v 10.442186 18.294495 0.934263
v 13.390903 19.292969 0.318345
v 12.833673 19.108124 -2.674346
v 8.409151 17.788849 -3.402583
v 8.204075 17.728180 -2.797026
v 9.244947 17.963806 0.564866
v 8.868961 17.928314 -3.932912
v 8.128638 17.718018 -2.226441
v 9.801362 18.096161 0.859104
v 10.941280 18.532990 -4.181848
v 9.462682 18.105988 -4.264501
v 11.144720 18.547089 0.847208
v 13.749596 19.416199 -0.420672
v 12.294714 18.938629 -3.282897
v 12.660360 19.112518 0.683200
v 13.259253 19.312622 -1.988864
v 8.777992 18.173553 0.143872
v 11.880806 18.856689 0.780087
v 10.155348 18.371185 -4.371335
v 13.624403 19.437347 -1.248334
v 11.655767 18.804230 -3.812035
v 8.037281 18.116608 -1.409161
v 10.407008 18.391113 0.960283
v 13.379833 19.349304 0.327564
v 12.828407 19.165283 -2.684211
v 8.383324 17.843048 -3.398637
v 8.160952 17.814392 -2.741174
v 9.125117 18.147003 0.492957
v 8.846462 17.981567 -3.934865
v 8.459877 18.150604 -0.292790
v 8.246152 18.108124 -0.697301
v 8.080275 17.884125 -2.175950
v 9.679007 18.321045 0.844025
v 10.928993 18.592316 -4.195127
v 9.443183 18.165558 -4.272103
v 11.127144 18.600220 0.866061
v 13.741508 19.473816 -0.417701
v 12.290731 18.995514 -3.296721
v -8.035532 17.879944 -1.576287
v -11.714548 18.806915 -3.734872
v -11.750917 18.818298 0.626848
v -10.237787 18.382263 -4.342603
v -10.300966 18.312073 0.911267
v -13.739199 19.459961 -1.206559
v -13.285578 19.313202 0.267392
v -12.861330 19.166748 -2.586114
v -8.136110 17.840973 -2.852065
v -8.912283 18.020935 -3.989491
v -9.002741 17.830963 0.668385
v -8.202440 17.716705 -0.319575
v -9.613104 18.062042 0.915487
v -11.002459 18.597839 -4.145848
v -9.526937 18.185669 -4.303281
v -11.007326 18.564117 0.767748
v -8.023912 17.851868 -2.206204
v -13.800348 19.482147 -0.371505
v -12.325129 18.995117 -3.194701
v -12.521608 19.068481 0.510982
v -13.342897 19.327057 -1.930226
v -8.546961 17.727692 0.248677
v -8.415789 17.895538 -3.492606
v -8.323732 17.273682 -0.311246
v -8.180429 17.388672 -1.585446
v -8.663393 17.309479 0.279672
v -8.194380 17.366089 -2.219605
v -9.203859 17.434723 0.703952
v -8.313265 17.375000 -2.858578
v -9.821421 17.614838 0.854420
v -8.590696 17.437653 -3.480145
v -10.472605 17.832367 0.803066
v -9.078825 17.558685 -3.955106
v -11.175508 18.075958 0.671048
v -9.682257 17.710938 -4.232495
v -11.920389 18.323700 0.553870
v -10.373804 17.889832 -4.241368
v -12.683115 18.568542 0.441874
v -11.119623 18.091095 -4.048577
v -13.424799 18.804993 0.205957
v -11.804583 18.291656 -3.631177
v -13.909533 18.962830 -0.396090
v -12.403688 18.476440 -3.100333
v -13.840502 18.937836 -1.187501
v -12.944117 18.645844 -2.511027
v -13.446161 18.807281 -1.886517
v 8.665692 17.191685 -0.176066
v 8.384505 17.145813 -0.732363
v 8.967704 17.214401 0.238660
v 9.429276 17.325989 0.618342
v 10.009645 17.465347 0.813789
v 8.402440 17.144958 -2.762254
v 10.655125 17.721283 0.797134
v 8.640365 17.213348 -3.394118
v 11.358942 17.962982 0.729330
v 9.095664 17.348663 -3.893433
v 12.109301 18.210205 0.680972
v 9.674185 17.517517 -4.202950
v 12.875181 18.456757 0.608488
v 10.356873 17.711731 -4.254560
v 13.563541 18.681641 0.264289
v 11.099260 17.922577 -4.082665
v 13.909515 18.799377 -0.439584
v 11.800585 18.128845 -3.703460
v 13.791492 18.760773 -1.235871
v 12.413555 18.315125 -3.192590
v 13.418072 18.634827 -1.949012
v 12.961962 18.484283 -2.610852
v -8.249807 17.865173 -0.288125
v -8.059584 17.983856 -1.561049
v -8.580481 17.892853 0.252204
v -8.059385 17.954926 -2.238738
v -9.065725 18.007996 0.666197
v -8.168478 17.960022 -2.873784
v -9.643911 18.188782 0.866602
v -8.443499 18.019806 -3.488396
v -10.284334 18.406372 0.848653
v -8.926176 18.139069 -3.969651
v -10.987810 18.650574 0.715871
v -9.530413 18.292938 -4.262109
v -11.736292 18.900391 0.585310
v -10.227289 18.474579 -4.289720
v -12.502176 19.146698 0.461891
v -10.979944 18.678009 -4.105836
v -13.246149 19.384094 0.218316
v -11.672205 18.880157 -3.690615
v -13.734324 19.543121 -0.393279
v -12.272730 19.065826 -3.154288
v -13.671251 19.519806 -1.197240
v -12.802858 19.234009 -2.551518
v -13.288408 19.392120 -1.910727
v 8.681026 17.432373 -0.156272
v 8.394938 17.368637 -0.623230
v 9.024633 17.533539 0.293899
v 9.446690 17.685669 0.630177
v 8.209018 17.566620 -2.200700
v 9.929162 17.920013 0.822915
v 8.260729 17.681396 -2.812604
v 10.488107 18.234894 0.859781
v 8.458170 17.788605 -3.405043
v 11.170086 18.532990 0.796729
v 8.911600 17.922272 -3.917672
v 11.924479 18.785797 0.726470
v 9.502163 18.094238 -4.244340
v 12.693184 19.034424 0.634005
v 10.198321 18.288574 -4.306764
v 13.381586 19.259705 0.276286
v 10.951935 18.504181 -4.136773
v 13.726292 19.377167 -0.436602
v 11.659151 18.714722 -3.753480
v 13.611443 19.339539 -1.241549
v 12.271896 18.902802 -3.234195
v 13.249289 19.216827 -1.965733
v 12.809626 19.070312 -2.640425
v -8.214056 17.877014 -0.349732
v -8.044832 17.981201 -1.560914
v -8.509989 17.903351 0.180166
v -8.046190 17.953094 -2.253566
v -8.987028 18.006317 0.628523
v -8.161623 17.960693 -2.897324
v -9.608698 18.183380 0.872947
v -8.450571 18.025391 -3.520524
v -10.283884 18.405487 0.863774
v -8.943926 18.147308 -3.997594
v -10.990519 18.650360 0.730780
v -9.548101 18.299469 -4.280107
v -11.738703 18.900330 0.600271
v -10.238367 18.477356 -4.303052
v -12.505526 19.147217 0.476708
v -10.986780 18.678436 -4.119481
v -13.254564 19.386383 0.231487
v -11.681070 18.880951 -3.702954
v -13.749331 19.547546 -0.388331
v -12.283175 19.067230 -3.165215
v -13.685503 19.523804 -1.201918
v -12.814104 19.236053 -2.561484
v -13.300585 19.395020 -1.919369
v 8.775911 17.537292 -0.013394
v 8.441233 17.477081 -0.587136
v 9.142737 17.660919 0.410563
v 9.550924 17.847839 0.701549
v 8.169270 17.674622 -2.199843
v 9.999063 18.076904 0.856520
v 8.220098 17.709015 -2.733260
v 10.517302 18.299438 0.874907
v 8.442498 17.785767 -3.407767
v 11.172840 18.534180 0.811622
v 8.899221 17.921204 -3.927762
v 11.926052 18.785126 0.741511
v 9.490359 18.092651 -4.256371
v 12.697342 19.035065 0.648778
v 10.192941 18.291321 -4.322305
v 13.392260 19.262787 0.287700
v 10.952797 18.506683 -4.152421
v 13.741249 19.381836 -0.434050
v 11.665928 18.716614 -3.766999
v 13.625349 19.343750 -1.246451
v 12.281763 18.904694 -3.245538
v 13.261703 19.220184 -1.973737
v 12.821026 19.072815 -2.650111
v 8.643915 17.293060 -0.208787
v 8.413692 17.208923 -0.686188
v 8.985772 17.377716 0.249362
v 8.243583 17.312775 -1.452183
v 9.435608 17.484070 0.609333
v 8.287979 17.236237 -2.124259
v 9.988909 17.623657 0.806280
v 8.370034 17.230530 -2.722661
v 10.628115 17.803162 0.804371
v 8.618184 17.281464 -3.393914
v 11.337070 18.028961 0.737063
v 9.074287 17.414520 -3.896176
v 12.088184 18.275970 0.686171
v 9.653650 17.583893 -4.207643
v 12.854387 18.522766 0.611404
v 10.338280 17.778534 -4.260747
v 13.542751 18.747681 0.265659
v 11.082293 17.989624 -4.088994
v 13.888582 18.865387 -0.439244
v 11.784399 18.195984 -3.709218
v 13.770922 18.826904 -1.236520
v 12.397367 18.382294 -3.197346
v 13.398788 18.701324 -1.950923
v 12.944559 18.551239 -2.614232
v 13.446098 18.691467 -1.976544
v 12.436420 18.365997 -3.234271
v 12.988506 18.538025 -2.645686
v 12.873304 18.503296 0.659606
v 8.937338 17.383850 0.277999
v 11.816366 18.177277 -3.750279
v 12.098724 18.252014 0.734532
v 10.347338 17.752594 -4.310769
v 10.655853 17.788574 0.854594
v 13.823746 18.820282 -1.251979
v 13.584238 18.736664 0.304424
v 8.337627 17.198029 -2.770783
v 9.050947 17.380981 -3.934979
v 9.392455 17.482117 0.644005
v 8.610384 17.317505 -0.157422
v 8.583204 17.244202 -3.420081
v 10.025164 17.609222 0.864060
v 11.104813 17.967804 -4.134904
v 9.645848 17.553864 -4.254205
v 11.348780 18.002808 0.784853
v 8.242827 17.241302 -2.180711
v 13.944641 18.859955 -0.430060
v -8.121267 17.429535 -1.583794
v -11.822145 18.344818 -3.678635
v -11.910807 18.372803 0.606037
v -10.365385 17.938721 -4.297059
v -10.462152 17.877991 0.858919
v -13.873140 19.002075 -1.203494
v -13.436098 18.862396 0.251689
v -12.969835 18.703461 -2.548272
v -8.251497 17.418274 -2.870421
v -9.034063 17.609802 -3.995591
v -9.153582 17.490143 0.739637
v -8.265669 17.326935 -0.297990
v -9.796423 17.661011 0.907276
v -11.125650 18.141510 -4.100652
v -9.654757 17.760925 -4.284608
v -11.167391 18.123474 0.725327
v -8.132631 17.407532 -2.221665
v -13.943613 19.027985 -0.378667
v -12.427332 18.531525 -3.142493
v -12.676920 18.619751 0.493265
v -13.472414 18.867828 -1.916747
v -8.612265 17.372101 0.303563
v -8.533785 17.485901 -3.506837
v -8.318010 17.326538 -0.308648
v -8.172552 17.427765 -1.583865
v -8.641733 17.356384 0.261102
v -8.185843 17.405487 -2.221139
v -9.161242 17.480011 0.685508
v -8.302732 17.420532 -2.859467
v -9.797880 17.652557 0.854448
v -8.578955 17.487366 -3.480025
v -10.460451 17.869324 0.806031
v -9.066324 17.608002 -3.955136
v -11.163431 18.112946 0.673933
v -9.670496 17.755798 -4.233991
v -11.908533 18.360840 0.555893
v -10.363710 17.929718 -4.244470
v -12.671473 18.605743 0.443163
v -11.110628 18.128906 -4.052289
v -13.413301 18.842285 0.206752
v -11.796061 18.329529 -3.635003
v -13.898256 19.000183 -0.395909
v -12.395258 18.514374 -3.103806
v -13.829607 18.975311 -1.188128
v -12.935030 18.683685 -2.513633
v -13.436007 18.844940 -1.888076
v -8.272398 17.751556 -0.287186
v -8.071646 17.925110 -1.563508
v -8.652334 17.747772 0.295781
v -8.075533 17.886749 -2.241095
v -9.177996 17.919891 0.712258
v -8.186674 17.889404 -2.871566
v -9.703062 18.124176 0.868531
v -8.463717 17.942322 -3.485940
v -10.303793 18.351929 0.844163
v -8.946470 18.061249 -3.965955
v -11.005579 18.596161 0.711628
v -9.548475 18.221802 -4.257508
v -11.753717 18.845825 0.582334
v -10.242544 18.412750 -4.284383
v -12.519304 19.091980 0.459996
v -10.993303 18.621826 -4.100369
v -13.263063 19.329285 0.217145
v -11.684732 18.824432 -3.684989
v -13.750910 19.488190 -0.393546
v -12.285128 19.010040 -3.149182
v -13.687273 19.464722 -1.196318
v -12.816233 19.178314 -2.547686
v -13.303347 19.336761 -1.908435
v -4.178988 1.783768 -5.125794
v 4.577427 1.118958 -5.071671
v 0.408178 1.131180 5.720897
v 4.029656 1.111740 -5.313531
v 7.905844 1.460312 -0.645934
v 7.988406 1.512360 -0.123860
v -0.904938 1.356049 -5.520951
v -0.318676 1.281403 -5.540315
v -0.161713 1.137909 5.737540
v -1.554899 1.447388 -5.496976
v 2.108571 1.123047 -5.581090
v 1.421480 1.144867 -5.572331
v -0.719221 1.160522 5.668458
v -2.931826 1.646118 -5.414311
v 3.439418 1.108536 -5.478372
v 2.813202 1.113693 -5.565808
v -2.449911 1.237640 5.388728
v 7.783461 1.402802 -1.185008
v 7.538586 1.345383 -1.710767
v -1.231459 1.177353 5.607306
v -1.814714 1.195648 5.522429
v 7.304705 1.542130 3.037339
v 7.578721 1.532898 2.511534
v 7.764921 1.541992 1.964204
v -7.490057 1.880661 2.832300
v 7.920721 1.556442 1.428825
v 2.165652 1.142181 5.481277
v 6.894182 1.241257 -2.769503
v -7.985346 1.897018 1.735034
v 4.657736 1.343399 4.782368
v 8.006317 1.560898 0.906562
v -7.715784 1.911423 2.270662
v 8.014420 1.549072 0.392362
v 7.240315 1.290726 -2.241015
v -8.162268 1.969925 0.079660
v 2.775403 1.160324 5.361355
v 5.939129 1.483932 4.321122
v 0.805138 1.177689 -5.564412
v 5.090817 1.131516 -4.743001
v 5.317001 1.416611 4.584741
v 5.600491 1.145279 -4.303914
v -6.368036 1.858170 -3.612870
v 0.239281 1.222595 -5.554566
v 6.077840 1.165115 -3.802052
v -8.182295 1.951340 0.620336
v 6.955168 1.549805 3.537119
v 6.495466 1.530853 3.975305
v -8.131784 1.913086 1.171832
v 6.513459 1.198532 -3.294825
v -6.247030 1.709854 4.283708
v -7.991381 1.953049 -0.999511
v -8.086275 1.975967 -0.453719
v -3.580687 1.725555 -5.298238
v -2.247030 1.548828 -5.468656
v -6.816404 1.864990 -3.126498
v -7.208750 1.869888 -2.612378
v -5.882647 1.850067 -4.089353
v -4.756788 1.824982 -4.886312
v -5.333601 1.845215 -4.526246
v -7.534655 1.893768 -2.077491
v -7.824049 1.921707 -1.552039
v -4.322725 1.430023 4.947156
v -4.931082 1.516647 4.776059
v -5.614988 1.604507 4.614585
v -3.058870 1.294083 5.223376
v -3.668173 1.354355 5.102280
v 1.566465 1.116501 5.616268
v 0.974573 1.114288 5.700357
v -6.817484 1.770721 3.911937
v -7.210604 1.833267 3.402481
v 3.379488 1.221710 5.166089
v 4.000048 1.287842 4.944561
v 0.735216 1.222473 -5.561681
v 1.335646 1.189301 -5.568925
v 0.179155 1.267426 -5.551858
v 7.997919 1.551849 -0.126300
v 8.023609 1.585571 0.391071
v 7.915553 1.501236 -0.649447
v 7.793530 1.443848 -1.189959
v 7.547842 1.386185 -1.716664
v 7.249260 1.332184 -2.247283
v 6.901715 1.283615 -2.775338
v 6.519724 1.241364 -3.300465
v 6.082328 1.207870 -3.806817
v 5.603634 1.187515 -4.307538
v 5.092925 1.173126 -4.746034
v 4.578630 1.160614 -5.075028
v 4.033199 1.152054 -5.314027
v 3.420146 1.152130 -5.483491
v 2.740734 1.157318 -5.573682
v 2.023996 1.166489 -5.580041
v -0.375309 1.327072 -5.537267
v -0.970951 1.405334 -5.516686
v -8.101458 1.991089 -0.454592
v -8.008085 1.971024 -1.001845
v -8.177279 1.982162 0.079704
v -7.841928 1.941696 -1.556948
v -7.552427 1.915466 -2.084227
v -7.227087 1.894806 -2.620835
v -6.832701 1.892181 -3.135484
v -6.382120 1.887634 -3.621886
v -5.894571 1.881882 -4.098447
v -5.341894 1.878677 -4.533574
v -4.762697 1.860382 -4.891938
v -4.195917 1.822617 -5.125028
v -3.627184 1.770676 -5.290105
v -3.011137 1.699203 -5.405950
v -2.348566 1.606735 -5.461701
v -1.648678 1.503006 -5.490628
v -0.650644 1.198578 5.702449
v -1.234241 1.227707 5.636943
v -0.102980 1.175110 5.768189
v -8.196058 1.960037 0.621589
v -8.145144 1.919632 1.174605
v -7.997446 1.902802 1.739732
v -7.725176 1.917114 2.276070
v -7.503096 1.890442 2.829967
v -7.230124 1.847549 3.393444
v -6.820131 1.787338 3.924321
v -6.258177 1.736526 4.292344
v -5.644648 1.644791 4.617208
v -4.935095 1.555923 4.791828
v -4.248167 1.461472 4.987199
v -3.585497 1.394684 5.147312
v -3.013067 1.322739 5.255327
v -2.464914 1.292847 5.418619
v -1.855885 1.262985 5.554358
v 0.409388 1.161652 5.743621
v 0.975620 1.139175 5.723354
v 8.016863 1.593033 0.906566
v 7.930951 1.584396 1.430202
v 7.773671 1.567825 1.965800
v 7.586424 1.558228 2.513610
v 7.310985 1.567917 3.040637
v 6.959581 1.576401 3.541885
v 6.498029 1.558167 3.981979
v 5.939186 1.511383 4.327818
v 5.317209 1.443359 4.594580
v 4.658167 1.368652 4.794431
v 4.001349 1.311005 4.957695
v 3.382293 1.242950 5.182969
v 2.777991 1.180191 5.381943
v 2.167380 1.161285 5.501935
v 1.568249 1.137314 5.638712
v 0.115292 1.220322 -5.554868
v 2.165738 1.134186 5.477191
v 4.658487 1.334854 4.781593
v 6.956252 1.541275 3.537727
v 5.940575 1.475464 4.321858
v 7.579276 1.524323 2.512196
v 7.905890 1.451691 -0.645596
v 7.538533 1.336761 -1.710494
v -1.226606 1.158463 5.600252
v -2.407244 1.210281 5.389472
v -1.072117 1.363525 -5.518636
v 8.014637 1.540482 0.392626
v 6.894342 1.232620 -2.769482
v 7.920609 1.547821 1.429090
v 4.030439 1.102127 -5.314923
v 6.078447 1.156525 -3.802464
v 5.091635 1.123001 -4.744065
v 1.345800 1.133240 -5.573960
v 2.742682 1.102829 -5.576001
v -8.159384 1.961792 0.079145
v -0.137392 1.120285 5.732353
v -8.128653 1.905136 1.170802
v -7.988539 1.944824 -0.999402
v -3.683668 1.724838 -5.275449
v -2.471750 1.565140 -5.458089
v -6.813955 1.856689 -3.125735
v -5.881289 1.841522 -4.088944
v -4.758184 1.816376 -4.886285
v -7.531595 1.885635 -2.076810
v -4.932322 1.500778 4.771907
v -6.225336 1.694824 4.294252
v -3.635160 1.331299 5.102938
v 0.974422 1.104111 5.695254
v -7.209532 1.823975 3.401120
v -7.714529 1.902756 2.270680
v 3.379686 1.213486 5.163441
v 0.713139 1.168884 -5.566487
v 7.988526 1.503754 -0.123557
v 7.783365 1.394180 -1.184657
v 7.240253 1.282089 -2.240803
v 6.513794 1.189911 -3.294953
v 5.601274 1.136734 -4.304677
v 4.578270 1.110046 -5.073052
v 3.415755 1.099838 -5.485963
v 2.030743 1.110580 -5.583848
v -0.451382 1.283035 -5.539517
v -8.083693 1.967697 -0.453984
v -7.820917 1.913559 -1.551564
v -7.205759 1.861771 -2.611478
v -6.366171 1.849716 -3.612296
v -5.332972 1.836578 -4.526486
v -4.213037 1.776886 -5.115022
v -3.108595 1.655365 -5.392549
v -1.774954 1.462341 -5.492436
v -0.678473 1.143723 5.668419
v -8.179453 1.943222 0.619550
v -7.982595 1.888947 1.733880
v -7.489325 1.871841 2.831441
v -6.800764 1.759171 3.922402
v -5.613363 1.590485 4.612722
v -4.280863 1.409439 4.953643
v -3.009626 1.272202 5.230427
v -1.805922 1.172638 5.514263
v 0.408684 1.118454 5.715391
v 8.006196 1.552292 0.906803
v 7.765218 1.533386 1.964694
v 7.305512 1.533585 3.038000
v 6.496631 1.522324 3.975741
v 5.318033 1.408051 4.584642
v 4.000640 1.279297 4.943324
v 2.775391 1.152527 5.357532
v 1.566397 1.107986 5.611474
v 0.176813 1.186661 -5.573693
v 2.168009 1.102921 5.472044
v 4.663466 1.308395 4.788978
v 6.967163 1.516830 3.546136
v 5.949505 1.450943 4.333072
v 7.590236 1.499252 2.518163
v 7.915955 1.425537 -0.646477
v 7.547372 1.310410 -1.714261
v -1.177778 1.095886 5.589671
v -2.370520 1.099365 5.359710
v -0.974083 1.323196 -5.539090
v 8.025398 1.514526 0.393240
v 6.903145 1.206619 -2.775164
v 7.930143 1.521774 1.432132
v 4.036510 1.075333 -5.329827
v 6.087741 1.131363 -3.810487
v 5.100074 1.098770 -4.755322
v 1.326111 1.106461 -5.591130
v 2.738171 1.072861 -5.594472
v -8.160200 1.933899 0.076659
v -0.134508 1.046280 5.711014
v -8.128508 1.877380 1.169135
v -7.989275 1.916641 -1.001134
v -3.632540 1.694122 -5.306912
v -2.357759 1.519974 -5.485337
v -6.814013 1.828751 -3.129670
v -5.883841 1.814346 -4.095227
v -4.761580 1.790894 -4.898206
v -7.530592 1.857513 -2.079371
v -4.936403 1.423752 4.761637
v -6.206308 1.645340 4.307137
v -3.633562 1.247772 5.083834
v 0.974749 1.054565 5.681029
v -7.204176 1.781830 3.413295
v -7.720129 1.873505 2.273963
v 3.383678 1.185806 5.164553
v 0.729477 1.140823 -5.583741
v 7.998949 1.477783 -0.123696
v 7.792695 1.367889 -1.186864
v 7.248707 1.255844 -2.245396
v 6.522725 1.164261 -3.301623
v 5.610549 1.112091 -4.314279
v 4.585545 1.085815 -5.086263
v 3.416036 1.071060 -5.503407
v 2.017563 1.082626 -5.601525
v -0.377640 1.247223 -5.558946
v -8.085371 1.939499 -0.456240
v -7.820284 1.885391 -1.553660
v -7.204641 1.833878 -2.614081
v -6.367647 1.822052 -3.617421
v -5.336924 1.810135 -4.535485
v -4.198084 1.750580 -5.136025
v -3.018915 1.616776 -5.427045
v -1.655510 1.416550 -5.514451
v -0.673620 1.060806 5.645350
v -8.180357 1.915192 0.617243
v -7.983351 1.861374 1.733784
v -7.492769 1.838440 2.838394
v -6.780493 1.706253 3.938389
v -5.619173 1.521133 4.603795
v -4.281744 1.329208 4.939842
v -3.006662 1.183151 5.207951
v -1.723118 1.081772 5.497882
v 0.409908 1.055359 5.697819
v 8.015915 1.526199 0.908434
v 7.775747 1.507782 1.969221
v 7.316564 1.508896 3.045199
v 6.506265 1.497894 3.985059
v 5.324554 1.382492 4.593879
v 4.005445 1.251968 4.949136
v 2.777916 1.124344 5.354574
v 1.567747 1.070206 5.601229
v 0.166626 0.671646 -5.712991
v 2.173655 0.627625 5.229527
v 4.710446 0.774048 4.740614
v 7.034972 0.984161 3.584150
v 6.039904 0.921371 4.379073
v 7.624868 0.963516 2.559530
v 7.918810 0.886719 -0.625336
v 7.544025 0.771027 -1.697161
v -1.213634 0.693878 5.421578
v -2.435545 0.724152 5.176813
v -0.990131 0.807434 -5.679879
v 8.038944 0.976578 0.409685
v 6.913165 0.667221 -2.773947
v 7.923195 0.982758 1.448754
v 4.085727 0.550903 -5.427438
v 6.125727 0.594513 -3.836213
v 5.151224 0.566818 -4.821763
v 1.334055 0.591660 -5.729150
v 2.778464 0.555527 -5.719831
v -7.980066 1.424652 0.044534
v -0.110733 0.632919 5.536081
v -7.932631 1.379883 1.104737
v -7.811506 1.402618 -0.994420
v -3.665056 1.170395 -5.422093
v -2.392187 1.008545 -5.624822
v -6.660978 1.309326 -3.082062
v -5.798941 1.279892 -4.069737
v -4.752874 1.251038 -4.946740
v -7.339167 1.349396 -2.036788
v -4.946104 0.972076 4.664796
v -6.257170 1.165009 4.184030
v -3.633841 0.831329 4.941664
v 0.967613 0.614105 5.454600
v -7.167406 1.276001 3.298025
v -7.666998 1.337509 2.227120
v 3.396131 0.672073 4.998995
v 0.725744 0.625992 -5.722646
v 8.006441 0.939560 -0.104773
v 7.786768 0.828888 -1.164901
v 7.244797 0.716415 -2.232070
v 6.543688 0.625656 -3.309716
v 5.659534 0.577850 -4.362035
v 4.634089 0.555756 -5.164701
v 3.464468 0.550888 -5.616189
v 2.041623 0.566208 -5.733560
v -0.390060 0.731064 -5.698991
v -7.923868 1.421570 -0.472806
v -7.624575 1.376373 -1.523936
v -7.017782 1.326599 -2.557856
v -6.251020 1.293655 -3.581443
v -5.297762 1.270020 -4.550542
v -4.213835 1.216293 -5.216516
v -3.055689 1.101151 -5.559068
v -1.680655 0.903946 -5.655683
v -0.635597 0.669113 5.507135
v -8.002722 1.407837 0.568084
v -7.811453 1.356186 1.661238
v -7.455828 1.312927 2.774040
v -6.769510 1.226852 3.776407
v -5.638952 1.065872 4.488041
v -4.266706 0.902832 4.812073
v -3.008684 0.780334 5.066184
v -1.855427 0.712936 5.300044
v 0.427826 0.629822 5.518234
v 8.008279 0.987778 0.923479
v 7.794338 0.969803 1.999876
v 7.367085 0.974564 3.086504
v 6.579090 0.965057 4.012295
v 5.389070 0.847641 4.587681
v 4.042473 0.718460 4.871783
v 2.777171 0.641373 5.117646
v 1.564466 0.618622 5.344955
v 0.725100 0.580780 -5.682527
v 1.333939 0.546631 -5.688931
v 0.165770 0.626358 -5.672917
v 2.042001 0.521515 -5.692849
v -0.391056 0.685669 -5.658990
v 2.776175 0.511276 -5.678674
v -0.991442 0.761917 -5.639993
v 3.456136 0.507233 -5.575131
v -1.682360 0.858383 -5.615945
v 4.070702 0.508224 -5.387269
v -2.392653 0.962982 -5.584996
v 4.612540 0.514175 -5.126153
v -3.051588 1.056030 -5.518758
v 5.123744 0.526291 -4.786263
v -3.653788 1.126984 -5.381566
v 5.626927 0.538666 -4.329602
v -4.195166 1.175781 -5.175420
v 6.089542 0.557175 -3.805363
v -4.726080 1.214417 -4.906438
v 6.504439 0.590179 -3.280108
v -5.262728 1.238388 -4.512685
v 6.871417 0.633347 -2.746329
v -5.757784 1.253601 -4.033181
v 7.200921 0.683716 -2.205788
v -6.206369 1.271683 -3.546967
v 7.498684 0.738846 -1.673362
v -6.612394 1.291428 -3.050362
v 7.738456 0.796570 -1.147000
v -6.965940 1.312057 -2.528939
v 7.869483 0.853729 -0.613827
v -7.286119 1.335587 -2.010819
v 7.956667 0.905853 -0.097750
v -7.568804 1.362350 -1.503243
v 7.989172 0.942795 0.410800
v -7.754274 1.387192 -0.981560
v 7.957543 0.954620 0.918824
v -7.866369 1.405197 -0.466464
v 7.873177 0.949234 1.440006
v -7.921225 1.409378 0.046375
v 7.746694 0.934433 1.988726
v -7.944204 1.393967 0.563722
v 7.579982 0.926147 2.543687
v -7.873934 1.367371 1.093520
v 7.326547 0.935623 3.064124
v -7.753622 1.340042 1.646369
v 7.000715 0.944534 3.553895
v -7.615938 1.313049 2.209669
v 6.552437 0.925232 3.974617
v -7.406862 1.285263 2.751257
v 6.023699 0.883072 4.336071
v -7.119207 1.248138 3.268809
v 5.380002 0.813354 4.538408
v -6.722128 1.196075 3.740029
v 4.702749 0.744293 4.688311
v -6.224577 1.124176 4.137385
v 4.034685 0.693466 4.818067
v -5.622766 1.027527 4.431529
v 3.387036 0.655106 4.941310
v -4.950773 0.935852 4.604837
v 2.767982 0.631668 5.057589
v -4.279406 0.857864 4.743099
v 2.165400 0.619186 5.169591
v -3.623774 0.787735 4.877759
v 1.556000 0.607407 5.282281
v -2.999002 0.734879 5.000386
v 0.960686 0.593521 5.388949
v -2.390966 0.693069 5.121169
v 0.406210 0.591629 5.450055
v -1.787266 0.661240 5.239926
v -0.128153 0.595566 5.469569
v -1.206697 0.633911 5.349451
v -0.660343 0.610550 5.431780
v 0.769510 1.164749 -5.526044
v 1.363018 1.132019 -5.534287
v 0.223743 1.208832 -5.516503
v 2.055676 1.108582 -5.542409
v -0.324875 1.267380 -5.501966
v 2.770248 1.100266 -5.535123
v -0.923014 1.343216 -5.482316
v 3.428402 1.098465 -5.443830
v -1.597862 1.437561 -5.458772
v 4.024466 1.102249 -5.275128
v -2.290182 1.535355 -5.435349
v 4.553095 1.110931 -5.037271
v -2.949057 1.625504 -5.387586
v 5.059476 1.125458 -4.720162
v -3.560389 1.707687 -5.278996
v 5.566211 1.140350 -4.286630
v -4.123014 1.772003 -5.111344
v 6.036563 1.160950 -3.789273
v -4.684202 1.819397 -4.886983
v 6.461748 1.194855 -3.290587
v -5.265184 1.844879 -4.536069
v 6.840348 1.237946 -2.777659
v -5.804365 1.855347 -4.095456
v 7.179572 1.287735 -2.252015
v -6.292002 1.864807 -3.640870
v 7.483672 1.342194 -1.729569
v -6.736506 1.874298 -3.162976
v 7.727068 1.399490 -1.208112
v -7.119390 1.885635 -2.651330
v 7.858753 1.456726 -0.674493
v -7.453360 1.904465 -2.136571
v 7.946291 1.509781 -0.148909
v -7.745043 1.932281 -1.611933
v 7.983062 1.548401 0.382316
v -7.936174 1.960571 -1.057715
v 7.954917 1.560806 0.914738
v -8.051901 1.980972 -0.508786
v 7.862947 1.555267 1.448380
v -8.116251 1.983490 0.038526
v 7.717654 1.540009 1.992169
v -8.149454 1.963867 0.596347
v 7.534238 1.530441 2.523126
v -8.072916 1.936661 1.155485
v 7.271546 1.537720 3.020507
v -7.914965 1.921722 1.708859
v 6.936408 1.545273 3.505030
v -7.720930 1.907684 2.268051
v 6.479173 1.525284 3.930158
v -7.477907 1.882523 2.821265
v 5.949245 1.483994 4.306425
v -7.179972 1.841232 3.366889
v 5.314891 1.416397 4.542255
v -6.762144 1.783676 3.865275
v 4.657131 1.347244 4.738491
v -6.224123 1.707245 4.276031
v 4.012247 1.290512 4.926065
v -5.590647 1.606583 4.573675
v 3.388939 1.236221 5.118113
v -4.912657 1.510727 4.760068
v 2.793140 1.190338 5.292771
v -4.247423 1.426834 4.916876
v 2.202731 1.161530 5.437037
v -3.604189 1.349854 5.068618
v 1.594128 1.144440 5.557603
v -2.991327 1.288132 5.209091
v 0.992769 1.134399 5.652311
v -2.394449 1.237808 5.345396
v 0.426800 1.138306 5.693390
v -1.798586 1.202209 5.468621
v -0.119949 1.145584 5.694866
v -1.216503 1.178192 5.571119
v -0.662357 1.159454 5.649200
v 0.767542 1.168839 -5.540792
v 1.362135 1.136078 -5.549535
v 0.223894 1.212906 -5.530530
v 2.055817 1.112518 -5.557828
v -0.318726 1.270538 -5.516370
v 2.771516 1.104019 -5.550565
v -0.908863 1.345276 -5.497025
v 3.431732 1.101974 -5.459027
v -1.593306 1.440903 -5.473851
v 4.029973 1.105438 -5.289762
v -2.299356 1.546158 -5.449010
v 4.560650 1.113724 -5.051034
v -2.957533 1.642838 -5.399480
v 5.068960 1.127853 -4.732770
v -3.567408 1.720551 -5.291928
v 5.577269 1.142242 -4.297944
v -4.127474 1.776794 -5.126275
v 6.048526 1.162277 -3.799695
v -4.691786 1.820465 -4.901391
v 6.474357 1.195602 -3.300282
v -5.274942 1.844360 -4.548699
v 6.853569 1.238205 -2.786525
v -5.815256 1.853363 -4.106919
v 7.193233 1.287628 -2.260180
v -6.303453 1.861526 -3.651452
v 7.497844 1.341904 -1.736830
v -6.748602 1.869980 -3.172408
v 7.742159 1.399277 -1.213372
v -7.132010 1.880600 -2.659632
v 7.874346 1.456696 -0.677712
v -7.466352 1.899094 -2.144040
v 7.962113 1.509872 -0.150765
v -7.758856 1.926910 -1.617865
v 7.999002 1.548553 0.382236
v -7.950750 1.955414 -1.061587
v 7.970751 1.560959 0.916511
v -8.066824 1.975922 -0.511109
v 7.878534 1.555588 1.451622
v -8.131258 1.978363 0.037221
v 7.732946 1.540741 1.996545
v -8.164488 1.958496 0.596741
v 7.548951 1.531723 2.529178
v -8.087748 1.931442 1.158116
v 7.285208 1.539490 3.028530
v -7.929766 1.917328 1.712761
v 6.948462 1.547348 3.515368
v -7.735121 1.904419 2.274246
v 6.489048 1.527313 3.942523
v -7.489267 1.879883 2.832700
v 5.956382 1.485428 4.320751
v -7.184370 1.838333 3.386240
v 5.319447 1.416702 4.557519
v -6.753382 1.779800 3.892261
v 4.661078 1.346176 4.753886
v -6.197176 1.701859 4.306887
v 4.016174 1.287827 4.941275
v -5.546946 1.601257 4.602821
v 3.392838 1.231766 5.132909
v -4.861135 1.506454 4.786306
v 2.797330 1.184433 5.306870
v -4.193457 1.422852 4.942774
v 2.208959 1.154999 5.450120
v -3.547796 1.346970 5.094954
v 1.607033 1.138367 5.569086
v -2.932253 1.286575 5.235948
v 1.015978 1.129639 5.662697
v -2.332865 1.237625 5.371936
v 0.460508 1.135254 5.704662
v -1.736773 1.203232 5.493231
v -0.077005 1.144440 5.708834
v -1.159086 1.179382 5.592747
v -0.611597 1.159775 5.667205
v 0.766348 1.147476 -5.530065
v 1.361376 1.115677 -5.538472
v 0.221947 1.190125 -5.520223
v 2.055299 1.092438 -5.546548
v -0.321722 1.246399 -5.506455
v 2.770411 1.084061 -5.539071
v -0.913038 1.320068 -5.487432
v 3.429163 1.082214 -5.447438
v -1.597303 1.413895 -5.464707
v 4.025737 1.085922 -5.278211
v -2.302099 1.517700 -5.439996
v 4.554730 1.094528 -5.039716
v -2.958937 1.615540 -5.389482
v 5.061244 1.108994 -4.721978
v -3.566439 1.696732 -5.280351
v 5.567881 1.123810 -4.287812
v -4.124056 1.756668 -5.113309
v 6.038020 1.144348 -3.789716
v -4.685266 1.802780 -4.887898
v 6.462922 1.178238 -3.290299
v -5.265116 1.828201 -4.535424
v 6.841203 1.221329 -2.776799
v -5.803083 1.838806 -4.093743
v 7.180160 1.271133 -2.250745
v -6.289648 1.848495 -3.638287
v 7.484085 1.325592 -1.728024
v -6.733095 1.858276 -3.159880
v 7.727381 1.382919 -1.206431
v -7.115171 1.869858 -2.647965
v 7.859048 1.440140 -0.672826
v -7.448759 1.888824 -2.133113
v 7.946577 1.493179 -0.147502
v -7.740198 1.916611 -1.608945
v 7.983231 1.531754 0.383098
v -7.931170 1.944809 -1.055621
v 7.954989 1.544144 0.914850
v -8.046797 1.965134 -0.507622
v 7.863228 1.538605 1.448149
v -8.110888 1.967697 0.038741
v 7.718452 1.523361 1.992074
v -8.143808 1.948196 0.595450
v 7.535496 1.513824 2.523691
v -8.067446 1.920990 1.153781
v 7.273058 1.521164 3.021706
v -7.910524 1.905701 1.707127
v 6.938177 1.528748 3.506374
v -7.717787 1.889908 2.266278
v 6.481188 1.508789 3.931380
v -7.475088 1.859955 2.818362
v 5.951292 1.467468 4.307240
v -7.176702 1.810593 3.361084
v 5.316681 1.399826 4.542150
v -6.759741 1.743011 3.855350
v 4.658385 1.330673 4.737112
v -6.250299 1.675552 4.251511
v 4.012864 1.274094 4.923096
v -5.653639 1.556335 4.534807
v 3.388883 1.220230 5.113249
v -4.951208 1.433380 4.726874
v 2.791439 1.174179 5.286199
v -4.255125 1.357925 4.891659
v 2.198899 1.144638 5.429235
v -3.609705 1.278351 5.039980
v 1.592157 1.118973 5.544224
v -2.995520 1.213852 5.176422
v 0.989832 1.097061 5.632890
v -2.397390 1.162109 5.310040
v 0.423262 1.087646 5.668464
v -1.800959 1.125961 5.433129
v -0.123442 1.083405 5.666240
v -1.219122 1.103287 5.537552
v -0.665461 1.088928 5.617931
v 0.728933 0.633560 -5.668328
v 1.336487 0.599533 -5.674943
v 0.171021 0.679031 -5.658650
v 2.043235 0.574585 -5.679254
v -0.384508 0.738220 -5.644681
v 2.775640 0.564514 -5.665700
v -0.983921 0.814377 -5.625607
v 3.453629 0.560669 -5.563264
v -1.674255 0.910843 -5.601575
v 4.066523 0.561920 -5.377133
v -2.384237 1.015686 -5.571118
v 4.607168 0.568100 -5.118119
v -3.042971 1.109100 -5.506490
v 5.117936 0.580444 -4.780290
v -3.645647 1.180511 -5.372052
v 5.621439 0.593048 -4.325719
v -4.188540 1.229919 -5.169641
v 6.084754 0.611740 -3.803910
v -4.722288 1.269104 -4.904717
v 6.500581 0.644836 -3.281056
v -5.262949 1.293213 -4.514798
v 6.868609 0.687988 -2.749161
v -5.761992 1.307983 -4.038812
v 7.198992 0.738312 -2.209967
v -6.214109 1.325287 -3.555455
v 7.497326 0.793381 -1.678443
v -6.623613 1.344116 -3.060542
v 7.737426 0.851059 -1.152522
v -6.979807 1.363892 -2.540000
v 7.868513 0.908234 -0.619311
v -7.301237 1.386993 -2.022187
v 7.955730 0.960449 -0.102374
v -7.584734 1.413864 -1.513066
v 7.988620 0.997528 0.408226
v -7.770716 1.439011 -0.988444
v 7.957305 1.009415 0.918455
v -7.883139 1.457245 -0.470290
v 7.872253 1.004013 1.440764
v -7.938852 1.461258 0.045667
v 7.744069 0.989166 1.989038
v -7.962751 1.445480 0.566671
v 7.575848 0.980759 2.541829
v -7.891920 1.418823 1.099120
v 7.321575 0.990036 3.060182
v -7.768206 1.392609 1.652017
v 6.994903 0.998825 3.549478
v -7.625433 1.366989 2.215028
v 6.545815 0.979462 3.970599
v -7.413393 1.340836 2.757667
v 6.016970 0.937378 4.333391
v -7.124968 1.306534 3.278047
v 5.374117 0.867874 4.538755
v -6.726133 1.258469 3.752460
v 4.698625 0.798798 4.692846
v -6.216322 1.194687 4.157757
v 4.032658 0.747421 4.827827
v -5.591333 1.093796 4.457210
v 3.387208 0.707642 4.957290
v -4.925577 0.995850 4.624436
v 2.770668 0.682465 5.078839
v -4.275072 0.934402 4.763068
v 2.170017 0.670654 5.194501
v -3.620546 0.867798 4.901064
v 1.559700 0.662109 5.309524
v -2.997332 0.819046 5.027521
v 0.963907 0.656540 5.417636
v -2.391016 0.780991 5.152310
v 0.408360 0.664658 5.479277
v -1.788263 0.751709 5.273451
v -0.127125 0.677551 5.499071
v -1.207407 0.724731 5.382214
v -0.660391 0.698624 5.462404
v 7.861766 21.071716 -1.020682
v 7.777737 20.964020 -1.044764
v 7.861102 18.098816 -0.697032
v 6.956162 12.739029 -0.080664
v 7.348970 9.774673 0.125066
v 7.404486 8.459076 0.221380
v 7.730002 7.132233 0.325860
v 8.039428 0.943024 0.405210
v 7.688978 16.398041 -0.441018
v 7.699746 6.525955 0.365428
v 7.947050 3.264725 0.348022
v 8.237635 17.194092 -1.490136
v 7.975250 18.437256 -1.426688
v 7.744461 20.310944 -1.170243
v 7.766760 19.878906 -1.251429
v 7.886434 18.959991 -1.369126
v 7.952063 20.765228 -0.951569
v 7.963474 21.015045 -0.997935
v 7.876208 20.294128 -0.906596
v 7.929858 21.064819 -1.008677
v 7.910010 20.563995 -0.927117
v 8.196411 17.512177 -1.485074
v 8.241014 17.319000 -1.476523
v 8.201499 17.303070 -1.486073
v 8.014143 1.548691 0.386853
v 8.023336 1.585220 0.385547
v 8.014359 1.540085 0.387115
v 8.038597 0.976181 0.404193
v 7.982838 1.531342 0.377435
v 7.852178 21.089417 -1.053820
v 7.736851 20.737000 -1.116894
v 7.771688 21.021729 -1.069375
v 7.869397 18.209991 -0.815821
v 7.794618 17.111328 -0.619193
v 6.964602 12.742386 -0.105918
v 7.337469 11.377914 0.026008
v 7.466361 8.348785 0.190511
v 7.740298 7.100662 0.291980
v 7.898240 4.089081 0.333022
v 8.049013 0.932175 0.393343
v 7.858855 19.330078 -0.971368
v 7.839216 17.606995 -0.717282
v 7.014638 13.483124 -0.178393
v 7.153113 12.061737 -0.031426
v 7.423941 10.786194 0.066045
v 7.679626 7.658371 0.246173
v 7.702260 6.318085 0.333411
v 7.748152 4.890228 0.340112
v 7.845171 19.892273 -0.984204
v 7.873468 18.831818 -0.901124
v 8.241123 17.175140 -1.539294
v 7.810735 19.404877 -1.375657
v 7.978573 18.395081 -1.489884
v 7.730073 20.316925 -1.214947
v 7.753972 19.885223 -1.301306
v 7.954164 20.805420 -0.985337
v 7.962759 20.964661 -1.029042
v 7.963126 20.865692 -1.004918
v 7.949189 21.020538 -1.037217
v 7.871682 20.383179 -0.967934
v 7.916603 21.070221 -1.045737
v 7.917497 20.673401 -0.985303
v 8.123367 17.648346 -1.537963
v 8.094660 17.789337 -1.529979
v 8.049360 18.017731 -1.518576
v 8.189217 17.549042 -1.535205
v 8.172264 17.606415 -1.516240
v 8.237898 17.346344 -1.525996
v 8.203007 17.289307 -1.540402
v 8.023661 1.546692 0.374444
v 8.032863 1.583298 0.373138
v 8.023790 1.541336 0.374482
v 8.034538 1.515381 0.375037
v 8.047923 0.975540 0.391636
v 7.978114 0.931381 0.394948
v 7.971614 1.557129 0.364297
v 7.997654 1.557312 0.363456
v 7.977426 0.996201 0.391596
v 7.879472 21.096375 -0.929917
v 7.776089 20.655457 -1.008273
v 7.849576 18.223999 -0.519574
v 7.997563 2.461578 0.379924
v 7.262479 14.242706 -0.181090
v 6.958823 12.743927 -0.038827
v 7.317751 11.492676 0.128103
v 7.410431 8.489395 0.313018
v 7.726857 7.291351 0.432539
v 7.723394 5.695908 0.427090
v 7.900262 4.087006 0.365129
v 8.049315 0.933701 0.423733
v 7.871036 19.290070 -0.636420
v 8.025642 1.910706 0.393483
v 7.427503 14.961914 -0.205350
v 7.007978 13.486557 -0.130660
v 7.404993 10.742294 0.161933
v 7.302499 9.210098 0.256570
v 7.611643 7.823196 0.377580
v 7.706454 6.528748 0.434497
v 7.744697 4.894073 0.394240
v 7.957048 3.263275 0.365995
v 7.874817 19.825104 -0.732335
v 7.867501 18.774719 -0.594908
v 7.806188 20.958832 -0.962489
v 8.243645 17.188202 -1.365462
v 7.824302 19.532806 -1.206052
v 7.982613 18.440613 -1.346968
v 7.770949 20.279266 -1.085562
v 7.777427 19.964294 -1.160203
v 7.908394 18.936859 -1.260867
v 8.154766 17.537170 -1.363591
v 7.979921 20.981232 -0.906089
v 7.966358 21.036377 -0.920790
v 7.891770 20.314667 -0.787101
v 7.934779 21.084015 -0.932355
v 7.922464 20.593567 -0.826133
v 8.127570 17.671936 -1.371201
v 8.091042 17.861755 -1.372266
v 8.041651 18.123901 -1.344588
v 8.262768 17.195679 -1.399009
v 8.205032 17.499298 -1.393819
v 8.242244 17.335663 -1.406293
v 8.198919 17.331757 -1.392567
v 8.033579 1.584564 0.403398
v 8.024496 1.542847 0.404938
v 8.035231 1.516907 0.405699
v 8.048306 0.977066 0.422369
v 7.978447 0.932846 0.422461
v 7.972202 1.558685 0.394168
v 7.998244 1.558945 0.394665
v 7.977794 0.997696 0.419729
v 7.997434 2.463623 0.349366
v 7.590325 15.692078 -0.422618
v 7.269361 14.239899 -0.229949
v 7.382334 10.104584 0.073699
v 7.733584 5.542236 0.332999
v 8.024744 1.911148 0.363090
v 7.712321 16.433777 -0.554427
v 7.450736 14.959198 -0.316659
v 7.332807 9.206085 0.103067
v 7.956381 3.265930 0.335428
v 7.892685 18.883026 -1.440041
v 8.156805 17.487274 -1.539576
v 8.264679 17.185242 -1.555487
v 7.971910 1.530365 0.365815
v 7.737262 17.096680 -0.328351
v 7.545985 15.692352 -0.217730
v 7.342760 9.939529 0.208749
v 7.808203 17.749207 -0.422717
v 7.647472 16.402313 -0.256297
v 7.150772 12.064896 0.057544
v 7.954321 20.765472 -0.856486
v 7.975129 20.868866 -0.879225
v 8.187464 17.569305 -1.371321
v 8.024355 1.548172 0.404732
v 7.972474 1.531921 0.395154
v 7.831777 21.099854 -1.119637
v 7.705355 20.709595 -1.205039
v 7.738575 20.997559 -1.136054
v 7.850511 17.639404 -0.883713
v 7.787050 16.933105 -0.744221
v 7.873702 18.276306 -0.988509
v 8.021147 1.910049 0.279592
v 8.043733 0.926224 0.310727
v 7.994838 2.466385 0.265689
v 7.701746 16.232147 -0.667449
v 7.601182 15.664764 -0.537553
v 7.457493 14.946655 -0.401246
v 7.252246 14.164948 -0.304831
v 7.006277 13.406815 -0.254332
v 6.968305 12.735397 -0.182570
v 7.149003 12.072464 -0.106030
v 7.318050 11.386597 -0.051306
v 7.398033 10.673019 0.002824
v 7.330920 9.803268 -0.031388
v 7.307814 9.003510 0.006934
v 7.433850 8.435715 0.081420
v 7.650958 7.779190 0.155805
v 7.748154 7.116257 0.215188
v 7.689595 6.409180 0.258432
v 7.723944 5.651382 0.270459
v 7.751700 4.891327 0.269656
v 7.890827 4.092789 0.252481
v 7.951390 3.270050 0.252633
v 7.806777 19.996948 -1.125842
v 7.834376 19.463623 -1.107293
v 7.864791 18.880066 -1.064030
v 7.740694 19.870422 -1.396661
v 7.707378 20.316956 -1.302653
v 7.806000 19.370667 -1.480382
v 7.891973 18.848114 -1.550498
v 7.979551 18.364288 -1.600791
v 8.156732 17.482178 -1.639695
v 8.250023 17.154816 -1.614981
v 7.925066 20.780457 -1.044219
v 7.934370 20.966949 -1.103369
v 7.931992 20.863159 -1.084359
v 7.924568 21.023010 -1.105048
v 7.836797 20.302979 -1.042630
v 7.894432 21.074097 -1.114653
v 7.867307 20.589661 -1.074281
v 8.122673 17.644226 -1.639798
v 8.094778 17.778320 -1.637538
v 8.050494 17.993958 -1.627461
v 8.272591 17.161041 -1.654299
v 8.205515 17.493225 -1.599522
v 8.174692 17.606232 -1.633036
v 8.253967 17.292755 -1.647603
v 8.211508 17.259308 -1.651147
v 8.019482 1.540802 0.291520
v 8.028736 1.577866 0.290031
v 8.019596 1.535431 0.291564
v 8.030289 1.509476 0.292001
v 8.042702 0.969604 0.308995
v 7.972892 0.925446 0.313257
v 7.965708 1.550919 0.278964
v 7.991728 1.551102 0.277837
v 7.966022 1.524170 0.280582
v 7.972142 0.990234 0.309575
v 7.862669 17.696564 -1.122306
v 7.817887 17.064606 -0.988902
v 7.872983 18.327576 -1.224459
v 8.008094 1.908783 0.211215
v 8.029033 0.931305 0.242591
v 7.982619 2.468155 0.197147
v 7.742608 16.410248 -0.864268
v 7.630162 15.707397 -0.736811
v 7.473273 14.951813 -0.562899
v 7.261720 14.186920 -0.410790
v 7.019222 13.441162 -0.352353
v 6.966555 12.738159 -0.312712
v 7.135795 12.082092 -0.256747
v 7.278851 11.504242 -0.175925
v 7.345338 10.724579 -0.181702
v 7.299732 9.881332 -0.270106
v 7.281173 9.167847 -0.167193
v 7.391871 8.496399 -0.119572
v 7.625970 7.868805 -0.036702
v 7.750972 7.215775 0.041412
v 7.682478 6.503281 0.086263
v 7.707190 5.713394 0.131740
v 7.744872 4.905106 0.173200
v 7.874728 4.094696 0.180492
v 7.937213 3.272827 0.184659
v 7.765241 20.117157 -1.286486
v 7.785924 19.585724 -1.340136
v 7.844995 18.949982 -1.289943
v 8.157060 17.495575 -1.820351
v 8.251667 17.162018 -1.796525
v 7.870111 20.763519 -1.204472
v 7.880250 20.871185 -1.241256
v 7.875573 20.925995 -1.270545
v 7.807045 20.390930 -1.169270
v 7.823152 20.602692 -1.239640
v 8.126493 17.641052 -1.826791
v 8.102668 17.752350 -1.834355
v 8.281931 17.169281 -1.847449
v 8.198664 17.525757 -1.758982
v 8.170072 17.636841 -1.888144
v 8.251329 17.325531 -1.844935
v 8.209225 17.290802 -1.846429
v 8.005917 1.537079 0.223628
v 8.015213 1.574554 0.221959
v 8.006102 1.528473 0.223903
v 8.016753 1.502518 0.224273
v 8.028320 0.964478 0.241527
v 7.978547 0.930725 0.244573
v 7.971043 1.535782 0.208677
v 7.986945 1.535904 0.208017
v 7.971249 1.519150 0.209665
v 7.977869 0.985413 0.241328
v 7.949855 18.882721 -1.126500
v 7.824490 20.715088 -0.865617
v 7.770426 17.731232 -0.267472
v 7.829696 18.401337 -0.411055
v 7.697817 17.071289 -0.172917
v 8.026676 1.905014 0.490277
v 7.994245 2.449707 0.476322
v 8.043335 0.935791 0.519835
v 7.612583 16.393799 -0.117760
v 7.517042 15.692108 -0.101701
v 7.407339 14.966675 -0.111947
v 7.234863 14.208038 -0.089003
v 6.984491 13.461395 -0.038163
v 6.946966 12.744827 0.042552
v 7.139567 12.074890 0.140212
v 7.324990 11.372559 0.220952
v 7.381663 10.610168 0.265336
v 7.314837 9.871857 0.299058
v 7.286731 9.164062 0.351239
v 7.399956 8.477432 0.414879
v 7.605871 7.847900 0.483309
v 7.721977 7.182373 0.525822
v 7.680005 6.444916 0.521850
v 7.708664 5.671524 0.501473
v 7.741642 4.881073 0.474192
v 7.903818 4.074982 0.459112
v 7.953860 3.249557 0.461906
v 7.869760 19.953064 -0.597083
v 7.860207 19.443268 -0.541428
v 7.857545 18.989960 -0.515765
v 7.829713 19.784576 -1.075660
v 7.818303 20.268097 -0.957324
v 7.876100 19.285278 -1.151898
v 8.183783 17.479950 -1.247987
v 7.998226 18.446198 -1.247447
v 8.266814 17.177277 -1.194302
v 7.890176 21.115906 -0.812207
v 7.832371 21.010895 -0.886708
v 7.953179 20.811310 -0.748570
v 7.971088 21.026062 -0.809321
v 7.969307 20.910706 -0.777438
v 7.957784 21.078552 -0.825825
v 7.893163 20.371429 -0.659909
v 7.930492 21.120880 -0.832103
v 7.925130 20.643005 -0.710129
v 8.150264 17.651337 -1.239520
v 8.119711 17.823792 -1.235425
v 8.068514 18.084808 -1.235318
v 8.277492 17.185028 -1.256165
v 8.218885 17.476166 -1.303399
v 8.213549 17.548065 -1.206710
v 8.264028 17.302765 -1.265267
v 8.226493 17.285675 -1.250600
v 8.022840 1.550385 0.500925
v 8.032317 1.585968 0.499833
v 8.022917 1.545059 0.501127
v 8.033457 1.519089 0.502076
v 8.042568 0.979156 0.518486
v 7.972530 0.935074 0.517499
v 7.966938 1.561020 0.493770
v 7.992959 1.561264 0.494614
v 7.967191 1.534241 0.494632
v 7.971935 0.999924 0.515178
v 7.995791 18.933136 -0.955203
v 7.922132 20.684448 -0.591494
v 7.722629 17.694733 -0.056935
v 7.782124 18.323486 -0.176160
v 7.645259 17.062012 0.037484
v 8.017353 1.900375 0.562523
v 7.981679 2.440308 0.548078
v 8.028570 0.947342 0.590803
v 7.557481 16.390381 0.084680
v 7.464794 15.693787 0.084472
v 7.364343 14.970917 0.043197
v 7.208315 14.212555 0.011207
v 6.959265 13.464874 0.061208
v 6.926393 12.744553 0.174823
v 7.121132 12.050858 0.304631
v 7.293412 11.265030 0.429082
v 7.340318 10.475800 0.398395
v 7.262815 9.871490 0.466210
v 7.252200 9.156021 0.523690
v 7.381206 8.473480 0.593597
v 7.593262 7.823669 0.662016
v 7.698647 7.136505 0.693994
v 7.652862 6.409912 0.673103
v 7.683417 5.653229 0.619958
v 7.728313 4.868713 0.561963
v 7.896661 4.064133 0.533264
v 7.941397 3.238708 0.533512
v 7.856361 20.038086 -0.376429
v 7.834469 19.500885 -0.325837
v 7.827940 18.939880 -0.338723
v 7.911546 19.799774 -0.851491
v 7.909143 20.280884 -0.719428
v 7.920575 19.321655 -0.998217
v 8.242992 17.454651 -1.016053
v 8.044367 18.484253 -1.042237
v 8.315735 17.164673 -0.926957
v 7.923038 21.146515 -0.584409
v 7.868267 20.974335 -0.737048
v 7.947928 20.883575 -0.555178
v 7.965259 21.103333 -0.627089
v 7.961982 20.984467 -0.590796
v 7.955271 21.150574 -0.640664
v 7.888482 20.445648 -0.446318
v 7.937531 21.179108 -0.635699
v 7.922166 20.714783 -0.506495
v 8.210058 17.635162 -1.008776
v 8.178503 17.823792 -1.008099
v 8.125288 18.084564 -1.018737
v 8.311008 17.156982 -1.041312
v 8.278753 17.440918 -1.039912
v 8.274296 17.527283 -0.980147
v 8.311829 17.256439 -1.039054
v 8.281082 17.277496 -1.001359
v 8.011580 1.553223 0.572640
v 8.021244 1.588196 0.571801
v 8.011678 1.544617 0.572894
v 8.022074 1.518616 0.573866
v 8.028193 0.980499 0.589820
v 7.978083 0.946945 0.588912
v 7.973195 1.552750 0.568980
v 7.989098 1.552902 0.569551
v 7.973329 1.536102 0.569529
v 7.977641 1.001694 0.587111
v -7.941561 18.468536 -1.560225
v -7.682970 20.654968 -1.363284
v -7.816031 19.124481 -1.512803
v -7.687681 21.059845 -1.263510
v -7.968702 1.393234 0.040126
v -7.877626 18.826752 -0.658015
v -7.889818 17.410126 -0.538428
v -7.592665 15.894226 -0.443909
v -6.945196 12.789520 -0.245560
v -7.166285 11.255096 -0.086121
v -7.674265 6.783295 0.354327
v -7.935293 18.123627 -0.588633
v -8.225851 2.120636 0.085901
v -6.872637 11.993484 -0.181306
v -7.752779 4.872787 0.433556
v -7.799295 19.410187 -0.718882
v -7.688833 21.276672 -0.995339
v -7.682756 21.235565 -0.982487
v -7.694220 21.030518 -0.951541
v -7.688406 20.906616 -0.930396
v -7.688219 21.339508 -1.013360
v -7.687586 21.371857 -1.023467
v -8.033049 17.950256 -1.578116
v -8.015600 17.997406 -1.576209
v -8.035810 17.877716 -1.579417
v -8.180468 17.388550 -1.588462
v -8.071741 17.924347 -1.566811
v -8.159029 1.961807 0.076638
v -8.159849 1.933914 0.074153
v -7.979803 1.424637 0.042102
v -7.920965 1.409348 0.043966
v -8.110586 1.967697 0.036174
v -7.686243 20.258881 -1.417605
v -7.673273 20.636475 -1.381938
v -7.735292 19.681274 -1.477820
v -7.807058 19.126038 -1.528428
v -7.929468 18.476837 -1.574919
v -8.026430 17.924530 -1.593070
v -8.123449 17.366241 -1.601777
v -7.691866 21.484344 -1.072592
v -7.673277 21.390747 -1.161782
v -7.678015 21.048523 -1.283278
v -7.946085 18.108734 -0.599784
v -7.895754 18.733154 -0.666054
v -7.901583 17.407257 -0.549536
v -8.235369 2.123077 0.072665
v -7.952051 2.517487 0.142081
v -7.973753 1.380386 0.027946
v -7.766825 16.660797 -0.502488
v -7.604006 15.890594 -0.455792
v -7.442114 15.108063 -0.408749
v -7.280577 14.319275 -0.360440
v -7.118280 13.535858 -0.311528
v -6.951880 12.766891 -0.257806
v -6.885866 11.981308 -0.192477
v -7.174776 11.257034 -0.095954
v -7.465017 10.548538 0.042468
v -7.609247 9.760834 0.144342
v -7.617624 8.967682 0.160489
v -7.620024 8.181625 0.174487
v -7.644766 7.442062 0.241658
v -7.675917 6.775345 0.340427
v -7.642179 6.192154 0.456044
v -7.607515 5.554184 0.486098
v -7.763327 4.862366 0.419975
v -7.898359 4.071411 0.309379
v -7.967001 3.248718 0.213142
v -7.686373 20.516510 -0.886046
v -7.780813 19.930725 -0.814152
v -7.807867 19.363617 -0.735808
v -7.695993 21.161133 -0.989154
v -7.694342 21.277649 -1.013247
v -7.698454 21.034607 -0.971129
v -7.693247 20.928467 -0.953898
v -7.694017 21.341736 -1.030762
v -7.693483 21.374908 -1.040547
v -8.022837 17.947510 -1.592082
v -8.005003 17.997101 -1.589844
v -8.025095 17.878235 -1.593701
v -8.192675 17.380188 -1.602273
v -8.067190 17.994934 -1.580884
v -8.042841 17.990173 -1.580226
v -8.111708 17.426819 -1.601201
v -8.182791 17.429077 -1.601191
v -8.081266 17.926910 -1.582330
v -8.168776 1.964188 0.063878
v -8.183790 1.976517 0.063863
v -8.167402 1.960510 0.063226
v -8.168257 1.932602 0.060844
v -7.988039 1.421310 0.029390
v -7.907000 1.402893 0.033864
v -8.108213 1.996246 0.024345
v -8.132738 1.987854 0.021907
v -8.099638 1.970871 0.024982
v -7.927824 1.464386 0.032682
v -7.676073 21.372620 -1.134495
v -8.123522 17.365295 -1.570842
v -7.743250 19.680695 -1.439704
v -7.932081 18.470276 -1.541066
v -7.678999 20.634644 -1.344132
v -7.693968 20.257599 -1.376460
v -8.027723 17.923553 -1.560595
v -7.693422 21.481598 -1.049123
v -7.812906 19.109863 -1.492673
v -7.683283 21.043518 -1.243378
v -7.975698 1.380081 0.054002
v -7.893694 18.758240 -0.624371
v -7.953798 2.513977 0.168525
v -7.895834 17.409973 -0.520791
v -7.600878 15.908722 -0.425864
v -7.282919 14.353424 -0.324080
v -6.954298 12.802628 -0.226868
v -7.167692 11.260086 -0.070132
v -7.617292 9.768112 0.168214
v -7.623167 8.207626 0.201047
v -7.673979 6.825424 0.368467
v -7.602747 5.582031 0.517424
v -7.897493 4.068665 0.336555
v -7.794180 19.932159 -0.751979
v -7.942991 18.118744 -0.569571
v -8.237661 2.120880 0.101056
v -7.760595 16.666321 -0.473744
v -7.440382 15.127289 -0.376088
v -7.125525 13.588440 -0.277953
v -6.877367 12.002441 -0.164952
v -7.470583 10.551041 0.067659
v -7.624376 8.973602 0.187909
v -7.642538 7.494781 0.265071
v -7.644213 6.227173 0.482082
v -7.763121 4.873962 0.450185
v -7.971415 3.244690 0.239410
v -7.697405 20.521667 -0.843024
v -7.815863 19.364258 -0.687573
v -7.700464 21.288391 -0.975848
v -7.703188 21.162903 -0.948462
v -7.693933 21.223175 -0.956158
v -7.695547 21.243103 -0.957791
v -7.706579 21.036072 -0.928601
v -7.702955 20.928009 -0.910865
v -7.698988 21.350555 -0.994105
v -7.697863 21.387512 -1.005378
v -8.024153 17.946320 -1.560019
v -8.006430 17.995270 -1.558060
v -8.026503 17.876251 -1.561087
v -8.192839 17.379089 -1.572028
v -8.068296 17.993774 -1.544152
v -8.043932 17.989044 -1.543357
v -8.112013 17.425537 -1.568789
v -8.182989 17.428040 -1.569218
v -8.081907 17.927002 -1.547667
v -8.171293 1.963425 0.091659
v -8.186277 1.975586 0.091737
v -8.170000 1.959793 0.091245
v -8.170816 1.931900 0.088748
v -7.990114 1.420929 0.056165
v -7.908930 1.402710 0.058749
v -8.110769 1.995865 0.052284
v -8.135321 1.987442 0.050336
v -8.102114 1.970520 0.052295
v -7.929865 1.464157 0.058316
v -7.676027 20.246552 -1.495124
v -7.665049 20.634186 -1.456485
v -7.726767 19.675812 -1.551726
v -7.817678 19.107880 -1.606316
v -7.925234 18.475800 -1.660054
v -8.023920 17.921509 -1.680905
v -8.125502 17.362762 -1.691884
v -7.685358 21.493469 -1.133639
v -7.669069 21.393555 -1.228965
v -7.671541 21.050903 -1.353158
v -7.948919 18.109589 -0.678797
v -7.888678 18.789764 -0.743851
v -7.913172 17.397858 -0.628890
v -8.224894 2.127823 -0.003529
v -7.946371 2.525513 0.069284
v -7.965956 1.379868 -0.045213
v -7.780184 16.650879 -0.580432
v -7.615042 15.881317 -0.531304
v -7.449186 15.100067 -0.481608
v -7.285257 14.312378 -0.431800
v -7.120424 13.529236 -0.382813
v -6.952833 12.761047 -0.329043
v -6.895880 11.984360 -0.266719
v -7.191057 11.255981 -0.168792
v -7.447855 10.540131 -0.029595
v -7.582758 9.756973 0.075347
v -7.599524 8.970688 0.089561
v -7.608435 8.198257 0.106181
v -7.640890 7.477493 0.176650
v -7.678732 6.815735 0.268182
v -7.644907 6.230713 0.386102
v -7.608160 5.597382 0.421653
v -7.753244 4.881744 0.351508
v -7.893778 4.083801 0.237329
v -7.953497 3.257874 0.141816
v -7.662596 20.570984 -0.953990
v -7.750734 20.001556 -0.879161
v -7.787371 19.407745 -0.806575
v -7.689314 21.166046 -1.049628
v -7.688314 21.280243 -1.073004
v -7.690775 21.036987 -1.029393
v -7.684916 20.941010 -1.014046
v -7.687895 21.346375 -1.091386
v -7.686888 21.382294 -1.102723
v -8.020193 17.944763 -1.679866
v -8.002138 17.994659 -1.677022
v -8.023256 17.873688 -1.681786
v -8.194563 17.376984 -1.691804
v -8.067022 17.990692 -1.675868
v -8.042612 17.986145 -1.676129
v -8.113314 17.423218 -1.691291
v -8.184546 17.425873 -1.691176
v -8.081331 17.922211 -1.677422
v -8.158010 1.965042 -0.011687
v -8.173048 1.977783 -0.011832
v -8.156679 1.961334 -0.012305
v -8.157656 1.933395 -0.014655
v -7.980078 1.420868 -0.043906
v -7.899229 1.402313 -0.038792
v -8.099096 1.995895 -0.053197
v -8.123610 1.987503 -0.055775
v -8.090559 1.970505 -0.052422
v -7.919931 1.463821 -0.040417
v -7.674295 20.234711 -1.582036
v -7.664713 20.633423 -1.541550
v -7.727610 19.670471 -1.627841
v -7.832808 19.106110 -1.676156
v -7.930319 18.486053 -1.727853
v -8.032022 17.919891 -1.746648
v -8.134840 17.372253 -1.756840
v -7.671553 21.474518 -1.198087
v -7.673323 21.398804 -1.300296
v -7.673372 21.055084 -1.432353
v -7.941275 18.104919 -0.739178
v -7.879461 18.788452 -0.826754
v -7.911352 17.392426 -0.686471
v -8.206362 2.129486 -0.055888
v -7.932306 2.527908 0.019101
v -7.954191 1.392288 -0.096013
v -7.780287 16.645386 -0.639447
v -7.615252 15.875244 -0.597352
v -7.448175 15.093323 -0.558659
v -7.282465 14.305206 -0.516623
v -7.109678 13.498932 -0.474803
v -6.941801 12.716919 -0.398860
v -6.898405 11.969971 -0.328341
v -7.197348 11.253174 -0.224026
v -7.435133 10.531143 -0.082278
v -7.564318 9.747681 0.023549
v -7.586351 8.954910 0.034625
v -7.597410 8.175461 0.047597
v -7.633909 7.476410 0.117204
v -7.677423 6.786224 0.207366
v -7.643209 6.206787 0.321746
v -7.608500 5.605804 0.359607
v -7.739359 4.883469 0.295688
v -7.880869 4.088318 0.186704
v -7.933985 3.263855 0.092946
v -7.630758 20.585938 -1.047992
v -7.707399 20.015686 -0.983554
v -7.759615 19.415131 -0.907443
v -7.673632 21.170166 -1.130788
v -7.673487 21.284210 -1.151089
v -7.666418 21.242828 -1.140700
v -7.665709 21.225189 -1.136761
v -7.673941 21.040955 -1.114400
v -7.667109 20.952118 -1.100163
v -7.673079 21.350372 -1.166344
v -7.671724 21.375946 -1.179591
v -8.027857 17.945374 -1.745723
v -8.009241 17.997711 -1.742940
v -8.031763 17.871826 -1.747372
v -8.184118 17.382629 -1.756196
v -8.059004 17.976135 -1.744799
v -8.044302 17.973328 -1.749341
v -8.124163 17.423279 -1.755942
v -8.175833 17.422119 -1.755830
v -8.071619 17.916779 -1.748038
v -8.141874 1.971542 -0.063468
v -8.156931 1.984558 -0.063670
v -8.139074 1.963364 -0.063916
v -8.140120 1.935394 -0.066340
v -7.964987 1.423828 -0.094290
v -7.906507 1.408249 -0.091241
v -8.098982 1.982819 -0.108340
v -8.113970 1.977707 -0.109919
v -8.093691 1.967010 -0.107871
v -7.923903 1.460190 -0.092786
v -7.714949 20.236450 -1.300936
v -7.693018 20.629181 -1.262809
v -7.767214 19.674652 -1.364051
v -8.032866 17.912933 -1.464396
v -7.934698 18.465790 -1.451100
v -8.127100 17.353729 -1.471616
v -7.702196 21.489655 -0.977050
v -7.687647 21.378906 -1.060925
v -7.833559 19.101440 -1.412022
v -7.696516 21.039764 -1.164511
v -7.930933 18.124451 -0.487286
v -7.873465 17.414886 -0.437093
v -7.890116 18.801453 -0.555714
v -8.238897 2.112793 0.185971
v -7.979261 1.377472 0.135608
v -7.957445 2.501328 0.248163
v -7.734255 16.668091 -0.391059
v -7.575827 15.897308 -0.343989
v -7.421667 15.113525 -0.295600
v -7.264471 14.324097 -0.246451
v -7.102365 13.539246 -0.198100
v -6.936335 12.768875 -0.147225
v -6.865999 11.987869 -0.084065
v -7.150808 11.257446 0.011226
v -7.486406 10.553040 0.145816
v -7.639311 9.765076 0.239698
v -7.639505 8.965012 0.260221
v -7.628836 8.189911 0.270160
v -7.639502 7.454376 0.340099
v -7.670630 6.774658 0.447949
v -7.644224 6.198807 0.557010
v -7.595327 5.563248 0.587395
v -7.773039 4.846298 0.524431
v -7.887850 4.047073 0.413697
v -7.983099 3.229584 0.318979
v -7.711828 20.570862 -0.784400
v -7.786539 20.015472 -0.701657
v -7.824354 19.424347 -0.625401
v -7.712755 21.297333 -0.909325
v -7.717627 21.176605 -0.884490
v -7.708323 21.238281 -0.891915
v -7.721838 21.051514 -0.865609
v -7.719072 20.936096 -0.847010
v -7.710051 21.359467 -0.927712
v -7.708342 21.395874 -0.937077
v -8.029161 17.936005 -1.464085
v -8.011145 17.985840 -1.462582
v -8.031565 17.865387 -1.464547
v -8.196470 17.367462 -1.473380
v -8.073843 17.981659 -1.440442
v -8.049551 17.977081 -1.438517
v -8.115820 17.413879 -1.469821
v -8.186861 17.415924 -1.470090
v -8.087782 17.912872 -1.443928
v -8.174421 1.960526 0.176105
v -8.189207 1.972122 0.176370
v -8.173132 1.956894 0.175647
v -8.173964 1.928986 0.173179
v -7.993650 1.418304 0.137935
v -7.912519 1.400299 0.139550
v -8.115953 1.992798 0.139405
v -8.140509 1.984344 0.137723
v -8.107256 1.967468 0.139243
v -7.933596 1.461700 0.139688
v -7.744776 20.215302 -1.218039
v -7.715292 20.621887 -1.189065
v -7.797934 19.661102 -1.290419
v -8.045641 17.907776 -1.412585
v -7.947092 18.464050 -1.392350
v -8.136988 17.359680 -1.420213
v -7.709993 21.481842 -0.886874
v -7.709112 21.373322 -0.974286
v -7.859034 19.093414 -1.345013
v -7.720541 21.033936 -1.073464
v -7.914843 18.147369 -0.436936
v -7.852484 17.418732 -0.397443
v -7.879992 18.885864 -0.475871
v -8.228239 2.107132 0.228654
v -7.974844 1.388947 0.177312
v -7.949095 2.491806 0.288495
v -7.711432 16.672119 -0.351216
v -7.553503 15.901154 -0.298779
v -7.401033 15.116425 -0.240769
v -7.245115 14.325562 -0.184592
v -7.083204 13.540527 -0.137093
v -6.918180 12.770081 -0.093837
v -6.848997 11.986282 -0.038850
v -7.134581 11.252426 0.052133
v -7.491716 10.552368 0.185836
v -7.647348 9.764252 0.278596
v -7.643667 8.963394 0.303836
v -7.625040 8.187668 0.319837
v -7.627302 7.489914 0.396865
v -7.666079 6.821869 0.506678
v -7.646914 6.191422 0.627643
v -7.589876 5.546341 0.646966
v -7.768011 4.832016 0.571309
v -7.872923 4.035583 0.453495
v -7.978857 3.221573 0.359437
v -7.729170 20.593536 -0.663962
v -7.790678 20.043579 -0.572150
v -7.822363 19.510803 -0.545645
v -7.727224 21.322510 -0.809195
v -7.732542 21.293488 -0.758841
v -7.739187 21.074493 -0.757994
v -7.737654 20.950897 -0.736918
v -7.717665 21.372528 -0.853875
v -7.722246 21.414581 -0.826176
v -8.041552 17.933014 -1.411843
v -8.023348 17.983704 -1.409909
v -8.044352 17.860046 -1.413083
v -8.186472 17.369476 -1.422065
v -8.069124 17.963593 -1.385415
v -8.054739 17.960632 -1.379908
v -8.127657 17.409882 -1.419808
v -8.178877 17.408081 -1.419608
v -8.081156 17.903778 -1.386943
v -8.167433 1.965134 0.219106
v -8.182123 1.976456 0.219463
v -8.164560 1.957001 0.218520
v -8.165400 1.929062 0.216081
v -7.985907 1.420303 0.179563
v -7.927153 1.405396 0.179805
v -8.124815 1.978424 0.182393
v -8.139830 1.973236 0.181527
v -8.119379 1.962677 0.182323
v -7.945017 1.457184 0.180040
v 9.220994 23.320740 -4.299870
v 8.555393 22.898102 1.710624
v 9.822488 25.328705 1.528701
v 10.507449 26.034485 -4.007073
v 7.980260 20.910614 -0.975812
v 7.966058 20.915558 -1.019597
v 7.974429 20.972748 -0.794726
v 7.750240 20.667786 -1.088320
v 7.806011 19.490753 -1.316344
v 8.156190 17.502075 -1.482785
v 7.977394 20.959381 -0.986594
v 8.123554 17.662262 -1.478026
v 8.094526 17.807739 -1.473660
v 8.048254 18.043091 -1.459550
v 8.258650 17.197510 -1.498540
v 8.174372 17.594635 -1.465655
v 7.797253 21.106018 -1.247811
v 7.658251 20.732452 -1.353957
v 7.692548 21.019409 -1.268634
v 7.722570 19.870636 -1.573436
v 7.676437 20.327332 -1.467536
v 7.795520 19.363525 -1.666512
v 7.888536 18.832581 -1.743382
v 7.981630 18.333710 -1.796174
v 7.896872 20.974060 -1.205741
v 7.879016 21.023895 -1.238763
v 7.854126 21.076416 -1.246846
v 8.057178 17.953674 -1.821593
v 7.755886 21.155670 -1.496815
v 7.752879 20.299377 -1.139397
v 7.646623 20.348114 -1.786282
v 7.774445 19.893005 -1.211756
v 7.783090 19.374329 -1.995917
v 7.888901 18.826721 -2.081015
v 7.916397 18.807648 -1.341229
v 7.823208 20.971222 -1.468379
v 7.814045 21.042145 -1.493184
v 7.974215 21.001434 -0.964324
v 7.800370 21.095062 -1.495984
v 7.948082 21.054474 -0.976840
v 8.116369 17.711029 -1.435941
v 8.087837 17.852692 -1.438332
v 8.257500 17.210114 -1.460723
v 8.318262 17.141235 -2.219826
v 8.202721 17.489685 -1.440930
v 8.174239 17.598053 -1.431794
v 8.194207 17.338531 -1.455353
v 7.803323 20.932495 -1.537837
v -8.073351 17.856842 -0.947192
v -7.973886 18.444580 -0.950577
v -8.155188 17.305054 -0.945134
v -7.946360 19.031342 -0.943196
v -7.805754 21.426575 -0.446524
v -8.068384 17.886139 -0.947205
v -8.074034 17.796143 -0.947024
v -8.203978 17.314514 -0.951768
v -8.100378 17.906219 -0.894917
v -8.087229 17.905640 -0.881770
v -8.145819 17.357697 -0.947997
v -8.197020 17.355316 -0.947087
v -8.116327 17.828369 -0.888839
v -7.680819 21.385376 -1.151704
v -8.131029 17.378693 -1.587670
v -7.743391 19.705292 -1.460547
v -7.696165 20.277374 -1.399171
v -8.036840 17.925659 -1.578961
v -7.684938 21.459442 -1.063702
v -8.059645 17.983582 -1.564509
v -8.044874 17.981079 -1.564248
v -8.121450 17.428741 -1.586823
v -8.172644 17.427521 -1.586884
v -7.710508 21.258850 -0.884837
v -9.588236 24.074005 -4.586423
v -9.220369 23.482819 -4.352502
v -9.732924 25.417542 1.540540
v -10.191271 26.198364 1.296127
v -11.011255 27.708252 -2.027806
v -10.921007 27.506165 0.144601
v -11.045862 27.783356 -0.603736
v -7.814203 21.409454 -0.393533
v -8.395014 22.596436 1.533380
v -11.073824 27.826874 -1.209178
v -11.067057 27.812469 -1.459786
v -7.687990 21.236511 -1.000876
v -7.681498 21.238831 -1.060683
v -8.766432 22.934204 -3.950074
v -10.196421 25.427734 -4.546773
v -10.911188 27.516815 0.148071
v -11.037333 27.796021 -0.603749
v -7.986254 21.774536 0.445532
v -8.120638 22.046173 0.908655
v -7.683016 21.216095 -0.972047
v -7.639074 21.246033 -1.460198
v -8.432680 22.722382 1.651001
v -9.261862 24.651611 1.670518
v -8.924753 23.898193 1.816479
v -8.090590 21.922302 -2.810055
v -11.064783 27.838867 -1.211838
v -11.057863 27.824066 -1.463462
v -11.065233 27.841492 -1.317734
v -11.064310 27.839508 -1.353768
v -7.687296 21.219574 -0.996285
v -7.680880 21.222351 -1.056601
v -7.725035 21.263794 -0.790177
v 8.523116 22.429565 -3.523942
v 9.620949 23.915405 -4.565831
v 8.077684 21.619537 0.471838
v 8.757766 23.349670 1.771412
v 9.365273 24.611176 1.611572
v 8.291376 21.997650 -3.087109
v 7.821080 21.269196 -2.342292
v 10.296721 25.330597 -4.528115
v 11.035894 27.379974 0.140893
v 11.202999 27.687256 -1.327475
v 7.974156 21.184113 -0.318654
v 8.038440 21.739807 -2.677832
v 8.008923 21.378632 0.058702
v 11.196787 27.675385 -1.474902
v 7.982509 20.929657 -0.893216
v 7.934192 20.917633 -1.102219
v 8.842842 22.850922 -3.946976
v 10.002771 24.589844 -4.732251
v 7.775327 21.008087 -1.869164
v 10.722279 26.814819 0.814693
v 11.000721 27.276489 -2.716799
v 7.967085 21.049377 -0.612090
v 7.983249 20.897583 -0.940005
v -11.056902 27.838898 -1.337149
v -10.594973 26.949249 0.812837
v -7.880785 21.524475 0.003911
v -7.799749 21.345520 -0.448153
v -7.685152 21.201660 -0.969924
v -7.639650 21.237000 -1.459199
v -7.812819 21.598236 -2.435445
v -9.302599 23.666931 -4.450574
v -9.620573 24.195007 -4.626412
v -9.915781 24.778137 -4.701337
v -10.202063 25.475525 -4.524701
v -8.089548 21.907288 -2.813189
v -8.581503 22.697327 -3.726987
v -8.939020 23.167297 -4.149777
v -10.383661 26.167114 -4.008416
v -10.629587 26.846069 -3.412606
v -10.853022 27.407623 -2.731456
v -10.997873 27.723236 -2.035619
v -11.060793 27.843597 -1.212920
v -11.053820 27.828705 -1.464698
v -11.061754 27.846954 -1.318702
v -11.060839 27.844879 -1.355122
v -7.683561 21.204468 -0.976571
v -7.688646 21.207031 -0.994862
v -7.695490 21.210236 -0.954133
v -7.682024 21.210754 -1.054566
v -7.666723 21.214203 -1.135226
v -7.709879 21.224182 -0.890464
v -7.726049 21.247162 -0.790078
v -7.601244 21.351562 -1.908383
v -8.311487 22.254944 -3.266768
v 5.033806 30.895325 -1.631245
v 8.647484 29.522278 -1.552750
v -6.875624 30.144287 -1.634366
v -9.253195 24.758087 1.678392
v -11.019442 27.835510 -0.605115
v -10.891573 27.554779 0.154901
v -7.872770 21.463531 0.020568
v -7.801897 21.289368 -0.439191
v 4.241790 31.179382 -1.606318
v 11.183748 27.738434 -1.339814
v -11.060450 27.833496 -1.335976
v 3.955098 30.591095 -0.163550
v 3.643697 30.112274 0.520136
v 3.254002 29.675842 1.200758
v 2.776540 29.321899 1.823949
v 4.175242 31.018066 -0.864424
v 1.718100 28.715321 2.710895
v -3.101000 29.744385 1.255070
v -3.767809 30.612762 -0.147839
v -2.102514 29.099884 2.360862
v -0.481899 28.081322 3.121903
v -1.030888 28.394714 2.956990
v -1.571384 28.741474 2.715395
v -4.175985 31.136749 -1.594506
v 11.081995 27.865723 -1.373431
v 11.103212 27.856903 -1.369578
v -4.005407 31.188171 -1.461432
v 7.987727 2.462723 0.361854
v 7.766390 16.946289 -0.527907
v 7.576668 15.696014 -0.349223
v 7.247402 14.205414 -0.211413
v 7.343933 11.351608 0.062196
v 7.715029 5.745392 0.366929
v 7.890714 4.080673 0.346000
v 7.867501 19.456848 -0.867869
v 7.825193 17.586182 -0.591838
v 8.015177 1.910965 0.375571
v 7.441777 14.964355 -0.275296
v 6.996302 13.457520 -0.156195
v 7.153260 12.057526 0.000867
v 7.414426 10.551620 0.103677
v 7.329778 9.083694 0.177722
v 7.595660 7.873718 0.262727
v 7.748221 4.844818 0.360021
v 7.861834 20.036041 -0.911225
v 7.875835 18.729309 -0.756768
v 7.974099 20.858368 -0.964495
v 8.025117 1.514130 0.387722
v 7.988825 0.942398 0.405372
v 7.982670 1.547989 0.376643
v 7.998609 1.548126 0.376546
v 7.988269 0.997131 0.402775
v -7.942881 2.512970 0.154569
v -7.271048 14.322968 -0.345368
v -7.611898 9.763336 0.153758
v -7.621019 8.192734 0.184398
v -7.600550 5.603683 0.501917
v -7.889051 4.069031 0.321941
v -7.773520 19.989197 -0.797381
v -7.755190 16.665497 -0.491692
v -7.431814 15.111969 -0.395049
v -7.109114 13.538727 -0.296330
v -7.465982 10.547867 0.052762
v -7.620485 8.963837 0.172021
v -7.642778 7.491531 0.248344
v -7.641867 6.188553 0.471967
v -7.959112 3.246811 0.225677
v -7.679956 20.516418 -0.864909
v -7.691153 21.157623 -0.970677
v -7.682108 21.217377 -0.978205
v -8.161909 1.969955 0.077152
v -8.176920 1.982208 0.077193
v -8.115950 1.983475 0.035953
v -8.130957 1.978348 0.034642
v -7.938589 1.461243 0.043241
v -7.733614 21.198883 -0.782569
v -8.515326 22.960510 1.787518
v -8.697172 23.395325 1.876894
v -8.176657 22.185242 1.165129
v -8.320929 22.506012 1.513468
v -9.706930 25.418793 1.547796
v -10.174612 26.209534 1.302109
v -8.914076 23.922363 1.829494
v -9.233133 24.644592 1.679292
v -11.033724 27.801208 -0.604161
v -8.063818 21.942474 0.798790
v -7.973829 21.744171 0.455256
v -10.907396 27.521851 0.148519
v -0.494341 30.623596 -3.709340
v -3.486109 31.016937 -2.765710
v -2.972319 30.874664 -3.152514
v -3.844210 31.192200 -2.248790
v 0.090128 30.613251 -3.711724
v 2.553289 30.742493 -3.430058
v 3.156505 30.834778 -3.141082
v 3.682263 30.984650 -2.782098
v 4.041298 31.158234 -2.268059
v -7.991634 22.092571 1.937934
v -8.085394 22.747379 2.307239
v 3.247685 30.350616 0.474423
v 3.549252 30.816673 -0.171928
v 3.756940 31.219265 -0.850580
v 3.775483 31.316103 -1.198227
v 3.771789 31.385170 -1.533077
v 3.724606 31.399906 -1.842892
v 3.655184 31.386879 -2.139910
v 3.376661 31.280701 -2.585232
v 2.951357 31.189064 -2.919419
v 2.427127 31.134949 -3.213949
v 1.841671 31.085239 -3.373701
v 1.238835 31.061993 -3.475598
v 0.658585 31.048550 -3.529217
v 0.091073 31.043083 -3.536808
v -0.475666 31.053471 -3.535116
v -1.054304 31.073975 -3.489049
v -1.654968 31.105478 -3.389009
v -2.239851 31.167513 -3.238057
v -2.760645 31.228622 -2.936188
v -3.175390 31.308266 -2.571473
v -3.454911 31.413229 -2.117573
v -3.529272 31.432425 -1.820937
v -3.580846 31.422199 -1.510765
v -3.587955 31.354540 -1.174170
v -3.572282 31.257458 -0.824044
v -3.372930 30.856886 -0.137442
v -3.096832 30.430744 0.544061
v -2.735523 30.021116 1.178425
v -2.281149 29.642519 1.696886
v -1.803960 29.366999 2.125488
v -1.337756 29.026083 2.431501
v -0.859388 28.696861 2.648822
v -0.374967 28.402752 2.802759
v 0.073559 28.210352 2.868697
v 0.523475 28.398636 2.803393
v 1.008491 28.684473 2.651108
v 1.486416 29.000895 2.426209
v 1.951751 29.316540 2.099236
v 2.427903 29.570478 1.644781
v 2.874849 29.921692 1.092822
v 3.224444 30.363476 0.471123
v 3.525441 30.828804 -0.173101
v 3.732370 31.229881 -0.850261
v 3.750869 31.326382 -1.196342
v 3.747395 31.395489 -1.529468
v 3.700933 31.410973 -1.837240
v 3.632498 31.399067 -2.132056
v 3.358713 31.296928 -2.573110
v 2.939241 31.208752 -2.905784
v 2.419573 31.156906 -3.200533
v 1.837444 31.108315 -3.360828
v 1.236547 31.085758 -3.463557
v 0.657597 31.072742 -3.517867
v 0.091123 31.067381 -3.525658
v -0.474560 31.077765 -3.524002
v -1.051832 31.097904 -3.477369
v -1.650509 31.128700 -3.376483
v -2.232024 31.189573 -3.224963
v -2.748129 31.248287 -2.922876
v -3.157140 31.324219 -2.559539
v -3.432062 31.424971 -2.109541
v -3.505471 31.443129 -1.815113
v -3.556391 31.432316 -1.506954
v -3.563408 31.364918 -1.171981
v -3.547939 31.268551 -0.823281
v -3.349681 30.870110 -0.137511
v -3.074451 30.445339 0.542475
v -2.713938 30.036190 1.173366
v -2.260965 29.657194 1.687078
v -1.786345 29.381477 2.111295
v -1.323962 29.041565 2.414453
v -0.849251 28.713387 2.630332
v -0.368644 28.420422 2.783574
v 0.073662 28.229012 2.849108
v 0.517425 28.416346 2.784167
v 0.998606 28.701290 2.632734
v 1.472711 29.016422 2.409128
v 1.934043 29.330414 2.084556
v 2.407379 29.583858 1.633884
v 2.852565 29.934940 1.085994
v 3.302573 30.320242 0.482215
v 3.605484 30.788027 -0.169157
v 3.814964 31.194191 -0.851331
v 3.833613 31.291824 -1.202678
v 3.829398 31.360800 -1.541602
v 3.780510 31.373772 -1.856241
v 3.708759 31.358097 -2.158457
v 3.419050 31.242378 -2.613859
v 2.979971 31.142570 -2.951619
v 2.444967 31.083096 -3.245631
v 1.851653 31.030739 -3.404101
v 1.244238 31.005863 -3.504034
v 0.660919 30.991419 -3.556021
v 0.090954 30.985703 -3.563140
v -0.478278 30.996096 -3.561366
v -1.060143 31.017464 -3.516634
v -1.665498 31.050636 -3.418592
v -2.258336 31.115414 -3.268981
v -2.790203 31.182184 -2.967623
v -3.218490 31.270592 -2.599657
v -3.508870 31.385500 -2.136544
v -3.585481 31.407146 -1.834691
v -3.638598 31.398308 -1.519765
v -3.645928 31.330025 -1.179340
v -3.629768 31.231256 -0.825846
v -3.427835 30.825657 -0.137278
v -3.149689 30.396275 0.547808
v -2.786496 29.985514 1.190374
v -2.328818 29.607862 1.720049
v -1.845559 29.332806 2.159009
v -1.370330 28.989517 2.471761
v -0.883326 28.657837 2.692489
v -0.389900 28.361023 2.848067
v 0.073317 28.166283 2.914959
v 0.537762 28.356812 2.848799
v 1.031836 28.644754 2.694499
v 1.518784 28.964222 2.466549
v 1.993570 29.283772 2.133905
v 2.476371 29.538879 1.670516
v 2.927474 29.890402 1.108949
v 3.320158 30.310513 0.484711
v 3.623499 30.778849 -0.168269
v 3.833554 31.186157 -0.851572
v 3.852236 31.284046 -1.204103
v 3.847855 31.352991 -1.544334
v 3.798421 31.365398 -1.860517
v 3.725923 31.348877 -2.164399
v 3.432630 31.230099 -2.623031
v 2.989138 31.127676 -2.961935
v 2.450682 31.066483 -3.255781
v 1.854852 31.013279 -3.413841
v 1.245969 30.987881 -3.513144
v 0.661667 30.973116 -3.564609
v 0.090916 30.967318 -3.571577
v -0.479115 30.977715 -3.569775
v -1.062014 30.999359 -3.525471
v -1.668872 31.033066 -3.428070
v -2.264258 31.098721 -3.278889
v -2.799673 31.167307 -2.977695
v -3.232298 31.258522 -2.608686
v -3.526157 31.376616 -2.142622
v -3.603489 31.399050 -1.839098
v -3.657101 31.390654 -1.522649
v -3.664501 31.322172 -1.180996
v -3.648186 31.222862 -0.826423
v -3.445426 30.815651 -0.137226
v -3.166623 30.385231 0.549008
v -2.802826 29.974108 1.194202
v -2.344090 29.596758 1.727470
v -1.858886 29.321850 2.169748
v -1.380767 28.977802 2.484659
v -0.890996 28.645334 2.706479
v -0.394684 28.347652 2.862582
v 0.073239 28.152164 2.929780
v 0.542340 28.343412 2.863346
v 1.039315 28.632030 2.708401
v 1.529154 28.952473 2.479473
v 2.006968 29.273273 2.145013
v 2.491899 29.528755 1.678761
v 2.944334 29.880379 1.114116
v 8.141866 17.648874 -2.206220
v 8.517999 17.837807 -0.258939
v 8.301144 17.818953 -0.675948
v 8.500841 17.164791 -0.502206
v 8.463822 17.227243 -0.582237
v 8.416827 17.277645 -0.561604
vt 0.005275 0.128876
vt 0.004560 0.134110
vt 0.004602 0.134119
vt 0.005587 0.128564
vt 0.364537 0.127892
vt 0.353314 0.128441
vt 0.354117 0.136624
vt 0.365046 0.136018
vt 0.364002 0.118852
vt 0.352946 0.119246
vt 0.006040 0.122173
vt 0.005712 0.123235
vt 0.026856 0.128557
vt 0.015453 0.127203
vt 0.015411 0.135358
vt 0.027167 0.137010
vt 0.006511 0.134363
vt 0.007394 0.127948
vt 0.005969 0.128238
vt 0.004892 0.134152
vt 0.015987 0.118761
vt 0.008936 0.119233
vt 0.008220 0.127586
vt 0.027166 0.119188
vt 0.031649 0.083404
vt 0.031549 0.082768
vt 0.021753 0.082768
vt 0.021859 0.083404
vt 0.014484 0.082768
vt 0.014594 0.083404
vt 0.011318 0.081968
vt 0.010697 0.082768
vt 0.011127 0.082768
vt 0.011545 0.081968
vt 0.021863 0.073223
vt 0.021577 0.081968
vt 0.031467 0.081968
vt 0.031596 0.073223
vt 0.003371 0.149419
vt 0.002733 0.151960
vt 0.003445 0.151819
vt 0.003556 0.149532
vt 0.013255 0.154022
vt 0.023693 0.157679
vt 0.024540 0.152753
vt 0.013621 0.150915
vt 0.012897 0.156813
vt 0.012617 0.158287
vt 0.023337 0.160087
vt 0.023480 0.159240
vt 0.002969 0.154348
vt 0.004391 0.154630
vt 0.004967 0.152079
vt 0.053853 0.169414
vt 0.062094 0.175849
vt 0.067686 0.168823
vt 0.056515 0.163215
vt 0.058699 0.176769
vt 0.051394 0.170860
vt 0.050159 0.171576
vt 0.056596 0.177649
vt 0.052445 0.170975
vt 0.044175 0.165443
vt 0.043506 0.166410
vt 0.047379 0.159008
vt 0.074927 0.184526
vt 0.083201 0.179039
vt 0.087936 0.194140
vt 0.097149 0.190577
vt 0.082799 0.195695
vt 0.070148 0.186565
vt 0.059429 0.177582
vt 0.098436 0.202712
vt 0.107575 0.199776
vt 0.108560 0.211893
vt 0.117255 0.209280
vt 0.093411 0.204534
vt 0.090786 0.205549
vt 0.101227 0.214935
vt 0.103741 0.213841
vt 0.093540 0.204485
vt 0.321795 0.172537
vt 0.333743 0.166455
vt 0.326946 0.161026
vt 0.313829 0.167324
vt 0.343102 0.162964
vt 0.337836 0.157533
vt 0.334302 0.166953
vt 0.344142 0.163660
vt 0.334440 0.167377
vt 0.325343 0.173700
vt 0.327373 0.174290
vt 0.334929 0.168060
vt 0.308983 0.182024
vt 0.299399 0.177449
vt 0.312879 0.183200
vt 0.324750 0.174007
vt 0.299806 0.192356
vt 0.300142 0.192919
vt 0.313075 0.183332
vt 0.295088 0.191637
vt 0.285348 0.189584
vt 0.283540 0.201027
vt 0.274191 0.198293
vt 0.289009 0.202488
vt 0.292082 0.203291
vt 0.302655 0.193475
vt 0.273352 0.211090
vt 0.277659 0.212337
vt 0.288193 0.202115
vt 0.264163 0.208384
vt 0.305957 0.160822
vt 0.289845 0.172570
vt 0.274588 0.186021
vt 0.278933 0.168591
vt 0.264722 0.183536
vt 0.296617 0.151685
vt 0.089956 0.173741
vt 0.098701 0.169523
vt 0.079618 0.152156
vt 0.073411 0.161413
vt 0.105652 0.187526
vt 0.114538 0.184911
vt 0.112470 0.167162
vt 0.128396 0.166252
vt 0.121818 0.151353
vt 0.102137 0.151424
vt 0.124820 0.182675
vt 0.136322 0.181162
vt 0.351965 0.108241
vt 0.363040 0.108093
vt 0.360648 0.097133
vt 0.350783 0.097133
vt 0.369099 0.096622
vt 0.370687 0.108403
vt 0.007109 0.109719
vt 0.007280 0.109298
vt 0.219783 0.205579
vt 0.224273 0.192711
vt 0.212802 0.192891
vt 0.209809 0.205536
vt 0.228784 0.179282
vt 0.215792 0.179624
vt 0.235357 0.192883
vt 0.241456 0.179461
vt 0.229449 0.205779
vt 0.077118 0.082768
vt 0.065737 0.082768
vt 0.065815 0.083404
vt 0.077190 0.083404
vt 0.065726 0.084982
vt 0.054343 0.084982
vt 0.053372 0.097334
vt 0.064840 0.097520
vt 0.053732 0.073223
vt 0.054096 0.081968
vt 0.065640 0.081968
vt 0.065458 0.073223
vt 0.078529 0.081968
vt 0.278819 0.084982
vt 0.279262 0.098019
vt 0.302932 0.097837
vt 0.302351 0.084982
vt 0.278841 0.082768
vt 0.255307 0.082768
vt 0.255257 0.083404
vt 0.278775 0.083404
vt 0.279029 0.081968
vt 0.256330 0.081968
vt 0.302375 0.082768
vt 0.301066 0.081968
vt 0.326324 0.083404
vt 0.314309 0.083404
vt 0.314375 0.084982
vt 0.326398 0.084982
vt 0.302293 0.083404
vt 0.300259 0.073223
vt 0.314865 0.073223
vt 0.315049 0.072206
vt 0.300137 0.072206
vt 0.327215 0.073223
vt 0.327567 0.072206
vt 0.122129 0.082768
vt 0.099624 0.082768
vt 0.099681 0.083404
vt 0.122173 0.083404
vt 0.099436 0.081968
vt 0.121072 0.081968
vt 0.275051 0.150996
vt 0.264983 0.166116
vt 0.253526 0.181070
vt 0.249429 0.164845
vt 0.256291 0.150529
vt 0.245601 0.193948
vt 0.255301 0.195386
vt 0.238441 0.206376
vt 0.247077 0.207027
vt 0.238990 0.150894
vt 0.234348 0.164928
vt 0.219443 0.165459
vt 0.222446 0.151560
vt 0.136876 0.221388
vt 0.129100 0.221949
vt 0.142206 0.236045
vt 0.149333 0.235133
vt 0.125529 0.208197
vt 0.143860 0.221028
vt 0.133646 0.207756
vt 0.155013 0.233788
vt 0.319872 0.153929
vt 0.314840 0.145522
vt 0.332415 0.149986
vt 0.328083 0.141449
vt 0.078761 0.137298
vt 0.063683 0.134993
vt 0.062454 0.145705
vt 0.050247 0.132834
vt 0.050512 0.142280
vt 0.064518 0.123274
vt 0.051185 0.121611
vt 0.079682 0.124337
vt 0.171496 0.112550
vt 0.154260 0.112443
vt 0.153972 0.126725
vt 0.171407 0.126852
vt 0.171885 0.098037
vt 0.155144 0.098004
vt 0.188700 0.112550
vt 0.188626 0.098070
vt 0.188804 0.126863
vt 0.240818 0.138462
vt 0.223500 0.139084
vt 0.240885 0.126078
vt 0.223415 0.126529
vt 0.258978 0.137909
vt 0.259150 0.125512
vt 0.165403 0.218287
vt 0.173629 0.218063
vt 0.169936 0.206009
vt 0.159865 0.206121
vt 0.169066 0.229032
vt 0.176274 0.229402
vt 0.157654 0.218804
vt 0.162326 0.226688
vt 0.150347 0.206358
vt 0.120155 0.223621
vt 0.132970 0.237373
vt 0.127354 0.237934
vt 0.115335 0.224645
vt 0.112132 0.225136
vt 0.114821 0.224521
vt 0.214869 0.262598
vt 0.231388 0.252562
vt 0.224114 0.248594
vt 0.211164 0.256550
vt 0.247450 0.238370
vt 0.237863 0.236553
vt 0.254788 0.237248
vt 0.235524 0.254043
vt 0.238276 0.254735
vt 0.259009 0.236675
vt 0.215575 0.268085
vt 0.216071 0.271065
vt 0.218072 0.245892
vt 0.230534 0.235394
vt 0.224628 0.233955
vt 0.213375 0.242642
vt 0.207062 0.252256
vt 0.203701 0.247362
vt 0.214252 0.218183
vt 0.222057 0.218802
vt 0.210262 0.229141
vt 0.217052 0.226865
vt 0.206134 0.217828
vt 0.203237 0.229290
vt 0.183560 0.240280
vt 0.183043 0.249272
vt 0.189518 0.249406
vt 0.189588 0.240223
vt 0.176844 0.239492
vt 0.175551 0.247520
vt 0.183108 0.229363
vt 0.189767 0.229238
vt 0.155646 0.248365
vt 0.148526 0.251978
vt 0.164830 0.262802
vt 0.168330 0.256764
vt 0.145569 0.253794
vt 0.143564 0.254768
vt 0.165602 0.271203
vt 0.165387 0.268238
vt 0.126607 0.236873
vt 0.122974 0.236619
vt 0.261071 0.223992
vt 0.251715 0.222042
vt 0.266639 0.224675
vt 0.267436 0.224240
vt 0.278601 0.212416
vt 0.270573 0.224641
vt 0.243675 0.221292
vt 0.236362 0.220916
vt 0.255573 0.207403
vt 0.150593 0.219912
vt 0.159903 0.231009
vt 0.141797 0.207000
vt 0.118796 0.111883
vt 0.098475 0.111598
vt 0.098237 0.125472
vt 0.118094 0.125814
vt 0.079314 0.110919
vt 0.098984 0.097822
vt 0.076307 0.097705
vt 0.121661 0.097939
vt 0.177639 0.266619
vt 0.179208 0.260360
vt 0.189655 0.268329
vt 0.189407 0.261529
vt 0.190413 0.273605
vt 0.187938 0.273353
vt 0.188302 0.276051
vt 0.190768 0.276412
vt 0.177678 0.270386
vt 0.164001 0.266900
vt 0.178206 0.271459
vt 0.201790 0.266395
vt 0.199911 0.260140
vt 0.202635 0.271365
vt 0.202992 0.273851
vt 0.192899 0.272427
vt 0.190330 0.272738
vt 0.192928 0.273465
vt 0.350165 0.073223
vt 0.359967 0.073223
vt 0.360299 0.072206
vt 0.350497 0.072206
vt 0.367237 0.072206
vt 0.366889 0.073223
vt 0.369113 0.083404
vt 0.369562 0.083404
vt 0.369613 0.082768
vt 0.369239 0.082768
vt 0.359592 0.083404
vt 0.349805 0.083404
vt 0.349894 0.084982
vt 0.359688 0.084982
vt 0.065318 0.110222
vt 0.052653 0.109504
vt 0.172062 0.084982
vt 0.155417 0.084982
vt 0.172483 0.073223
vt 0.172520 0.072206
vt 0.155799 0.072206
vt 0.155802 0.073223
vt 0.189020 0.073223
vt 0.189058 0.072206
vt 0.188715 0.083404
vt 0.172080 0.083404
vt 0.188707 0.084982
vt 0.181297 0.255259
vt 0.172296 0.252502
vt 0.189484 0.255831
vt 0.197835 0.254981
vt 0.196087 0.249106
vt 0.204642 0.165748
vt 0.202894 0.179763
vt 0.189701 0.165939
vt 0.189827 0.179925
vt 0.206007 0.151948
vt 0.189511 0.152131
vt 0.201420 0.192876
vt 0.199886 0.205381
vt 0.189945 0.192948
vt 0.189987 0.205369
vt 0.240260 0.112220
vt 0.222967 0.112441
vt 0.238850 0.098168
vt 0.222109 0.098136
vt 0.258279 0.111852
vt 0.255592 0.098201
vt 0.171832 0.139597
vt 0.154581 0.139467
vt 0.156190 0.152212
vt 0.172850 0.152214
vt 0.189142 0.139583
vt 0.198017 0.217579
vt 0.196428 0.229257
vt 0.189906 0.217541
vt 0.195668 0.240184
vt 0.202399 0.239426
vt 0.279291 0.111270
vt 0.279139 0.124808
vt 0.298157 0.123798
vt 0.299345 0.110563
vt 0.238643 0.084982
vt 0.221997 0.084982
vt 0.221925 0.081968
vt 0.238686 0.081968
vt 0.238556 0.073223
vt 0.221716 0.073223
vt 0.238659 0.082768
vt 0.255288 0.084982
vt 0.360627 0.155513
vt 0.369217 0.153775
vt 0.368106 0.151938
vt 0.358725 0.152825
vt 0.376767 0.151096
vt 0.375357 0.151396
vt 0.376305 0.152982
vt 0.377036 0.152979
vt 0.002665 0.154560
vt 0.002643 0.154531
vt 0.002387 0.156003
vt 0.002414 0.156034
vt 0.370304 0.156348
vt 0.361855 0.157568
vt 0.362229 0.158727
vt 0.370678 0.157672
vt 0.017747 0.108207
vt 0.028435 0.108310
vt 0.010249 0.108103
vt 0.007589 0.108859
vt 0.009531 0.096812
vt 0.009109 0.096766
vt 0.020523 0.097133
vt 0.030393 0.097133
vt 0.313985 0.109894
vt 0.313581 0.122492
vt 0.327191 0.121070
vt 0.327107 0.109210
vt 0.315031 0.097608
vt 0.327130 0.097379
vt 0.143783 0.166233
vt 0.159101 0.166414
vt 0.139482 0.151791
vt 0.149055 0.180786
vt 0.162628 0.180707
vt 0.136752 0.112280
vt 0.136261 0.126391
vt 0.138403 0.097972
vt 0.206338 0.139444
vt 0.206138 0.126790
vt 0.138776 0.082768
vt 0.138809 0.083404
vt 0.138727 0.073223
vt 0.138567 0.072206
vt 0.120123 0.072206
vt 0.120506 0.073223
vt 0.138614 0.081968
vt 0.155423 0.082768
vt 0.155472 0.081968
vt 0.155444 0.083404
vt 0.138771 0.084982
vt 0.116343 0.198005
vt 0.125027 0.196733
vt 0.205845 0.112561
vt 0.205368 0.098103
vt 0.137100 0.139026
vt 0.118805 0.138451
vt 0.205365 0.082768
vt 0.188718 0.082768
vt 0.205351 0.083404
vt 0.205345 0.081968
vt 0.188790 0.081968
vt 0.205339 0.073223
vt 0.222012 0.082768
vt 0.221986 0.083404
vt 0.376040 0.143055
vt 0.375744 0.143119
vt 0.377140 0.150938
vt 0.366221 0.143706
vt 0.355831 0.145153
vt 0.004074 0.142208
vt 0.004117 0.142215
vt 0.026161 0.145320
vt 0.014636 0.143567
vt 0.005684 0.149780
vt 0.006767 0.142601
vt 0.004408 0.142246
vt 0.098447 0.138152
vt 0.278741 0.137642
vt 0.297667 0.136752
vt 0.313623 0.134692
vt 0.327037 0.131762
vt 0.059266 0.155710
vt 0.049513 0.150723
vt 0.174418 0.166192
vt 0.176301 0.180300
vt 0.154434 0.193889
vt 0.166272 0.193720
vt 0.143460 0.194165
vt 0.133946 0.195268
vt 0.264536 0.196584
vt 0.178171 0.193289
vt 0.180025 0.205629
vt 0.181799 0.217738
vt 0.210408 0.237168
vt 0.219476 0.231299
vt 0.161502 0.245880
vt 0.165978 0.242656
vt 0.168814 0.237062
vt 0.229302 0.219893
vt 0.340964 0.138660
vt 0.339838 0.129503
vt 0.340006 0.119652
vt 0.039514 0.129851
vt 0.039546 0.139021
vt 0.039280 0.120329
vt 0.043045 0.083404
vt 0.042952 0.082768
vt 0.042400 0.073223
vt 0.042033 0.072206
vt 0.031287 0.072206
vt 0.053401 0.072206
vt 0.054355 0.082768
vt 0.054441 0.083404
vt 0.033657 0.161245
vt 0.023508 0.159064
vt 0.033224 0.162401
vt 0.035607 0.156023
vt 0.353433 0.160405
vt 0.344249 0.163772
vt 0.344864 0.164246
vt 0.354094 0.161090
vt 0.352145 0.159187
vt 0.348525 0.154908
vt 0.353295 0.160269
vt 0.361750 0.157297
vt 0.339764 0.108463
vt 0.338957 0.097256
vt 0.338170 0.082768
vt 0.326423 0.082768
vt 0.338065 0.083404
vt 0.338513 0.081968
vt 0.326706 0.081968
vt 0.338933 0.073223
vt 0.339319 0.072206
vt 0.349918 0.082768
vt 0.344329 0.147019
vt 0.040030 0.109082
vt 0.041882 0.097233
vt 0.037922 0.148168
vt 0.737133 0.698879
vt 0.723895 0.699129
vt 0.724013 0.681464
vt 0.737177 0.681289
vt 0.737114 0.716642
vt 0.723798 0.716975
vt 0.750120 0.698712
vt 0.750100 0.716440
vt 0.750150 0.681156
vt 0.739231 0.317112
vt 0.739166 0.323406
vt 0.727845 0.323616
vt 0.727999 0.317183
vt 0.739060 0.334608
vt 0.727708 0.334867
vt 0.749729 0.323403
vt 0.749678 0.334644
vt 0.739519 0.316247
vt 0.750143 0.316174
vt 0.749809 0.317105
vt 0.737272 0.663781
vt 0.724179 0.663917
vt 0.724371 0.646449
vt 0.737398 0.646335
vt 0.750210 0.663661
vt 0.750295 0.646217
vt 0.737530 0.628919
vt 0.724569 0.629011
vt 0.724776 0.611569
vt 0.737679 0.611492
vt 0.750389 0.628807
vt 0.750495 0.611382
vt 0.737848 0.594010
vt 0.725006 0.594083
vt 0.725252 0.576550
vt 0.738031 0.576472
vt 0.750606 0.593895
vt 0.750731 0.576352
vt 0.738213 0.558865
vt 0.725499 0.558960
vt 0.725756 0.541329
vt 0.738415 0.541202
vt 0.750867 0.558738
vt 0.751037 0.541067
vt 0.738650 0.523428
vt 0.726007 0.523587
vt 0.726289 0.505865
vt 0.738936 0.505644
vt 0.751264 0.523279
vt 0.751559 0.505437
vt 0.739245 0.487985
vt 0.726543 0.488322
vt 0.727010 0.470871
vt 0.739550 0.470525
vt 0.751912 0.487694
vt 0.752129 0.470143
vt 0.739281 0.435717
vt 0.739774 0.451413
vt 0.727383 0.451951
vt 0.727009 0.435936
vt 0.752478 0.451188
vt 0.751394 0.435735
vt 0.737688 0.402387
vt 0.738721 0.419603
vt 0.726019 0.420617
vt 0.725946 0.402155
vt 0.751146 0.418766
vt 0.749292 0.402865
vt 0.738171 0.384160
vt 0.725939 0.384441
vt 0.726777 0.367848
vt 0.738458 0.367820
vt 0.750568 0.383725
vt 0.749732 0.368178
vt 0.738514 0.351569
vt 0.727093 0.351688
vt 0.749458 0.351642
vt 0.489844 0.686550
vt 0.489745 0.686567
vt 0.487739 0.672167
vt 0.487828 0.672147
vt 0.514044 0.685674
vt 0.512062 0.700193
vt 0.510226 0.699840
vt 0.512222 0.685459
vt 0.521187 0.699551
vt 0.521975 0.686626
vt 0.533230 0.688438
vt 0.532461 0.702184
vt 0.523402 0.672120
vt 0.534342 0.673509
vt 0.465537 0.329409
vt 0.465456 0.329408
vt 0.465438 0.324596
vt 0.465495 0.324594
vt 0.545658 0.329035
vt 0.545383 0.342254
vt 0.538319 0.342304
vt 0.538629 0.328152
vt 0.556150 0.329031
vt 0.556003 0.341899
vt 0.546017 0.321388
vt 0.556248 0.321110
vt 0.519659 0.640070
vt 0.517598 0.655629
vt 0.516301 0.655563
vt 0.518383 0.640048
vt 0.525524 0.656511
vt 0.516648 0.671157
vt 0.518598 0.655661
vt 0.536528 0.657501
vt 0.527571 0.640752
vt 0.538747 0.641433
vt 0.523435 0.607924
vt 0.521604 0.624031
vt 0.520333 0.623972
vt 0.522283 0.607896
vt 0.529482 0.624703
vt 0.540651 0.625223
vt 0.531073 0.608408
vt 0.542214 0.608737
vt 0.532180 0.575418
vt 0.532079 0.591868
vt 0.525092 0.591762
vt 0.524225 0.575021
vt 0.477915 0.592737
vt 0.479717 0.608770
vt 0.479634 0.608788
vt 0.477831 0.592754
vt 0.543510 0.591981
vt 0.544066 0.575757
vt 0.536169 0.542122
vt 0.533687 0.558535
vt 0.525553 0.557422
vt 0.528621 0.540756
vt 0.546127 0.558815
vt 0.548125 0.542513
vt 0.471776 0.527748
vt 0.471689 0.527769
vt 0.470423 0.511239
vt 0.470510 0.511235
vt 0.532134 0.525717
vt 0.539667 0.526316
vt 0.551514 0.526601
vt 0.541979 0.510025
vt 0.552492 0.509021
vt 0.469530 0.494754
vt 0.469448 0.494767
vt 0.468474 0.478296
vt 0.468561 0.478297
vt 0.542123 0.491832
vt 0.534602 0.510025
vt 0.535260 0.492662
vt 0.553032 0.490983
vt 0.542693 0.476369
vt 0.553152 0.475894
vt 0.542911 0.445535
vt 0.542860 0.460204
vt 0.536254 0.460486
vt 0.536665 0.444768
vt 0.467953 0.461648
vt 0.467858 0.461646
vt 0.552655 0.459232
vt 0.552567 0.445422
vt 0.544409 0.411830
vt 0.543533 0.428385
vt 0.537475 0.428002
vt 0.537929 0.411460
vt 0.535198 0.428028
vt 0.536685 0.427943
vt 0.536685 0.427943
vt 0.536257 0.444533
vt 0.552906 0.428119
vt 0.554939 0.411918
vt 0.466182 0.394754
vt 0.466100 0.394754
vt 0.465827 0.377777
vt 0.465907 0.377780
vt 0.466456 0.411729
vt 0.466374 0.411731
vt 0.545014 0.394966
vt 0.555848 0.394934
vt 0.545351 0.377633
vt 0.555913 0.377367
vt 0.537520 0.342949
vt 0.537462 0.360349
vt 0.536180 0.360636
vt 0.536337 0.343661
vt 0.465751 0.360750
vt 0.465669 0.360745
vt 0.545339 0.360099
vt 0.555924 0.359684
vt 0.543660 0.705381
vt 0.544979 0.690547
vt 0.556928 0.693036
vt 0.555364 0.709305
vt 0.546406 0.675099
vt 0.559478 0.676556
vt 0.567005 0.328473
vt 0.578273 0.327823
vt 0.578263 0.340281
vt 0.566944 0.341123
vt 0.578315 0.320080
vt 0.567080 0.320588
vt 0.567058 0.319206
vt 0.578199 0.318760
vt 0.548710 0.658673
vt 0.561708 0.659852
vt 0.550986 0.642215
vt 0.563927 0.643031
vt 0.552921 0.625728
vt 0.565773 0.626227
vt 0.554501 0.609089
vt 0.567221 0.609367
vt 0.555865 0.592162
vt 0.568206 0.592456
vt 0.556539 0.575815
vt 0.570171 0.574760
vt 0.558583 0.558970
vt 0.571901 0.558470
vt 0.560741 0.542269
vt 0.573429 0.542173
vt 0.563097 0.526321
vt 0.574934 0.525939
vt 0.564011 0.508036
vt 0.576261 0.507365
vt 0.564968 0.490286
vt 0.576856 0.490178
vt 0.565211 0.473933
vt 0.578828 0.473167
vt 0.562591 0.457581
vt 0.576359 0.457664
vt 0.562694 0.444552
vt 0.573702 0.442395
vt 0.563265 0.427398
vt 0.576118 0.426971
vt 0.566550 0.411819
vt 0.578604 0.411013
vt 0.567417 0.394649
vt 0.579379 0.393990
vt 0.567224 0.376711
vt 0.578927 0.375780
vt 0.567027 0.358815
vt 0.578518 0.357829
vt 0.568505 0.712875
vt 0.570593 0.695432
vt 0.584769 0.697079
vt 0.582702 0.715548
vt 0.572942 0.678055
vt 0.586601 0.679327
vt 0.597832 0.716489
vt 0.598857 0.698324
vt 0.613485 0.699015
vt 0.612508 0.717369
vt 0.600546 0.680235
vt 0.614784 0.680915
vt 0.627173 0.717801
vt 0.627923 0.699564
vt 0.642065 0.699871
vt 0.641531 0.718072
vt 0.628904 0.681506
vt 0.642789 0.681845
vt 0.621811 0.907866
vt 0.624422 0.887538
vt 0.638636 0.889615
vt 0.636447 0.910540
vt 0.626536 0.867619
vt 0.640380 0.869213
vt 0.610478 0.885032
vt 0.612928 0.865570
vt 0.607411 0.904813
vt 0.656033 0.699977
vt 0.669912 0.699938
vt 0.669678 0.718045
vt 0.655690 0.718130
vt 0.656505 0.682012
vt 0.670244 0.682011
vt 0.683629 0.699784
vt 0.697199 0.699582
vt 0.697021 0.717561
vt 0.683440 0.717828
vt 0.683910 0.681924
vt 0.697448 0.681789
vt 0.710602 0.699363
vt 0.710442 0.717280
vt 0.710799 0.681629
vt 0.590052 0.327409
vt 0.602238 0.327064
vt 0.602281 0.339360
vt 0.590044 0.339774
vt 0.602271 0.319331
vt 0.590139 0.319687
vt 0.590058 0.318438
vt 0.602151 0.318143
vt 0.614763 0.326630
vt 0.627617 0.326151
vt 0.627767 0.338195
vt 0.614859 0.338822
vt 0.627516 0.318614
vt 0.614757 0.318954
vt 0.614678 0.317818
vt 0.627411 0.317553
vt 0.640867 0.325662
vt 0.653686 0.325172
vt 0.653714 0.336838
vt 0.640968 0.337517
vt 0.640804 0.318309
vt 0.653742 0.318040
vt 0.640759 0.317320
vt 0.655276 0.850230
vt 0.654399 0.870352
vt 0.641552 0.849424
vt 0.669123 0.850515
vt 0.668567 0.870752
vt 0.655757 0.830708
vt 0.669446 0.830859
vt 0.642174 0.830128
vt 0.665147 0.324755
vt 0.676352 0.324416
vt 0.676642 0.335775
vt 0.665287 0.336232
vt 0.665077 0.317809
vt 0.676172 0.317579
vt 0.653845 0.317072
vt 0.665078 0.316869
vt 0.688705 0.335470
vt 0.688375 0.324155
vt 0.701145 0.323948
vt 0.701451 0.335247
vt 0.688225 0.317403
vt 0.688333 0.316564
vt 0.701016 0.316449
vt 0.700937 0.317269
vt 0.714813 0.335075
vt 0.714722 0.323790
vt 0.714653 0.317203
vt 0.575047 0.660880
vt 0.588446 0.661789
vt 0.577028 0.643771
vt 0.590319 0.644412
vt 0.602212 0.662487
vt 0.616085 0.663120
vt 0.603845 0.644994
vt 0.617431 0.645538
vt 0.629966 0.663650
vt 0.643580 0.664004
vt 0.631056 0.645970
vt 0.644389 0.646313
vt 0.627900 0.848182
vt 0.614393 0.846460
vt 0.628560 0.829109
vt 0.614971 0.827606
vt 0.657089 0.664219
vt 0.670701 0.664245
vt 0.657724 0.646546
vt 0.671231 0.646603
vt 0.684287 0.664219
vt 0.697756 0.664141
vt 0.684723 0.646630
vt 0.698102 0.646595
vt 0.711035 0.664032
vt 0.711296 0.646527
vt 0.578758 0.626685
vt 0.592034 0.627157
vt 0.580155 0.609654
vt 0.593503 0.610046
vt 0.605350 0.627668
vt 0.618725 0.628100
vt 0.606718 0.610438
vt 0.619884 0.610758
vt 0.632088 0.628434
vt 0.645231 0.628717
vt 0.633013 0.610999
vt 0.645988 0.611212
vt 0.601035 0.844195
vt 0.599527 0.863049
vt 0.586315 0.860004
vt 0.587785 0.841405
vt 0.601543 0.825568
vt 0.588268 0.823096
vt 0.658412 0.628963
vt 0.671774 0.629047
vt 0.659059 0.611443
vt 0.672330 0.611546
vt 0.685180 0.629105
vt 0.698471 0.629106
vt 0.685659 0.611624
vt 0.698871 0.611643
vt 0.711570 0.629062
vt 0.711854 0.611608
vt 0.581593 0.592488
vt 0.594843 0.593154
vt 0.583046 0.575294
vt 0.596096 0.575911
vt 0.608019 0.593287
vt 0.620936 0.593476
vt 0.608980 0.576053
vt 0.621781 0.576180
vt 0.633851 0.593640
vt 0.646713 0.593781
vt 0.634566 0.576310
vt 0.647370 0.576421
vt 0.575378 0.837990
vt 0.573596 0.856287
vt 0.562286 0.852521
vt 0.564635 0.834564
vt 0.575672 0.819663
vt 0.564504 0.816332
vt 0.659759 0.593950
vt 0.672926 0.594061
vt 0.660432 0.576507
vt 0.673548 0.576579
vt 0.686148 0.594145
vt 0.699256 0.594160
vt 0.686665 0.576649
vt 0.699651 0.576653
vt 0.712142 0.594125
vt 0.712448 0.576607
vt 0.584994 0.558217
vt 0.597532 0.558524
vt 0.585967 0.542142
vt 0.598465 0.542014
vt 0.610135 0.558667
vt 0.622749 0.558785
vt 0.611012 0.541900
vt 0.623545 0.541953
vt 0.635358 0.558962
vt 0.648073 0.559063
vt 0.636076 0.541948
vt 0.648894 0.541800
vt 0.560778 0.912097
vt 0.555342 0.929732
vt 0.543331 0.925642
vt 0.548950 0.907798
vt 0.574585 0.916604
vt 0.569538 0.934229
vt 0.565932 0.893312
vt 0.579282 0.897647
vt 0.554338 0.889014
vt 0.661179 0.559030
vt 0.674194 0.559072
vt 0.662017 0.541622
vt 0.674930 0.541634
vt 0.687198 0.559130
vt 0.700077 0.559115
vt 0.687755 0.541643
vt 0.700476 0.541584
vt 0.712773 0.559048
vt 0.713097 0.541470
vt 0.587011 0.525770
vt 0.599225 0.525619
vt 0.588485 0.507270
vt 0.600732 0.507744
vt 0.611761 0.525473
vt 0.624403 0.525292
vt 0.612997 0.508483
vt 0.625450 0.508254
vt 0.637154 0.524774
vt 0.650222 0.524071
vt 0.638122 0.507236
vt 0.650746 0.506617
vt 0.579905 0.953882
vt 0.584714 0.938754
vt 0.600284 0.943192
vt 0.595770 0.958634
vt 0.564393 0.949179
vt 0.576011 0.964902
vt 0.560166 0.959997
vt 0.592139 0.969759
vt 0.591316 0.971874
vt 0.575051 0.966984
vt 0.663043 0.524039
vt 0.675643 0.524069
vt 0.663347 0.506625
vt 0.675916 0.506589
vt 0.688168 0.524075
vt 0.700780 0.523949
vt 0.688465 0.506492
vt 0.701053 0.506323
vt 0.713372 0.523777
vt 0.713643 0.506111
vt 0.588994 0.491023
vt 0.602219 0.491337
vt 0.590661 0.475434
vt 0.601400 0.476766
vt 0.614377 0.492269
vt 0.626419 0.492123
vt 0.613756 0.476382
vt 0.627203 0.474218
vt 0.638565 0.491467
vt 0.651031 0.490623
vt 0.639381 0.473538
vt 0.651499 0.473429
vt 0.589143 0.920837
vt 0.604068 0.924781
vt 0.593177 0.901443
vt 0.663622 0.490074
vt 0.676183 0.489690
vt 0.663804 0.472899
vt 0.676179 0.472414
vt 0.688758 0.489408
vt 0.701276 0.489109
vt 0.688853 0.471965
vt 0.701579 0.471587
vt 0.713829 0.488750
vt 0.714309 0.471189
vt 0.590117 0.457124
vt 0.600649 0.457117
vt 0.587240 0.441365
vt 0.600212 0.442084
vt 0.611891 0.457803
vt 0.624734 0.458304
vt 0.612578 0.441313
vt 0.625510 0.440857
vt 0.637964 0.458069
vt 0.651130 0.457579
vt 0.638513 0.440613
vt 0.651413 0.440111
vt 0.611550 0.963191
vt 0.615631 0.947409
vt 0.630999 0.951524
vt 0.627156 0.967647
vt 0.607387 0.976709
vt 0.607249 0.977198
vt 0.591166 0.972359
vt 0.623458 0.981544
vt 0.623333 0.982038
vt 0.664134 0.456843
vt 0.677022 0.456037
vt 0.664280 0.439426
vt 0.677057 0.438743
vt 0.689761 0.455084
vt 0.702343 0.454018
vt 0.689687 0.438030
vt 0.702245 0.437264
vt 0.714919 0.452969
vt 0.714639 0.436538
vt 0.589133 0.425839
vt 0.600474 0.425382
vt 0.590459 0.409781
vt 0.603238 0.409589
vt 0.614177 0.425270
vt 0.627816 0.424912
vt 0.616062 0.408373
vt 0.628053 0.406386
vt 0.639814 0.423843
vt 0.652073 0.422837
vt 0.640050 0.404883
vt 0.652413 0.403950
vt 0.618933 0.928430
vt 0.633955 0.931864
vt 0.664640 0.422204
vt 0.677148 0.421919
vt 0.664864 0.403369
vt 0.677295 0.403118
vt 0.689298 0.421911
vt 0.701322 0.421828
vt 0.689658 0.402746
vt 0.701916 0.402457
vt 0.713504 0.421451
vt 0.714049 0.402210
vt 0.591530 0.392988
vt 0.603590 0.391626
vt 0.590810 0.374791
vt 0.602971 0.373843
vt 0.615509 0.390221
vt 0.627847 0.388957
vt 0.615339 0.372938
vt 0.627888 0.372022
vt 0.640351 0.387858
vt 0.652785 0.387047
vt 0.640525 0.371172
vt 0.652955 0.370488
vt 0.570244 0.874786
vt 0.583307 0.878755
vt 0.558684 0.870717
vt 0.664970 0.386533
vt 0.677146 0.386145
vt 0.665025 0.370035
vt 0.677045 0.369593
vt 0.689345 0.385764
vt 0.701471 0.385333
vt 0.689389 0.368950
vt 0.701907 0.368337
vt 0.713677 0.384832
vt 0.714423 0.368038
vt 0.590344 0.357090
vt 0.602565 0.356451
vt 0.615104 0.355777
vt 0.627911 0.355062
vt 0.640905 0.354344
vt 0.653533 0.353646
vt 0.596764 0.882134
vt 0.665328 0.353021
vt 0.676909 0.352526
vt 0.688966 0.352182
vt 0.701527 0.351972
vt 0.714497 0.351793
vt 0.529359 0.937377
vt 0.534938 0.922387
vt 0.537683 0.940458
vt 0.525720 0.936697
vt 0.523030 0.936149
vt 0.528277 0.921661
vt 0.531073 0.922008
vt 0.520735 0.950638
vt 0.523756 0.951551
vt 0.523588 0.952025
vt 0.520563 0.951115
vt 0.524698 0.948734
vt 0.532389 0.951276
vt 0.530332 0.953538
vt 0.540481 0.904160
vt 0.545770 0.885300
vt 0.536832 0.903162
vt 0.542030 0.884022
vt 0.531444 0.921830
vt 0.536353 0.903004
vt 0.549733 0.867054
vt 0.553131 0.848957
vt 0.545668 0.865875
vt 0.548534 0.848126
vt 0.544837 0.865642
vt 0.541473 0.883655
vt 0.538480 0.882587
vt 0.541462 0.864753
vt 0.555263 0.831874
vt 0.555098 0.815052
vt 0.550410 0.831640
vt 0.550945 0.815206
vt 0.547536 0.847847
vt 0.549154 0.831616
vt 0.552682 0.800101
vt 0.560680 0.799033
vt 0.551041 0.785702
vt 0.561149 0.781531
vt 0.547387 0.788410
vt 0.549347 0.801095
vt 0.547525 0.771385
vt 0.557459 0.766001
vt 0.541330 0.757936
vt 0.550917 0.746833
vt 0.536786 0.764221
vt 0.543541 0.774944
vt 0.542780 0.775887
vt 0.546712 0.789117
vt 0.533023 0.746949
vt 0.538740 0.733728
vt 0.524052 0.739070
vt 0.528455 0.726393
vt 0.520234 0.747510
vt 0.530154 0.754257
vt 0.527796 0.759583
vt 0.529288 0.755301
vt 0.536332 0.764901
vt 0.533731 0.768903
vt 0.514824 0.734872
vt 0.517502 0.723676
vt 0.510089 0.723460
vt 0.508374 0.734683
vt 0.506476 0.735024
vt 0.508209 0.724363
vt 0.497469 0.740363
vt 0.497406 0.740391
vt 0.496667 0.735325
vt 0.496726 0.735300
vt 0.511337 0.747917
vt 0.512099 0.743606
vt 0.519726 0.748224
vt 0.518737 0.752113
vt 0.549877 0.944614
vt 0.544559 0.957816
vt 0.544402 0.958287
vt 0.530172 0.954006
vt 0.558787 0.962093
vt 0.558632 0.962569
vt 0.519527 0.711412
vt 0.530801 0.714477
vt 0.493529 0.712845
vt 0.493438 0.712861
vt 0.491751 0.700967
vt 0.491854 0.700953
vt 0.495209 0.724740
vt 0.495124 0.724757
vt 0.542205 0.719561
vt 0.553484 0.726553
vt 0.723709 0.735077
vt 0.737081 0.734684
vt 0.737051 0.753031
vt 0.723634 0.753450
vt 0.750065 0.734458
vt 0.750043 0.752785
vt 0.696921 0.735764
vt 0.710314 0.735432
vt 0.710211 0.753831
vt 0.696852 0.754204
vt 0.683343 0.736083
vt 0.683310 0.754562
vt 0.669513 0.754876
vt 0.669544 0.736358
vt 0.655514 0.736482
vt 0.655514 0.755016
vt 0.641254 0.754951
vt 0.641239 0.736452
vt 0.655307 0.976196
vt 0.642221 0.972036
vt 0.646488 0.955660
vt 0.663714 0.959522
vt 0.638450 0.983459
vt 0.623980 0.979103
vt 0.651679 0.987457
vt 0.651349 0.989933
vt 0.637404 0.985739
vt 0.626694 0.736224
vt 0.626724 0.754606
vt 0.612430 0.753864
vt 0.612294 0.735663
vt 0.597316 0.734960
vt 0.597091 0.753020
vt 0.581484 0.751340
vt 0.581831 0.733567
vt 0.566480 0.730902
vt 0.566391 0.749018
vt 0.723596 0.772062
vt 0.737036 0.771670
vt 0.737008 0.790560
vt 0.723586 0.790904
vt 0.750049 0.771432
vt 0.750060 0.790343
vt 0.696792 0.772875
vt 0.710140 0.772466
vt 0.710113 0.791314
vt 0.696771 0.791743
vt 0.669576 0.773586
vt 0.683313 0.773269
vt 0.683329 0.792159
vt 0.669655 0.792454
vt 0.655681 0.773697
vt 0.655853 0.792497
vt 0.642002 0.792223
vt 0.641625 0.773533
vt 0.574853 0.800885
vt 0.587821 0.804451
vt 0.572779 0.783260
vt 0.586229 0.786058
vt 0.627340 0.772973
vt 0.627979 0.791464
vt 0.613784 0.790247
vt 0.612838 0.772069
vt 0.598071 0.770467
vt 0.599436 0.788590
vt 0.583392 0.768952
vt 0.569797 0.766264
vt 0.723572 0.810014
vt 0.736973 0.809678
vt 0.736959 0.828904
vt 0.723600 0.829252
vt 0.750084 0.809474
vt 0.750125 0.828705
vt 0.696773 0.810835
vt 0.710121 0.810411
vt 0.710180 0.829670
vt 0.696786 0.830125
vt 0.669634 0.811544
vt 0.683303 0.811265
vt 0.683218 0.830587
vt 0.655910 0.811514
vt 0.642243 0.811108
vt 0.669300 0.982239
vt 0.664958 0.980122
vt 0.672938 0.968908
vt 0.676593 0.971735
vt 0.659745 0.992517
vt 0.659540 0.992933
vt 0.651144 0.990407
vt 0.664609 0.994015
vt 0.667114 0.994786
vt 0.666907 0.995150
vt 0.664403 0.994396
vt 0.628472 0.810225
vt 0.614628 0.808875
vt 0.600841 0.807060
vt 0.723734 0.848543
vt 0.737040 0.848195
vt 0.737216 0.867420
vt 0.724004 0.867766
vt 0.750194 0.848027
vt 0.750269 0.867291
vt 0.696802 0.849622
vt 0.710312 0.849047
vt 0.710553 0.868386
vt 0.696847 0.869202
vt 0.683067 0.850206
vt 0.682800 0.870172
vt 0.724412 0.886842
vt 0.737475 0.886480
vt 0.737833 0.905362
vt 0.724994 0.905720
vt 0.750328 0.886379
vt 0.750377 0.905287
vt 0.696989 0.888815
vt 0.710940 0.887595
vt 0.711547 0.906553
vt 0.697297 0.908259
vt 0.667707 0.891718
vt 0.682455 0.890543
vt 0.682099 0.911240
vt 0.666604 0.913452
vt 0.653078 0.891218
vt 0.651375 0.912806
vt 0.649331 0.935135
vt 0.665201 0.936004
vt 0.688711 0.964890
vt 0.701983 0.959496
vt 0.702351 0.960113
vt 0.689382 0.965645
vt 0.700651 0.954986
vt 0.685967 0.960816
vt 0.682421 0.949814
vt 0.698783 0.943646
vt 0.715010 0.957185
vt 0.727625 0.955868
vt 0.727828 0.956627
vt 0.715254 0.958061
vt 0.727237 0.951292
vt 0.714376 0.952327
vt 0.713389 0.940944
vt 0.726607 0.940160
vt 0.739252 0.956192
vt 0.750517 0.955903
vt 0.750535 0.958544
vt 0.739337 0.958925
vt 0.739057 0.950839
vt 0.738767 0.939860
vt 0.750449 0.939809
vt 0.750479 0.950708
vt 0.739194 0.955351
vt 0.738316 0.923970
vt 0.750417 0.923927
vt 0.725806 0.924265
vt 0.712430 0.925038
vt 0.697809 0.927326
vt 0.681674 0.932184
vt 0.763103 0.698693
vt 0.763068 0.716478
vt 0.776454 0.698749
vt 0.776449 0.716618
vt 0.763131 0.681088
vt 0.776443 0.681063
vt 0.760293 0.323840
vt 0.760326 0.335208
vt 0.771641 0.324481
vt 0.771757 0.336048
vt 0.760380 0.317395
vt 0.760767 0.316389
vt 0.771888 0.316671
vt 0.771606 0.317759
vt 0.763167 0.663567
vt 0.776431 0.663500
vt 0.763214 0.646106
vt 0.776408 0.646015
vt 0.763273 0.628680
vt 0.776396 0.628565
vt 0.763336 0.611244
vt 0.776392 0.611114
vt 0.763400 0.593752
vt 0.776369 0.593622
vt 0.763478 0.576209
vt 0.776353 0.576085
vt 0.763567 0.558595
vt 0.776347 0.558466
vt 0.763694 0.540929
vt 0.776367 0.540786
vt 0.763892 0.523145
vt 0.776474 0.522997
vt 0.764186 0.505286
vt 0.776748 0.505158
vt 0.764578 0.487534
vt 0.777147 0.487504
vt 0.764832 0.469948
vt 0.777431 0.470070
vt 0.765203 0.451402
vt 0.777799 0.451965
vt 0.763717 0.435766
vt 0.776208 0.436101
vt 0.763589 0.418334
vt 0.776097 0.418512
vt 0.760731 0.403791
vt 0.773029 0.403765
vt 0.762152 0.384115
vt 0.772701 0.385744
vt 0.760928 0.368880
vt 0.772542 0.369654
vt 0.760469 0.352148
vt 0.772051 0.352981
vt 0.968020 0.687486
vt 0.979242 0.685997
vt 0.981307 0.700276
vt 0.970504 0.702512
vt 0.010744 0.686555
vt 0.010783 0.686567
vt 0.008777 0.700967
vt 0.008739 0.700959
vt 0.988924 0.685450
vt 0.986926 0.671074
vt 0.987179 0.671063
vt 0.989178 0.685419
vt 0.965933 0.672448
vt 0.977199 0.671525
vt 0.955321 0.329632
vt 0.956340 0.341629
vt 0.945698 0.341483
vt 0.944822 0.329475
vt 0.964132 0.342742
vt 0.964064 0.341935
vt 0.963206 0.328478
vt 0.963754 0.327808
vt 0.964676 0.324093
vt 0.964901 0.324111
vt 0.964921 0.327240
vt 0.964696 0.327229
vt 0.955003 0.325302
vt 0.944783 0.324580
vt 0.975094 0.656375
vt 0.963795 0.656975
vt 0.014844 0.656593
vt 0.014882 0.656605
vt 0.012790 0.672167
vt 0.012751 0.672154
vt 0.984844 0.655560
vt 0.982761 0.640046
vt 0.983009 0.640039
vt 0.985094 0.655551
vt 0.973021 0.640650
vt 0.961732 0.641094
vt 0.971012 0.624575
vt 0.959753 0.624924
vt 0.980751 0.639982
vt 0.978714 0.623943
vt 0.979541 0.623979
vt 0.981532 0.640036
vt 0.980810 0.623970
vt 0.978859 0.607895
vt 0.979103 0.607890
vt 0.981056 0.623965
vt 0.969038 0.608324
vt 0.957838 0.608594
vt 0.967169 0.592113
vt 0.956042 0.592329
vt 0.977064 0.591912
vt 0.977306 0.591908
vt 0.975269 0.575929
vt 0.975508 0.575927
vt 0.965590 0.576054
vt 0.954622 0.576220
vt 0.964275 0.559812
vt 0.953671 0.560155
vt 0.026001 0.560505
vt 0.026037 0.560510
vt 0.024501 0.576720
vt 0.024465 0.576713
vt 0.972501 0.559559
vt 0.971690 0.559292
vt 0.970378 0.543024
vt 0.971076 0.543343
vt 0.962971 0.543287
vt 0.952197 0.543125
vt 0.961826 0.526532
vt 0.951088 0.526344
vt 0.972211 0.543612
vt 0.970951 0.527134
vt 0.971186 0.527136
vt 0.972448 0.543613
vt 0.969690 0.510656
vt 0.969924 0.510659
vt 0.960832 0.509839
vt 0.950006 0.509522
vt 0.959705 0.493090
vt 0.948710 0.492602
vt 0.968696 0.510231
vt 0.967697 0.493691
vt 0.968720 0.494235
vt 0.966859 0.477061
vt 0.967750 0.477815
vt 0.948124 0.475872
vt 0.959181 0.476141
vt 0.949728 0.458792
vt 0.959648 0.460100
vt 0.032637 0.461647
vt 0.032671 0.461646
vt 0.032055 0.478296
vt 0.032017 0.478295
vt 0.967137 0.461217
vt 0.966524 0.444620
vt 0.966754 0.444631
vt 0.967368 0.461227
vt 0.952321 0.444219
vt 0.960773 0.443963
vt 0.949866 0.428617
vt 0.959296 0.427510
vt 0.966092 0.428040
vt 0.966322 0.428053
vt 0.033685 0.428368
vt 0.034115 0.411736
vt 0.034154 0.411731
vt 0.033720 0.428364
vt 0.949139 0.413976
vt 0.959179 0.413222
vt 0.958162 0.396578
vt 0.947949 0.397281
vt 0.034391 0.394756
vt 0.034428 0.394754
vt 0.964984 0.395016
vt 0.964513 0.377709
vt 0.965116 0.377617
vt 0.965388 0.394538
vt 0.957297 0.378279
vt 0.946942 0.378378
vt 0.956840 0.359461
vt 0.946354 0.359204
vt 0.964958 0.360641
vt 0.965186 0.360656
vt 0.965344 0.377631
vt 0.964180 0.359606
vt 0.964340 0.360121
vt 0.956044 0.689578
vt 0.953798 0.673843
vt 0.943306 0.691833
vt 0.940815 0.675276
vt 0.959054 0.705641
vt 0.946326 0.708972
vt 0.934104 0.328803
vt 0.933958 0.323606
vt 0.933990 0.322076
vt 0.922783 0.322807
vt 0.922889 0.321260
vt 0.934666 0.340955
vt 0.923330 0.340694
vt 0.922983 0.328398
vt 0.951557 0.657770
vt 0.949462 0.641552
vt 0.938592 0.658720
vt 0.936527 0.642114
vt 0.947522 0.625194
vt 0.945742 0.608757
vt 0.934684 0.625492
vt 0.933059 0.608810
vt 0.944014 0.592263
vt 0.942767 0.575898
vt 0.931593 0.592002
vt 0.930630 0.575613
vt 0.942017 0.559833
vt 0.940377 0.542579
vt 0.929059 0.558821
vt 0.928137 0.542035
vt 0.939443 0.525727
vt 0.938282 0.508834
vt 0.927304 0.525003
vt 0.926121 0.507919
vt 0.936436 0.491302
vt 0.936670 0.474307
vt 0.924599 0.490297
vt 0.924936 0.473171
vt 0.937331 0.459027
vt 0.939740 0.443382
vt 0.925077 0.458611
vt 0.926814 0.443026
vt 0.938770 0.429480
vt 0.937671 0.414265
vt 0.926257 0.429919
vt 0.925294 0.414140
vt 0.936609 0.397254
vt 0.935717 0.378012
vt 0.924500 0.396900
vt 0.923888 0.377538
vt 0.935219 0.358663
vt 0.923658 0.358196
vt 0.929808 0.693586
vt 0.927329 0.676509
vt 0.915314 0.695152
vt 0.913690 0.677677
vt 0.932155 0.711411
vt 0.917380 0.713192
vt 0.901195 0.696267
vt 0.900057 0.678671
vt 0.887268 0.697203
vt 0.885911 0.679208
vt 0.902344 0.714412
vt 0.887898 0.715290
vt 0.872460 0.697709
vt 0.871551 0.679930
vt 0.857884 0.698356
vt 0.857226 0.680443
vt 0.873203 0.715801
vt 0.858430 0.716384
vt 0.890500 0.884149
vt 0.876505 0.886764
vt 0.874307 0.866672
vt 0.887959 0.864540
vt 0.862242 0.888964
vt 0.860409 0.868393
vt 0.879166 0.907230
vt 0.864483 0.910031
vt 0.893616 0.904061
vt 0.843687 0.698545
vt 0.843355 0.680629
vt 0.830276 0.698707
vt 0.830129 0.680836
vt 0.843953 0.716632
vt 0.830353 0.716755
vt 0.817078 0.698788
vt 0.817044 0.680983
vt 0.803450 0.698769
vt 0.803444 0.680975
vt 0.817055 0.716797
vt 0.803427 0.716761
vt 0.789896 0.698769
vt 0.789883 0.681020
vt 0.789893 0.716711
vt 0.910946 0.322083
vt 0.911015 0.320567
vt 0.911231 0.328105
vt 0.899100 0.328027
vt 0.898785 0.321785
vt 0.911516 0.340650
vt 0.899201 0.340762
vt 0.886222 0.321414
vt 0.886327 0.319827
vt 0.898899 0.320244
vt 0.873335 0.320965
vt 0.873520 0.319373
vt 0.886479 0.327921
vt 0.886530 0.340517
vt 0.873417 0.340053
vt 0.873468 0.327656
vt 0.860008 0.327443
vt 0.859908 0.320640
vt 0.860098 0.319043
vt 0.846798 0.320192
vt 0.846925 0.318579
vt 0.859916 0.339637
vt 0.846891 0.339280
vt 0.846933 0.327118
vt 0.845311 0.849370
vt 0.831449 0.849808
vt 0.830976 0.830004
vt 0.844670 0.829670
vt 0.846343 0.869668
vt 0.832144 0.870193
vt 0.859079 0.848415
vt 0.858279 0.828922
vt 0.835171 0.326866
vt 0.835238 0.319758
vt 0.823693 0.326519
vt 0.823914 0.319295
vt 0.835075 0.338918
vt 0.823474 0.338618
vt 0.811445 0.326113
vt 0.811650 0.318867
vt 0.812093 0.317445
vt 0.798766 0.318481
vt 0.799323 0.317152
vt 0.811191 0.338189
vt 0.798254 0.337626
vt 0.798492 0.325657
vt 0.784962 0.318099
vt 0.785446 0.316912
vt 0.784812 0.325101
vt 0.784754 0.336888
vt 0.925261 0.659632
vt 0.923363 0.642675
vt 0.912053 0.660481
vt 0.910428 0.643272
vt 0.898535 0.661099
vt 0.897018 0.643770
vt 0.884643 0.661609
vt 0.883435 0.644311
vt 0.870627 0.662355
vt 0.869735 0.644901
vt 0.856606 0.662696
vt 0.855975 0.645114
vt 0.872794 0.847027
vt 0.871937 0.827780
vt 0.886327 0.845283
vt 0.885514 0.826310
vt 0.842969 0.662881
vt 0.842597 0.645305
vt 0.829921 0.663129
vt 0.829677 0.645563
vt 0.816939 0.663327
vt 0.816749 0.645758
vt 0.803415 0.663351
vt 0.803369 0.645814
vt 0.789873 0.663420
vt 0.789846 0.645900
vt 0.921752 0.625777
vt 0.920505 0.608926
vt 0.908963 0.626175
vt 0.907511 0.609145
vt 0.895414 0.626555
vt 0.894046 0.609483
vt 0.882155 0.627066
vt 0.880963 0.609801
vt 0.868828 0.627457
vt 0.867984 0.610074
vt 0.855390 0.627650
vt 0.854872 0.610247
vt 0.899607 0.843174
vt 0.898973 0.824414
vt 0.901347 0.862017
vt 0.912303 0.840515
vt 0.914350 0.859067
vt 0.911843 0.821791
vt 0.842251 0.627843
vt 0.841922 0.610404
vt 0.829409 0.628063
vt 0.829126 0.610564
vt 0.816531 0.628235
vt 0.816279 0.610727
vt 0.803264 0.628318
vt 0.803100 0.610830
vt 0.789795 0.628433
vt 0.789715 0.610955
vt 0.919495 0.592136
vt 0.917642 0.574920
vt 0.906073 0.592058
vt 0.905149 0.575066
vt 0.893002 0.592585
vt 0.892346 0.575453
vt 0.879986 0.592628
vt 0.879303 0.575384
vt 0.867216 0.592737
vt 0.866582 0.575377
vt 0.854354 0.592848
vt 0.853878 0.575412
vt 0.924475 0.837225
vt 0.923864 0.818675
vt 0.927017 0.855517
vt 0.936502 0.833755
vt 0.938690 0.851762
vt 0.935450 0.815673
vt 0.841559 0.592950
vt 0.841176 0.575463
vt 0.828824 0.593064
vt 0.828504 0.575529
vt 0.816026 0.593216
vt 0.815803 0.575668
vt 0.802940 0.593335
vt 0.802797 0.575791
vt 0.789618 0.593476
vt 0.789519 0.575950
vt 0.916515 0.558295
vt 0.915673 0.541400
vt 0.904039 0.558104
vt 0.903144 0.540908
vt 0.891430 0.558098
vt 0.890615 0.540666
vt 0.878625 0.558025
vt 0.877982 0.540525
vt 0.865967 0.557955
vt 0.865434 0.540458
vt 0.853368 0.557935
vt 0.852951 0.540464
vt 0.940457 0.911450
vt 0.926560 0.915898
vt 0.921831 0.896776
vt 0.935240 0.892514
vt 0.945888 0.929249
vt 0.931587 0.933688
vt 0.952354 0.907261
vt 0.957949 0.925247
vt 0.946937 0.888364
vt 0.840771 0.557952
vt 0.840491 0.540614
vt 0.828215 0.558013
vt 0.828081 0.540777
vt 0.815641 0.558121
vt 0.815540 0.540792
vt 0.802612 0.558196
vt 0.802400 0.540666
vt 0.789383 0.558349
vt 0.789230 0.540686
vt 0.914930 0.524317
vt 0.914118 0.507188
vt 0.902372 0.523641
vt 0.901795 0.506366
vt 0.889824 0.523122
vt 0.889390 0.505684
vt 0.877243 0.522794
vt 0.877047 0.505488
vt 0.864791 0.522768
vt 0.864803 0.505588
vt 0.852550 0.522937
vt 0.852535 0.505722
vt 0.926056 0.967103
vt 0.942321 0.962212
vt 0.942438 0.962569
vt 0.926171 0.967464
vt 0.936696 0.948802
vt 0.921136 0.953517
vt 0.916362 0.938181
vt 0.905266 0.958303
vt 0.900769 0.942669
vt 0.925178 0.965254
vt 0.909029 0.970087
vt 0.840327 0.523302
vt 0.840169 0.505863
vt 0.827962 0.523501
vt 0.827604 0.505795
vt 0.815151 0.523255
vt 0.814833 0.505404
vt 0.802103 0.522923
vt 0.802015 0.505053
vt 0.789133 0.522884
vt 0.789339 0.505072
vt 0.913390 0.489437
vt 0.912995 0.472967
vt 0.901503 0.488821
vt 0.900940 0.472395
vt 0.889410 0.488449
vt 0.888737 0.471851
vt 0.877202 0.488411
vt 0.876525 0.471503
vt 0.864820 0.488293
vt 0.864273 0.471146
vt 0.852241 0.488092
vt 0.851987 0.470924
vt 0.911954 0.920134
vt 0.907894 0.900598
vt 0.896995 0.924138
vt 0.839625 0.488354
vt 0.839653 0.471673
vt 0.827190 0.488728
vt 0.827011 0.471941
vt 0.814729 0.488247
vt 0.814548 0.471237
vt 0.802183 0.487774
vt 0.802323 0.470741
vt 0.789668 0.487573
vt 0.789956 0.470353
vt 0.913273 0.457933
vt 0.913933 0.442471
vt 0.900931 0.457332
vt 0.900935 0.442218
vt 0.888327 0.456603
vt 0.887712 0.441449
vt 0.875728 0.455865
vt 0.874230 0.439110
vt 0.863523 0.455337
vt 0.860739 0.435991
vt 0.850587 0.454428
vt 0.845853 0.442006
vt 0.889486 0.962957
vt 0.892968 0.974828
vt 0.885397 0.946995
vt 0.873865 0.967520
vt 0.870003 0.951266
vt 0.877174 0.979525
vt 0.836813 0.455603
vt 0.836151 0.440454
vt 0.825319 0.455370
vt 0.826450 0.438061
vt 0.814272 0.454539
vt 0.816431 0.435360
vt 0.802761 0.453359
vt 0.803442 0.433289
vt 0.790462 0.452581
vt 0.789004 0.435954
vt 0.913253 0.429770
vt 0.912560 0.413910
vt 0.900028 0.429368
vt 0.899581 0.413377
vt 0.886814 0.428318
vt 0.886450 0.412633
vt 0.873226 0.426928
vt 0.873161 0.411596
vt 0.860122 0.425248
vt 0.860006 0.410405
vt 0.848246 0.423776
vt 0.847376 0.408914
vt 0.882084 0.927905
vt 0.867018 0.931484
vt 0.837758 0.421546
vt 0.835150 0.408107
vt 0.827541 0.419811
vt 0.822403 0.408426
vt 0.814160 0.418960
vt 0.809189 0.407927
vt 0.796631 0.421024
vt 0.797963 0.404392
vt 0.786898 0.420173
vt 0.786910 0.402469
vt 0.912017 0.396576
vt 0.911708 0.377268
vt 0.899237 0.396231
vt 0.899191 0.377062
vt 0.886202 0.395829
vt 0.886359 0.376734
vt 0.872983 0.395323
vt 0.873268 0.376313
vt 0.859801 0.394708
vt 0.860098 0.375885
vt 0.846836 0.394068
vt 0.847159 0.375465
vt 0.942463 0.870008
vt 0.930720 0.873941
vt 0.917691 0.877793
vt 0.834231 0.393607
vt 0.834761 0.375056
vt 0.821662 0.393107
vt 0.822522 0.374536
vt 0.809006 0.392066
vt 0.810064 0.373722
vt 0.796499 0.390595
vt 0.797462 0.372571
vt 0.784030 0.388615
vt 0.784816 0.371056
vt 0.911690 0.358102
vt 0.899303 0.358098
vt 0.886545 0.357884
vt 0.873424 0.357540
vt 0.860081 0.357219
vt 0.847100 0.356919
vt 0.904250 0.881173
vt 0.835007 0.356620
vt 0.823095 0.356266
vt 0.810715 0.355710
vt 0.797895 0.354965
vt 0.784751 0.353997
vt 0.981349 0.950463
vt 0.980543 0.948269
vt 0.982391 0.947739
vt 0.983145 0.949921
vt 0.971818 0.937185
vt 0.966320 0.922107
vt 0.970468 0.921530
vt 0.975926 0.936511
vt 0.963612 0.940176
vt 0.968768 0.951659
vt 0.976579 0.949090
vt 0.960830 0.903771
vt 0.955606 0.884880
vt 0.959989 0.883571
vt 0.965140 0.902758
vt 0.956550 0.865507
vt 0.951787 0.866736
vt 0.948511 0.848707
vt 0.953727 0.847992
vt 0.946259 0.831427
vt 0.946117 0.814386
vt 0.951049 0.815138
vt 0.951577 0.831334
vt 0.952787 0.831378
vt 0.954549 0.847699
vt 0.948975 0.799689
vt 0.950546 0.785145
vt 0.954680 0.788699
vt 0.952694 0.801064
vt 0.937503 0.798582
vt 0.940918 0.782062
vt 0.952202 0.815334
vt 0.953546 0.801741
vt 0.955721 0.802773
vt 0.954933 0.815725
vt 0.959555 0.776835
vt 0.965610 0.765740
vt 0.967309 0.768668
vt 0.961845 0.779214
vt 0.961349 0.758402
vt 0.954739 0.771676
vt 0.945874 0.765642
vt 0.953462 0.746011
vt 0.955271 0.789412
vt 0.957519 0.791134
vt 0.970472 0.747661
vt 0.979581 0.741370
vt 0.981058 0.748237
vt 0.971882 0.755790
vt 0.966772 0.735517
vt 0.976801 0.730142
vt 0.965225 0.764994
vt 0.972681 0.756835
vt 0.997039 0.740328
vt 0.996868 0.740425
vt 0.995957 0.734339
vt 0.996139 0.734240
vt 0.003830 0.735360
vt 0.005369 0.724757
vt 0.005404 0.724757
vt 0.003857 0.735359
vt 0.987846 0.736698
vt 0.985863 0.725299
vt 0.981519 0.749216
vt 0.989203 0.744715
vt 0.989912 0.747942
vt 0.982482 0.752254
vt 0.955751 0.955798
vt 0.951302 0.944300
vt 0.941052 0.960286
vt 0.992636 0.711714
vt 0.990921 0.699825
vt 0.991177 0.699776
vt 0.992864 0.711638
vt 0.983663 0.713582
vt 0.973731 0.717280
vt 0.007054 0.712859
vt 0.007090 0.712861
vt 0.962843 0.721752
vt 0.949301 0.726061
vt 0.763016 0.734534
vt 0.762979 0.752862
vt 0.776419 0.734725
vt 0.776413 0.753076
vt 0.789857 0.734872
vt 0.789849 0.753279
vt 0.803356 0.734975
vt 0.803304 0.753442
vt 0.817013 0.735035
vt 0.816954 0.753550
vt 0.830419 0.735032
vt 0.830461 0.753590
vt 0.844151 0.734941
vt 0.844207 0.753494
vt 0.858684 0.734613
vt 0.858670 0.753111
vt 0.863707 0.985859
vt 0.877643 0.981667
vt 0.877737 0.982038
vt 0.863831 0.986222
vt 0.858801 0.972032
vt 0.854504 0.955540
vt 0.845735 0.976290
vt 0.837254 0.959536
vt 0.849535 0.987884
vt 0.862738 0.983861
vt 0.873652 0.734218
vt 0.873596 0.752711
vt 0.888193 0.733586
vt 0.888272 0.752126
vt 0.903584 0.732945
vt 0.903715 0.751364
vt 0.919193 0.731864
vt 0.919582 0.750413
vt 0.934591 0.730261
vt 0.935520 0.748474
vt 0.763013 0.771485
vt 0.763089 0.790390
vt 0.776433 0.771700
vt 0.776503 0.790583
vt 0.789887 0.771949
vt 0.789962 0.790852
vt 0.803325 0.772171
vt 0.803379 0.791105
vt 0.816924 0.772337
vt 0.816918 0.791293
vt 0.830476 0.772387
vt 0.830518 0.791347
vt 0.844260 0.772258
vt 0.844260 0.791173
vt 0.858494 0.771837
vt 0.858180 0.790712
vt 0.924655 0.799835
vt 0.912858 0.803084
vt 0.914263 0.784559
vt 0.928434 0.782580
vt 0.873023 0.771238
vt 0.872278 0.789950
vt 0.887445 0.770402
vt 0.886308 0.788783
vt 0.901851 0.769001
vt 0.900251 0.786989
vt 0.917204 0.767671
vt 0.933105 0.765847
vt 0.763194 0.809529
vt 0.763295 0.828770
vt 0.776593 0.809726
vt 0.776656 0.828996
vt 0.790043 0.810000
vt 0.790097 0.829309
vt 0.803457 0.810264
vt 0.803556 0.829639
vt 0.817008 0.810482
vt 0.817191 0.829922
vt 0.830680 0.810553
vt 0.844361 0.810314
vt 0.858040 0.809740
vt 0.840427 0.990681
vt 0.836048 0.980275
vt 0.827992 0.969034
vt 0.823806 0.972317
vt 0.830650 0.983084
vt 0.827898 0.984535
vt 0.821747 0.973906
vt 0.833941 0.994898
vt 0.832966 0.993226
vt 0.835498 0.992249
vt 0.836457 0.994127
vt 0.871825 0.808817
vt 0.885529 0.807492
vt 0.899248 0.805614
vt 0.763350 0.848081
vt 0.763323 0.867334
vt 0.776653 0.848327
vt 0.776527 0.867596
vt 0.790102 0.848745
vt 0.789998 0.868141
vt 0.803679 0.849216
vt 0.803761 0.868871
vt 0.817477 0.849655
vt 0.817876 0.869725
vt 0.763182 0.886413
vt 0.762922 0.905306
vt 0.776240 0.886707
vt 0.775758 0.905613
vt 0.789728 0.887395
vt 0.789222 0.906393
vt 0.803727 0.888547
vt 0.803505 0.908060
vt 0.818315 0.890200
vt 0.818743 0.911011
vt 0.833101 0.891294
vt 0.834271 0.913173
vt 0.847760 0.890688
vt 0.849522 0.912425
vt 0.851612 0.934900
vt 0.835734 0.935867
vt 0.814992 0.960809
vt 0.818521 0.949771
vt 0.800325 0.954863
vt 0.802138 0.943546
vt 0.798692 0.960041
vt 0.811578 0.965686
vt 0.809822 0.968251
vt 0.797879 0.962618
vt 0.824295 0.971885
vt 0.812244 0.964897
vt 0.786580 0.952241
vt 0.787515 0.940849
vt 0.773723 0.951228
vt 0.774300 0.940083
vt 0.773379 0.955816
vt 0.785992 0.957116
vt 0.785403 0.960985
vt 0.785781 0.958010
vt 0.761900 0.950813
vt 0.762134 0.939819
vt 0.761806 0.955328
vt 0.750500 0.955140
vt 0.773207 0.956594
vt 0.761783 0.956177
vt 0.762521 0.923925
vt 0.775033 0.924183
vt 0.788411 0.924928
vt 0.803056 0.927196
vt 0.819231 0.932062
vt 0.238992 0.685228
vt 0.238960 0.701149
vt 0.227004 0.700230
vt 0.227020 0.684091
vt 0.238909 0.716312
vt 0.226969 0.715879
vt 0.250854 0.701685
vt 0.250798 0.716585
vt 0.250900 0.685865
vt 0.239466 0.318304
vt 0.228744 0.318297
vt 0.228833 0.317600
vt 0.239547 0.317622
vt 0.228667 0.323072
vt 0.239249 0.322716
vt 0.239063 0.333508
vt 0.228463 0.334019
vt 0.249928 0.322813
vt 0.249628 0.332923
vt 0.250264 0.317609
vt 0.250187 0.318474
vt 0.239032 0.650864
vt 0.239004 0.668329
vt 0.227029 0.667298
vt 0.227063 0.650074
vt 0.250934 0.668889
vt 0.250970 0.651277
vt 0.239214 0.615523
vt 0.239103 0.633251
vt 0.227159 0.632654
vt 0.227305 0.615065
vt 0.251009 0.633555
vt 0.251065 0.615753
vt 0.239510 0.579827
vt 0.239348 0.597708
vt 0.227481 0.597342
vt 0.227697 0.579517
vt 0.251148 0.597891
vt 0.251257 0.579989
vt 0.239892 0.543964
vt 0.239700 0.561905
vt 0.227954 0.561622
vt 0.228224 0.543683
vt 0.251380 0.562067
vt 0.251483 0.544147
vt 0.240100 0.508287
vt 0.240062 0.526039
vt 0.228480 0.525748
vt 0.228567 0.508013
vt 0.251604 0.526242
vt 0.251681 0.508422
vt 0.240156 0.472659
vt 0.240399 0.490355
vt 0.228681 0.490217
vt 0.228764 0.472169
vt 0.251992 0.490551
vt 0.251615 0.472887
vt 0.240428 0.454580
vt 0.228401 0.454626
vt 0.228790 0.436686
vt 0.239996 0.437091
vt 0.252039 0.454594
vt 0.251205 0.437407
vt 0.239801 0.401966
vt 0.239811 0.419952
vt 0.228577 0.419747
vt 0.228707 0.401848
vt 0.251049 0.420057
vt 0.250921 0.402031
vt 0.239584 0.383990
vt 0.228534 0.384054
vt 0.228144 0.367509
vt 0.239279 0.367200
vt 0.250670 0.384051
vt 0.250362 0.366941
vt 0.239039 0.350596
vt 0.228214 0.351170
vt 0.249903 0.349993
vt 0.015493 0.672184
vt 0.013647 0.686756
vt 0.012787 0.686700
vt 0.014681 0.672184
vt 0.011073 0.686547
vt 0.009151 0.700862
vt 0.021949 0.687575
vt 0.033600 0.688458
vt 0.031431 0.703350
vt 0.020041 0.701694
vt 0.023804 0.672834
vt 0.035476 0.673240
vt 0.035318 0.326928
vt 0.035318 0.327210
vt 0.035080 0.327223
vt 0.035081 0.326929
vt 0.036919 0.330261
vt 0.044508 0.330272
vt 0.044442 0.339873
vt 0.036663 0.341087
vt 0.054635 0.329545
vt 0.054903 0.338675
vt 0.044890 0.327689
vt 0.045277 0.326908
vt 0.055473 0.326670
vt 0.055033 0.327345
vt 0.019726 0.640926
vt 0.027933 0.641313
vt 0.025910 0.657261
vt 0.017611 0.656734
vt 0.037486 0.657491
vt 0.039384 0.641417
vt 0.019204 0.624839
vt 0.018934 0.624915
vt 0.020894 0.608788
vt 0.021160 0.608668
vt 0.017233 0.640966
vt 0.016974 0.641042
vt 0.029834 0.625054
vt 0.041150 0.625009
vt 0.031713 0.608649
vt 0.042905 0.608467
vt 0.024749 0.576522
vt 0.026369 0.576330
vt 0.024607 0.592424
vt 0.022960 0.592573
vt 0.022806 0.608596
vt 0.033525 0.592264
vt 0.044688 0.591910
vt 0.035181 0.575974
vt 0.046210 0.575513
vt 0.030008 0.543567
vt 0.037807 0.543240
vt 0.036623 0.559547
vt 0.028698 0.559812
vt 0.026294 0.560273
vt 0.047506 0.559149
vt 0.048522 0.542699
vt 0.030245 0.510860
vt 0.031714 0.510433
vt 0.030578 0.527095
vt 0.029045 0.527452
vt 0.028839 0.527769
vt 0.027750 0.544059
vt 0.027572 0.544300
vt 0.039072 0.526168
vt 0.049800 0.525343
vt 0.040091 0.509313
vt 0.050816 0.508301
vt 0.031133 0.494353
vt 0.031080 0.494767
vt 0.032073 0.477826
vt 0.030105 0.511239
vt 0.041039 0.492302
vt 0.051867 0.490799
vt 0.041743 0.475532
vt 0.052239 0.474000
vt 0.032813 0.461439
vt 0.033287 0.444996
vt 0.032990 0.444311
vt 0.042336 0.459561
vt 0.052751 0.457592
vt 0.042016 0.441329
vt 0.052946 0.439253
vt 0.036682 0.410626
vt 0.044783 0.408875
vt 0.043145 0.424479
vt 0.035176 0.425943
vt 0.034546 0.442989
vt 0.055025 0.423004
vt 0.055397 0.406206
vt 0.034668 0.376995
vt 0.036011 0.376064
vt 0.036078 0.393558
vt 0.034559 0.394260
vt 0.035913 0.410986
vt 0.034299 0.411503
vt 0.044785 0.391081
vt 0.055548 0.388642
vt 0.044380 0.373338
vt 0.055067 0.371041
vt 0.034822 0.342798
vt 0.036212 0.341903
vt 0.035985 0.358557
vt 0.034713 0.359706
vt 0.034701 0.377777
vt 0.034860 0.360745
vt 0.044084 0.355664
vt 0.054563 0.353749
vt 0.046468 0.689499
vt 0.060099 0.690637
vt 0.058012 0.707406
vt 0.044189 0.705410
vt 0.048058 0.673862
vt 0.061339 0.674587
vt 0.065615 0.337983
vt 0.065238 0.329072
vt 0.076553 0.329381
vt 0.076736 0.337631
vt 0.065768 0.326988
vt 0.066317 0.326199
vt 0.077161 0.325840
vt 0.076835 0.327093
vt 0.049789 0.657884
vt 0.062757 0.658388
vt 0.051462 0.641710
vt 0.064182 0.642074
vt 0.052997 0.625156
vt 0.065495 0.625411
vt 0.054504 0.608490
vt 0.066777 0.608649
vt 0.056165 0.591767
vt 0.068287 0.591848
vt 0.057515 0.575377
vt 0.069414 0.575441
vt 0.058603 0.559167
vt 0.070132 0.559375
vt 0.059624 0.542401
vt 0.071431 0.542099
vt 0.060830 0.525083
vt 0.072464 0.524986
vt 0.061924 0.507691
vt 0.073661 0.507205
vt 0.062776 0.490011
vt 0.074252 0.489695
vt 0.063213 0.472915
vt 0.074963 0.472171
vt 0.063768 0.455992
vt 0.075543 0.454834
vt 0.064584 0.438156
vt 0.076570 0.437070
vt 0.065923 0.421696
vt 0.077812 0.419868
vt 0.066466 0.404351
vt 0.078786 0.403120
vt 0.067091 0.387034
vt 0.079324 0.386131
vt 0.066146 0.369604
vt 0.077920 0.369501
vt 0.065584 0.352732
vt 0.077400 0.352469
vt 0.074075 0.691555
vt 0.088465 0.692475
vt 0.087765 0.709347
vt 0.072604 0.708571
vt 0.075047 0.675254
vt 0.089198 0.675998
vt 0.103154 0.710448
vt 0.103332 0.693636
vt 0.118295 0.694804
vt 0.118468 0.711594
vt 0.103829 0.676949
vt 0.118638 0.677919
vt 0.133513 0.712651
vt 0.133222 0.695795
vt 0.147915 0.696630
vt 0.148239 0.713543
vt 0.133364 0.678849
vt 0.147840 0.679671
vt 0.126303 0.908072
vt 0.130719 0.885669
vt 0.145979 0.888525
vt 0.141905 0.911810
vt 0.134299 0.863339
vt 0.148974 0.865197
vt 0.115768 0.882750
vt 0.119776 0.861146
vt 0.110993 0.904469
vt 0.162565 0.714189
vt 0.162317 0.697310
vt 0.176253 0.697894
vt 0.176393 0.714662
vt 0.162228 0.680395
vt 0.176236 0.681079
vt 0.189712 0.715019
vt 0.189627 0.698440
vt 0.202558 0.698963
vt 0.202592 0.715313
vt 0.189616 0.681768
vt 0.202546 0.682420
vt 0.214920 0.715572
vt 0.214923 0.699525
vt 0.214918 0.683170
vt 0.088871 0.337218
vt 0.088719 0.328870
vt 0.101103 0.328006
vt 0.101442 0.337669
vt 0.101055 0.325231
vt 0.088885 0.326210
vt 0.114182 0.337587
vt 0.113643 0.327124
vt 0.126751 0.327506
vt 0.127482 0.336840
vt 0.113644 0.324093
vt 0.113829 0.323178
vt 0.126440 0.322508
vt 0.126509 0.323840
vt 0.101214 0.324208
vt 0.141311 0.335844
vt 0.140399 0.326459
vt 0.154353 0.325992
vt 0.155094 0.335226
vt 0.140131 0.322561
vt 0.153943 0.321705
vt 0.228785 0.894395
vt 0.217550 0.898670
vt 0.216843 0.885911
vt 0.228391 0.882151
vt 0.206063 0.905043
vt 0.204720 0.892263
vt 0.207122 0.911725
vt 0.218088 0.906039
vt 0.218374 0.909877
vt 0.207654 0.915027
vt 0.228948 0.900164
vt 0.217957 0.904650
vt 0.167690 0.325183
vt 0.180770 0.324443
vt 0.181369 0.334732
vt 0.168445 0.334870
vt 0.167189 0.320711
vt 0.166869 0.319739
vt 0.180025 0.318986
vt 0.180311 0.319798
vt 0.193647 0.334593
vt 0.193184 0.323682
vt 0.205373 0.323746
vt 0.205616 0.334446
vt 0.192830 0.319114
vt 0.192622 0.318533
vt 0.205221 0.318031
vt 0.205208 0.318776
vt 0.217269 0.323545
vt 0.217322 0.334303
vt 0.217095 0.318484
vt 0.076223 0.658897
vt 0.090131 0.659475
vt 0.077535 0.642394
vt 0.091347 0.642812
vt 0.104562 0.660186
vt 0.119143 0.661043
vt 0.105491 0.643421
vt 0.119905 0.644090
vt 0.133711 0.661865
vt 0.147898 0.662714
vt 0.134092 0.644892
vt 0.148093 0.645829
vt 0.250428 0.891097
vt 0.239675 0.891993
vt 0.239560 0.880257
vt 0.250491 0.879691
vt 0.239718 0.897494
vt 0.239666 0.898706
vt 0.250318 0.896823
vt 0.250264 0.899710
vt 0.239677 0.902226
vt 0.162366 0.663433
vt 0.176356 0.664210
vt 0.162672 0.646534
vt 0.176593 0.647319
vt 0.189719 0.664945
vt 0.202622 0.665629
vt 0.189912 0.647979
vt 0.202726 0.648642
vt 0.214947 0.666409
vt 0.215008 0.649347
vt 0.078764 0.625684
vt 0.092579 0.626034
vt 0.079954 0.608863
vt 0.093672 0.609169
vt 0.106682 0.626480
vt 0.120759 0.627147
vt 0.107473 0.609615
vt 0.120973 0.610537
vt 0.134518 0.628109
vt 0.148714 0.628793
vt 0.135370 0.610921
vt 0.149360 0.611782
vt 0.216545 0.870990
vt 0.228209 0.868229
vt 0.216567 0.854355
vt 0.228128 0.852622
vt 0.204243 0.875820
vt 0.204489 0.857148
vt 0.162930 0.629701
vt 0.176910 0.630299
vt 0.163239 0.612692
vt 0.177220 0.613078
vt 0.190129 0.630858
vt 0.202837 0.631464
vt 0.190330 0.613574
vt 0.202991 0.614094
vt 0.215109 0.632070
vt 0.215261 0.614599
vt 0.081309 0.591983
vt 0.094559 0.592400
vt 0.082010 0.575577
vt 0.095189 0.575920
vt 0.107701 0.593022
vt 0.121633 0.593533
vt 0.109010 0.575747
vt 0.122617 0.576314
vt 0.135999 0.594019
vt 0.149875 0.594838
vt 0.136401 0.577150
vt 0.150552 0.577465
vt 0.239484 0.866717
vt 0.250557 0.866156
vt 0.239428 0.851165
vt 0.250605 0.850538
vt 0.163766 0.595338
vt 0.177490 0.595700
vt 0.164260 0.577806
vt 0.177786 0.578161
vt 0.190573 0.596126
vt 0.203230 0.596552
vt 0.190881 0.578508
vt 0.203537 0.578852
vt 0.215479 0.596963
vt 0.215751 0.579195
vt 0.082847 0.559108
vt 0.096393 0.558725
vt 0.084109 0.541908
vt 0.097253 0.541825
vt 0.109756 0.558724
vt 0.123256 0.559256
vt 0.110684 0.541736
vt 0.124285 0.541809
vt 0.137211 0.559642
vt 0.151159 0.559866
vt 0.138006 0.541980
vt 0.151803 0.542164
vt 0.059509 0.911725
vt 0.052692 0.930623
vt 0.038921 0.925449
vt 0.046343 0.906410
vt 0.074797 0.916948
vt 0.068606 0.935937
vt 0.066482 0.891954
vt 0.080971 0.896577
vt 0.054089 0.887157
vt 0.164787 0.560167
vt 0.178271 0.560451
vt 0.165471 0.542374
vt 0.178884 0.542605
vt 0.191302 0.560733
vt 0.203890 0.561029
vt 0.191802 0.542856
vt 0.204293 0.543127
vt 0.216059 0.561331
vt 0.216397 0.543406
vt 0.085074 0.524740
vt 0.098196 0.524548
vt 0.086253 0.506843
vt 0.099295 0.506715
vt 0.111580 0.524395
vt 0.125119 0.524220
vt 0.112578 0.506651
vt 0.126003 0.506408
vt 0.138846 0.524190
vt 0.152671 0.524298
vt 0.139755 0.506157
vt 0.153606 0.506315
vt 0.073299 0.971904
vt 0.089763 0.976423
vt 0.089643 0.976809
vt 0.073176 0.972293
vt 0.094818 0.962198
vt 0.078650 0.957513
vt 0.084425 0.940904
vt 0.100253 0.945554
vt 0.062491 0.952623
vt 0.057780 0.965447
vt 0.074113 0.970140
vt 0.056835 0.967386
vt 0.166240 0.524459
vt 0.179498 0.524659
vt 0.167009 0.506488
vt 0.180054 0.506718
vt 0.192310 0.524901
vt 0.204727 0.525176
vt 0.192724 0.507036
vt 0.205034 0.507376
vt 0.216747 0.525462
vt 0.216946 0.507700
vt 0.086991 0.489333
vt 0.100326 0.488961
vt 0.087770 0.471586
vt 0.101102 0.471096
vt 0.113358 0.488510
vt 0.126542 0.488338
vt 0.114329 0.470649
vt 0.127831 0.470291
vt 0.140646 0.488318
vt 0.154434 0.488410
vt 0.141311 0.471335
vt 0.155143 0.470603
vt 0.090274 0.921574
vt 0.105783 0.925968
vt 0.095838 0.900687
vt 0.167785 0.488491
vt 0.180564 0.488888
vt 0.167918 0.470965
vt 0.180464 0.471602
vt 0.192993 0.489412
vt 0.205104 0.489858
vt 0.192833 0.472061
vt 0.205108 0.472062
vt 0.216969 0.490111
vt 0.217156 0.471989
vt 0.088333 0.454005
vt 0.101430 0.453513
vt 0.089293 0.436204
vt 0.102479 0.435465
vt 0.115232 0.452462
vt 0.128961 0.452497
vt 0.115585 0.435034
vt 0.128928 0.435139
vt 0.142245 0.453300
vt 0.154630 0.453761
vt 0.142103 0.435454
vt 0.155101 0.435656
vt 0.106051 0.980895
vt 0.122339 0.985367
vt 0.122242 0.985750
vt 0.105942 0.981280
vt 0.126199 0.970993
vt 0.110799 0.966701
vt 0.115984 0.949996
vt 0.131109 0.954049
vt 0.106738 0.979070
vt 0.090489 0.974658
vt 0.167437 0.453949
vt 0.180538 0.453967
vt 0.167874 0.435925
vt 0.180469 0.436282
vt 0.193256 0.454061
vt 0.205213 0.454296
vt 0.192994 0.436577
vt 0.205416 0.436634
vt 0.216769 0.454466
vt 0.217323 0.436511
vt 0.090517 0.419079
vt 0.103604 0.418496
vt 0.091628 0.402386
vt 0.104428 0.400963
vt 0.116454 0.418041
vt 0.129426 0.417781
vt 0.116797 0.400622
vt 0.129853 0.400649
vt 0.142446 0.417979
vt 0.155404 0.418206
vt 0.142723 0.401143
vt 0.155451 0.401528
vt 0.121207 0.930051
vt 0.136599 0.934053
vt 0.168328 0.418402
vt 0.181068 0.418640
vt 0.168400 0.401395
vt 0.181362 0.401312
vt 0.193624 0.418861
vt 0.205800 0.419134
vt 0.193866 0.401347
vt 0.205897 0.401491
vt 0.217295 0.419448
vt 0.217448 0.401677
vt 0.091473 0.386261
vt 0.103349 0.386356
vt 0.090183 0.369522
vt 0.102275 0.369423
vt 0.115752 0.385680
vt 0.129671 0.385261
vt 0.114520 0.369471
vt 0.128138 0.369460
vt 0.143533 0.384978
vt 0.156067 0.384856
vt 0.142049 0.368797
vt 0.155647 0.367825
vt 0.073089 0.872573
vt 0.086880 0.876316
vt 0.078385 0.853049
vt 0.091682 0.855932
vt 0.061154 0.868743
vt 0.066746 0.850274
vt 0.168312 0.384682
vt 0.180846 0.384725
vt 0.168794 0.367330
vt 0.181509 0.367089
vt 0.193404 0.384549
vt 0.205663 0.384301
vt 0.193464 0.367184
vt 0.205166 0.367623
vt 0.217336 0.384140
vt 0.216806 0.367692
vt 0.089526 0.352306
vt 0.101823 0.352380
vt 0.114585 0.352548
vt 0.128190 0.352579
vt 0.141976 0.352360
vt 0.155265 0.352015
vt 0.101131 0.879684
vt 0.105569 0.858719
vt 0.168336 0.351952
vt 0.181114 0.351976
vt 0.193432 0.351871
vt 0.205416 0.351723
vt 0.217066 0.351501
vt 0.019689 0.957209
vt 0.025928 0.959175
vt 0.025792 0.959567
vt 0.019552 0.957610
vt 0.025380 0.939488
vt 0.032322 0.921172
vt 0.032686 0.942217
vt 0.028177 0.918686
vt 0.021663 0.937465
vt 0.018052 0.936392
vt 0.023510 0.917522
vt 0.013217 0.951972
vt 0.016471 0.953463
vt 0.039595 0.901573
vt 0.047407 0.882547
vt 0.035633 0.898891
vt 0.043362 0.879804
vt 0.035377 0.898483
vt 0.031186 0.897016
vt 0.053388 0.864851
vt 0.058748 0.847371
vt 0.057219 0.846843
vt 0.050503 0.863394
vt 0.050012 0.863084
vt 0.055282 0.846115
vt 0.043015 0.879418
vt 0.039063 0.877984
vt 0.045154 0.860716
vt 0.062396 0.829806
vt 0.071193 0.831983
vt 0.074161 0.813341
vt 0.064097 0.812163
vt 0.061122 0.829645
vt 0.055232 0.828905
vt 0.057194 0.811471
vt 0.050258 0.844716
vt 0.053309 0.828467
vt 0.066063 0.792778
vt 0.072055 0.796109
vt 0.062843 0.778089
vt 0.072536 0.778615
vt 0.054615 0.779599
vt 0.057374 0.793220
vt 0.054987 0.811216
vt 0.052822 0.765975
vt 0.058422 0.766816
vt 0.041864 0.757436
vt 0.050090 0.746192
vt 0.039534 0.764452
vt 0.041302 0.760563
vt 0.049839 0.768418
vt 0.047344 0.771665
vt 0.051047 0.780415
vt 0.046266 0.773087
vt 0.031355 0.750005
vt 0.035653 0.737844
vt 0.021396 0.744028
vt 0.024769 0.732241
vt 0.020468 0.748012
vt 0.030700 0.754348
vt 0.029484 0.762117
vt 0.030036 0.758289
vt 0.038504 0.767406
vt 0.012630 0.739176
vt 0.015452 0.727436
vt 0.007431 0.725221
vt 0.005549 0.736272
vt 0.004217 0.735688
vt 0.005838 0.724835
vt 0.005030 0.740879
vt 0.006242 0.736725
vt 0.011329 0.744112
vt 0.010389 0.747531
vt 0.011374 0.744920
vt 0.020436 0.751002
vt 0.019654 0.756280
vt 0.040675 0.962951
vt 0.056708 0.967776
vt 0.040544 0.963342
vt 0.046486 0.946934
vt 0.017843 0.714982
vt 0.028292 0.718320
vt 0.007464 0.712984
vt 0.040346 0.722227
vt 0.054171 0.725685
vt 0.226920 0.731215
vt 0.238855 0.730956
vt 0.238842 0.745937
vt 0.226937 0.746807
vt 0.250740 0.730837
vt 0.250697 0.745483
vt 0.202544 0.731528
vt 0.214855 0.731414
vt 0.214885 0.747482
vt 0.202619 0.747937
vt 0.189802 0.731520
vt 0.190026 0.748155
vt 0.177045 0.748170
vt 0.176662 0.731360
vt 0.163041 0.731014
vt 0.163569 0.747922
vt 0.149657 0.747520
vt 0.148920 0.730510
vt 0.136372 0.989216
vt 0.150404 0.993065
vt 0.150296 0.993446
vt 0.136269 0.989598
vt 0.152894 0.978080
vt 0.140572 0.974842
vt 0.145706 0.957825
vt 0.158075 0.961344
vt 0.136991 0.987297
vt 0.122594 0.983498
vt 0.134309 0.729786
vt 0.135298 0.746951
vt 0.120335 0.746388
vt 0.119150 0.728940
vt 0.103330 0.728091
vt 0.104509 0.745985
vt 0.087632 0.745683
vt 0.086888 0.727352
vt 0.070098 0.726932
vt 0.069706 0.745495
vt 0.227112 0.763304
vt 0.238915 0.762191
vt 0.239030 0.779548
vt 0.227338 0.780609
vt 0.250685 0.761614
vt 0.250689 0.779018
vt 0.203031 0.764798
vt 0.215187 0.764172
vt 0.215550 0.781495
vt 0.203511 0.782215
vt 0.190549 0.765195
vt 0.191116 0.782831
vt 0.178387 0.783190
vt 0.177722 0.765345
vt 0.164452 0.765186
vt 0.165280 0.783136
vt 0.151848 0.782816
vt 0.150814 0.764845
vt 0.152088 0.938171
vt 0.165156 0.942575
vt 0.157992 0.915898
vt 0.175329 0.918789
vt 0.136768 0.764380
vt 0.138079 0.782354
vt 0.124088 0.781802
vt 0.122278 0.763949
vt 0.107217 0.763704
vt 0.109962 0.781395
vt 0.095767 0.781116
vt 0.091461 0.763593
vt 0.075088 0.763415
vt 0.081527 0.780665
vt 0.227582 0.798721
vt 0.239159 0.797952
vt 0.239276 0.816553
vt 0.227809 0.817181
vt 0.250684 0.797617
vt 0.250668 0.816325
vt 0.203935 0.800366
vt 0.215893 0.799516
vt 0.216189 0.817987
vt 0.204257 0.819108
vt 0.178831 0.802011
vt 0.191567 0.801324
vt 0.191845 0.820682
vt 0.178981 0.821960
vt 0.165708 0.802077
vt 0.165643 0.822205
vt 0.152018 0.821733
vt 0.152311 0.801721
vt 0.176675 0.890350
vt 0.190929 0.883581
vt 0.191568 0.902715
vt 0.191634 0.861806
vt 0.178034 0.865795
vt 0.138693 0.801096
vt 0.138288 0.820865
vt 0.124596 0.819688
vt 0.124904 0.800228
vt 0.111364 0.799394
vt 0.111183 0.818263
vt 0.098180 0.816437
vt 0.097954 0.798480
vt 0.227987 0.835354
vt 0.239362 0.834366
vt 0.250641 0.833947
vt 0.204436 0.838174
vt 0.216415 0.836488
vt 0.178740 0.843043
vt 0.191872 0.840804
vt 0.150925 0.842911
vt 0.165005 0.843563
vt 0.163698 0.866489
vt 0.193848 0.916053
vt 0.182256 0.930357
vt 0.195500 0.921346
vt 0.184620 0.934121
vt 0.195940 0.922668
vt 0.197062 0.926092
vt 0.136756 0.841637
vt 0.122638 0.839960
vt 0.095532 0.836081
vt 0.108857 0.838104
vt 0.082688 0.833992
vt 0.085658 0.814631
vt 0.084872 0.797456
vt 0.162534 0.994088
vt 0.165467 0.981784
vt 0.166260 0.982113
vt 0.163127 0.994288
vt 0.170407 0.967081
vt 0.172330 0.968318
vt 0.168556 0.982871
vt 0.161712 0.980601
vt 0.166540 0.964628
vt 0.150101 0.990775
vt 0.158747 0.992987
vt 0.158133 0.995197
vt 0.177347 0.950894
vt 0.185036 0.934901
vt 0.186401 0.937144
vt 0.179344 0.952679
vt 0.173483 0.947376
vt 0.169825 0.966420
vt 0.176631 0.950096
vt 0.161570 0.891321
vt 0.262775 0.701265
vt 0.262703 0.716433
vt 0.274802 0.700463
vt 0.274687 0.716121
vt 0.262850 0.685328
vt 0.274924 0.684306
vt 0.260668 0.322947
vt 0.260316 0.332786
vt 0.271670 0.323423
vt 0.271389 0.332952
vt 0.260922 0.318850
vt 0.271777 0.319093
vt 0.260983 0.318071
vt 0.262923 0.668408
vt 0.275025 0.667478
vt 0.262977 0.650924
vt 0.275080 0.650216
vt 0.262990 0.633294
vt 0.275067 0.632755
vt 0.262995 0.615557
vt 0.275019 0.615147
vt 0.263023 0.597749
vt 0.274982 0.597435
vt 0.263063 0.579889
vt 0.274939 0.579653
vt 0.263108 0.562007
vt 0.274879 0.561840
vt 0.263129 0.544138
vt 0.274823 0.544037
vt 0.263223 0.526278
vt 0.274864 0.526212
vt 0.263305 0.508542
vt 0.274874 0.508574
vt 0.263416 0.490910
vt 0.274842 0.491063
vt 0.263199 0.472825
vt 0.274743 0.472823
vt 0.262860 0.454997
vt 0.273954 0.455426
vt 0.262495 0.437556
vt 0.273943 0.437675
vt 0.262351 0.420110
vt 0.273786 0.420130
vt 0.262148 0.402066
vt 0.273537 0.402118
vt 0.261861 0.384136
vt 0.273231 0.384309
vt 0.261527 0.366902
vt 0.272828 0.366989
vt 0.260877 0.349779
vt 0.272054 0.349773
vt 0.479004 0.687824
vt 0.481251 0.701357
vt 0.469647 0.703214
vt 0.467472 0.688555
vt 0.490003 0.700217
vt 0.487765 0.686963
vt 0.489725 0.686704
vt 0.491706 0.700606
vt 0.477350 0.672777
vt 0.484524 0.672354
vt 0.486356 0.687153
vt 0.465862 0.673267
vt 0.455819 0.330313
vt 0.456137 0.340607
vt 0.446023 0.338931
vt 0.445603 0.329283
vt 0.462417 0.330781
vt 0.462587 0.341808
vt 0.461984 0.324676
vt 0.455454 0.324658
vt 0.445254 0.324421
vt 0.475479 0.657256
vt 0.464113 0.657578
vt 0.485848 0.672278
vt 0.483787 0.656741
vt 0.485606 0.656625
vt 0.487704 0.672163
vt 0.481709 0.641203
vt 0.483506 0.641082
vt 0.473523 0.641614
vt 0.462380 0.641755
vt 0.472040 0.625493
vt 0.460890 0.625388
vt 0.480207 0.625336
vt 0.481595 0.625067
vt 0.479302 0.608806
vt 0.481594 0.624915
vt 0.470559 0.608784
vt 0.459317 0.608669
vt 0.468396 0.591596
vt 0.457309 0.591621
vt 0.477495 0.592760
vt 0.476234 0.575775
vt 0.479241 0.591045
vt 0.477190 0.591228
vt 0.474219 0.575908
vt 0.466099 0.575719
vt 0.455492 0.575631
vt 0.464447 0.560064
vt 0.454009 0.559764
vt 0.472924 0.575728
vt 0.471268 0.560158
vt 0.472599 0.560266
vt 0.471159 0.543938
vt 0.472852 0.544259
vt 0.474431 0.560388
vt 0.462961 0.543512
vt 0.452666 0.543136
vt 0.462438 0.527576
vt 0.450432 0.525419
vt 0.471801 0.527694
vt 0.472956 0.544300
vt 0.470606 0.527514
vt 0.468862 0.511102
vt 0.470486 0.511189
vt 0.461229 0.511012
vt 0.451486 0.510294
vt 0.462394 0.494852
vt 0.451990 0.493470
vt 0.469173 0.495633
vt 0.469741 0.495087
vt 0.474357 0.481582
vt 0.471023 0.496222
vt 0.472528 0.480956
vt 0.463899 0.478729
vt 0.452723 0.476799
vt 0.465528 0.460762
vt 0.453659 0.458443
vt 0.477707 0.463803
vt 0.474726 0.481584
vt 0.475418 0.463043
vt 0.479178 0.444786
vt 0.477929 0.463499
vt 0.476718 0.444271
vt 0.466415 0.442723
vt 0.454252 0.440930
vt 0.465785 0.423531
vt 0.453715 0.422786
vt 0.466468 0.428349
vt 0.466808 0.428364
vt 0.467242 0.444996
vt 0.466915 0.444966
vt 0.466062 0.411713
vt 0.463382 0.404844
vt 0.451821 0.404581
vt 0.460660 0.387038
vt 0.450029 0.386885
vt 0.470979 0.386312
vt 0.474864 0.404155
vt 0.472739 0.404363
vt 0.468883 0.386528
vt 0.458138 0.370724
vt 0.464236 0.370704
vt 0.467420 0.386668
vt 0.448216 0.370217
vt 0.456557 0.355848
vt 0.446821 0.354244
vt 0.465112 0.358001
vt 0.466995 0.370614
vt 0.465508 0.370638
vt 0.463615 0.358010
vt 0.463921 0.342361
vt 0.465429 0.343333
vt 0.465358 0.359910
vt 0.454883 0.689638
vt 0.453511 0.674008
vt 0.441620 0.690900
vt 0.440540 0.674872
vt 0.457017 0.705300
vt 0.443338 0.707362
vt 0.434914 0.328431
vt 0.434505 0.323993
vt 0.423838 0.327777
vt 0.423557 0.323415
vt 0.435501 0.337737
vt 0.424346 0.337091
vt 0.451951 0.658056
vt 0.450510 0.642123
vt 0.439184 0.658604
vt 0.437972 0.642558
vt 0.449138 0.625578
vt 0.447698 0.608865
vt 0.436731 0.625913
vt 0.435495 0.609234
vt 0.445831 0.591929
vt 0.444578 0.576245
vt 0.433759 0.592484
vt 0.433103 0.577346
vt 0.442437 0.559542
vt 0.442532 0.543429
vt 0.430263 0.560100
vt 0.430091 0.543058
vt 0.440845 0.525768
vt 0.440756 0.509786
vt 0.429968 0.526346
vt 0.429117 0.509651
vt 0.440783 0.492709
vt 0.441177 0.475666
vt 0.428638 0.492325
vt 0.429102 0.475019
vt 0.442150 0.457121
vt 0.442167 0.440191
vt 0.430202 0.456579
vt 0.429772 0.439898
vt 0.441601 0.422366
vt 0.440125 0.404397
vt 0.429001 0.422265
vt 0.427864 0.404364
vt 0.438851 0.386762
vt 0.437663 0.369925
vt 0.426868 0.386714
vt 0.426232 0.369864
vt 0.436494 0.353312
vt 0.425299 0.352967
vt 0.427901 0.691941
vt 0.427141 0.675724
vt 0.413501 0.692825
vt 0.413078 0.676508
vt 0.428876 0.708606
vt 0.413952 0.709711
vt 0.398796 0.693895
vt 0.398342 0.677344
vt 0.383709 0.695235
vt 0.383477 0.678290
vt 0.398759 0.710966
vt 0.383358 0.712228
vt 0.368720 0.696184
vt 0.369110 0.679327
vt 0.354438 0.697094
vt 0.354760 0.680133
vt 0.368326 0.713333
vt 0.353639 0.714037
vt 0.370708 0.885597
vt 0.367270 0.864057
vt 0.381918 0.862165
vt 0.385778 0.883048
vt 0.355338 0.888098
vt 0.352489 0.865634
vt 0.374987 0.909114
vt 0.359297 0.912568
vt 0.390345 0.905826
vt 0.340012 0.697766
vt 0.340156 0.680769
vt 0.325950 0.698347
vt 0.326088 0.681477
vt 0.339468 0.714726
vt 0.325601 0.715214
vt 0.312455 0.698876
vt 0.312641 0.682116
vt 0.299457 0.699350
vt 0.299693 0.682760
vt 0.312154 0.715537
vt 0.299206 0.715754
vt 0.286989 0.699852
vt 0.287179 0.683474
vt 0.286804 0.715922
vt 0.412071 0.327591
vt 0.411732 0.323053
vt 0.399678 0.322730
vt 0.399314 0.321882
vt 0.411335 0.322391
vt 0.399878 0.327571
vt 0.412491 0.337107
vt 0.400078 0.337372
vt 0.387120 0.327349
vt 0.387051 0.322253
vt 0.374044 0.326908
vt 0.374223 0.321657
vt 0.387103 0.337418
vt 0.373778 0.337150
vt 0.360483 0.326241
vt 0.360597 0.321076
vt 0.346803 0.325547
vt 0.346904 0.320557
vt 0.360242 0.336411
vt 0.346663 0.335615
vt 0.282605 0.905808
vt 0.282882 0.904513
vt 0.293949 0.910540
vt 0.293594 0.911375
vt 0.283390 0.898738
vt 0.284168 0.886149
vt 0.296290 0.892571
vt 0.294880 0.905136
vt 0.272112 0.894427
vt 0.272612 0.882306
vt 0.282218 0.909465
vt 0.271451 0.904496
vt 0.271678 0.901113
vt 0.333462 0.325042
vt 0.333640 0.320265
vt 0.320503 0.319824
vt 0.320503 0.318981
vt 0.333668 0.319398
vt 0.333267 0.334975
vt 0.320087 0.334456
vt 0.320246 0.324619
vt 0.307568 0.324160
vt 0.307883 0.319329
vt 0.295245 0.323961
vt 0.295426 0.319287
vt 0.307330 0.333968
vt 0.295009 0.333648
vt 0.283519 0.319148
vt 0.283498 0.318315
vt 0.295299 0.318487
vt 0.271701 0.318259
vt 0.283290 0.323697
vt 0.283037 0.333311
vt 0.425957 0.659194
vt 0.424734 0.642904
vt 0.412180 0.659905
vt 0.411000 0.643403
vt 0.397809 0.660747
vt 0.396940 0.644050
vt 0.383232 0.661608
vt 0.382817 0.644837
vt 0.368970 0.662466
vt 0.368442 0.645401
vt 0.354533 0.663111
vt 0.354149 0.646115
vt 0.260860 0.902119
vt 0.260974 0.898637
vt 0.261178 0.892001
vt 0.261433 0.880320
vt 0.250378 0.895971
vt 0.261041 0.897454
vt 0.340152 0.663870
vt 0.340005 0.646935
vt 0.326124 0.664575
vt 0.326042 0.647572
vt 0.312721 0.665224
vt 0.312744 0.648215
vt 0.299820 0.665926
vt 0.299872 0.648886
vt 0.287291 0.666669
vt 0.287335 0.649547
vt 0.423596 0.626272
vt 0.422543 0.609642
vt 0.409961 0.626679
vt 0.409131 0.609939
vt 0.396132 0.627179
vt 0.395757 0.610334
vt 0.382187 0.627726
vt 0.382232 0.610913
vt 0.367889 0.628251
vt 0.367381 0.611221
vt 0.353687 0.629051
vt 0.353130 0.612048
vt 0.284553 0.871347
vt 0.284653 0.854789
vt 0.296741 0.857707
vt 0.296853 0.876283
vt 0.272907 0.868489
vt 0.273088 0.852929
vt 0.339688 0.629876
vt 0.339245 0.612702
vt 0.325846 0.630452
vt 0.325678 0.613264
vt 0.312686 0.631074
vt 0.312595 0.613815
vt 0.299861 0.631661
vt 0.299787 0.614285
vt 0.287318 0.632216
vt 0.287244 0.614724
vt 0.421180 0.593336
vt 0.420663 0.577995
vt 0.408583 0.594040
vt 0.407504 0.577628
vt 0.395575 0.594444
vt 0.394051 0.577004
vt 0.381130 0.593869
vt 0.380475 0.576806
vt 0.366787 0.594420
vt 0.366231 0.577384
vt 0.352454 0.594935
vt 0.352143 0.577872
vt 0.261636 0.866866
vt 0.261786 0.851324
vt 0.338861 0.595522
vt 0.338585 0.578348
vt 0.325532 0.596040
vt 0.325240 0.578689
vt 0.312452 0.596443
vt 0.312158 0.578951
vt 0.299647 0.596783
vt 0.299417 0.579185
vt 0.287148 0.597116
vt 0.287022 0.579421
vt 0.418227 0.560184
vt 0.416343 0.541680
vt 0.405916 0.560572
vt 0.403736 0.541795
vt 0.392839 0.560209
vt 0.391040 0.542109
vt 0.379270 0.559968
vt 0.378070 0.542335
vt 0.365683 0.560174
vt 0.364839 0.542723
vt 0.351996 0.560417
vt 0.351424 0.542949
vt 0.441578 0.914056
vt 0.426378 0.918751
vt 0.420507 0.898678
vt 0.435107 0.894523
vt 0.447962 0.932348
vt 0.432253 0.937212
vt 0.454625 0.909417
vt 0.461434 0.927765
vt 0.447623 0.890224
vt 0.338398 0.560665
vt 0.338040 0.543056
vt 0.325017 0.560980
vt 0.324812 0.543324
vt 0.311881 0.561282
vt 0.311803 0.543610
vt 0.299167 0.561515
vt 0.299152 0.543809
vt 0.286869 0.561678
vt 0.286830 0.543904
vt 0.417113 0.526637
vt 0.416406 0.509789
vt 0.403587 0.526485
vt 0.403165 0.509779
vt 0.390202 0.526216
vt 0.389997 0.509393
vt 0.376915 0.525971
vt 0.376831 0.509232
vt 0.363712 0.525839
vt 0.363525 0.509023
vt 0.350678 0.525782
vt 0.350344 0.508985
vt 0.422080 0.958052
vt 0.416510 0.941855
vt 0.438139 0.953319
vt 0.406039 0.962631
vt 0.400787 0.946278
vt 0.409927 0.974289
vt 0.426258 0.969742
vt 0.442549 0.965114
vt 0.443653 0.967263
vt 0.427190 0.971782
vt 0.337706 0.525795
vt 0.337310 0.509077
vt 0.324866 0.525863
vt 0.324331 0.508742
vt 0.312218 0.525961
vt 0.311320 0.508243
vt 0.299233 0.526006
vt 0.298732 0.508360
vt 0.286827 0.526095
vt 0.286631 0.508527
vt 0.415639 0.492601
vt 0.415680 0.474890
vt 0.402852 0.492944
vt 0.401961 0.474810
vt 0.390115 0.492654
vt 0.389201 0.474864
vt 0.376210 0.491669
vt 0.376252 0.474568
vt 0.362730 0.491489
vt 0.362978 0.474291
vt 0.349550 0.491132
vt 0.349413 0.473372
vt 0.410908 0.922958
vt 0.405551 0.902385
vt 0.395394 0.927038
vt 0.336559 0.490997
vt 0.336013 0.472772
vt 0.323807 0.491001
vt 0.322947 0.472592
vt 0.311176 0.490987
vt 0.310346 0.472696
vt 0.298651 0.491094
vt 0.298165 0.472860
vt 0.286529 0.491080
vt 0.286380 0.472834
vt 0.416825 0.457074
vt 0.416511 0.439800
vt 0.402602 0.457438
vt 0.402646 0.439897
vt 0.388867 0.456701
vt 0.389102 0.439655
vt 0.375829 0.456244
vt 0.375710 0.439098
vt 0.362849 0.455952
vt 0.362311 0.438785
vt 0.349690 0.455701
vt 0.349006 0.438566
vt 0.390031 0.966945
vt 0.385065 0.950460
vt 0.374611 0.971055
vt 0.369910 0.954349
vt 0.377811 0.982924
vt 0.393691 0.978638
vt 0.394443 0.980773
vt 0.410728 0.976301
vt 0.410885 0.976809
vt 0.394586 0.981280
vt 0.336426 0.455723
vt 0.335874 0.438302
vt 0.323251 0.455740
vt 0.322821 0.438109
vt 0.310395 0.455749
vt 0.310058 0.438023
vt 0.297886 0.455731
vt 0.297647 0.437946
vt 0.285714 0.455653
vt 0.285631 0.437830
vt 0.415659 0.422229
vt 0.414906 0.404435
vt 0.402108 0.421983
vt 0.401448 0.404307
vt 0.388624 0.421650
vt 0.387714 0.404200
vt 0.375101 0.421470
vt 0.374218 0.404255
vt 0.361602 0.421384
vt 0.361063 0.403887
vt 0.348312 0.421198
vt 0.347940 0.403443
vt 0.379964 0.930822
vt 0.364525 0.934589
vt 0.335188 0.420922
vt 0.334848 0.403078
vt 0.322276 0.420641
vt 0.321903 0.402756
vt 0.309685 0.420424
vt 0.309291 0.402516
vt 0.297370 0.420265
vt 0.297023 0.402333
vt 0.285427 0.420190
vt 0.285135 0.402201
vt 0.414248 0.386981
vt 0.413813 0.370129
vt 0.401287 0.387299
vt 0.400843 0.370517
vt 0.387706 0.387392
vt 0.387527 0.370757
vt 0.374199 0.387044
vt 0.373996 0.370546
vt 0.361023 0.386521
vt 0.360634 0.369907
vt 0.347646 0.386043
vt 0.347190 0.369071
vt 0.428936 0.875029
vt 0.423809 0.855269
vt 0.435738 0.852621
vt 0.441159 0.871536
vt 0.414932 0.878440
vt 0.410306 0.857936
vt 0.334396 0.385641
vt 0.333948 0.368334
vt 0.321428 0.385252
vt 0.320970 0.367866
vt 0.308845 0.384927
vt 0.308365 0.367578
vt 0.296632 0.384673
vt 0.296171 0.367342
vt 0.284791 0.384466
vt 0.284347 0.367148
vt 0.413240 0.353207
vt 0.400543 0.353626
vt 0.387312 0.353811
vt 0.373679 0.353706
vt 0.360080 0.353211
vt 0.346754 0.352460
vt 0.400530 0.880382
vt 0.396270 0.860042
vt 0.333455 0.351678
vt 0.320355 0.351066
vt 0.307688 0.350650
vt 0.295430 0.350272
vt 0.283557 0.349958
vt 0.476956 0.939631
vt 0.473939 0.940950
vt 0.468072 0.924091
vt 0.469992 0.922841
vt 0.467898 0.944291
vt 0.479168 0.954679
vt 0.473456 0.956408
vt 0.482218 0.953662
vt 0.469864 0.902265
vt 0.465758 0.903608
vt 0.459381 0.883907
vt 0.463244 0.882326
vt 0.462116 0.905297
vt 0.455407 0.886109
vt 0.464380 0.903610
vt 0.458040 0.864561
vt 0.453809 0.865923
vt 0.448997 0.848118
vt 0.453060 0.847044
vt 0.449174 0.867872
vt 0.445053 0.849673
vt 0.458047 0.884121
vt 0.451739 0.866072
vt 0.444927 0.832324
vt 0.439438 0.815715
vt 0.446839 0.815315
vt 0.450062 0.831312
vt 0.428786 0.809350
vt 0.438112 0.832017
vt 0.431399 0.833822
vt 0.423680 0.810376
vt 0.447093 0.848277
vt 0.442513 0.832091
vt 0.428133 0.789180
vt 0.426665 0.795927
vt 0.429958 0.779209
vt 0.429680 0.774276
vt 0.431409 0.788557
vt 0.434273 0.814625
vt 0.433870 0.793625
vt 0.431470 0.774918
vt 0.436706 0.780505
vt 0.459635 0.756453
vt 0.441221 0.763260
vt 0.439308 0.764524
vt 0.451486 0.745843
vt 0.442289 0.765968
vt 0.442557 0.766890
vt 0.457663 0.756014
vt 0.459542 0.759412
vt 0.445037 0.772202
vt 0.471926 0.753712
vt 0.480946 0.747814
vt 0.476821 0.743104
vt 0.467792 0.748969
vt 0.479899 0.742620
vt 0.470508 0.748369
vt 0.465913 0.737119
vt 0.476596 0.731415
vt 0.457312 0.755635
vt 0.496390 0.741168
vt 0.495355 0.741921
vt 0.495108 0.741465
vt 0.496146 0.740711
vt 0.496478 0.735101
vt 0.495063 0.735264
vt 0.493973 0.724311
vt 0.495128 0.724475
vt 0.488210 0.737795
vt 0.486241 0.726262
vt 0.484719 0.738332
vt 0.454159 0.948620
vt 0.458781 0.960656
vt 0.495228 0.711191
vt 0.493072 0.711789
vt 0.492176 0.699700
vt 0.483980 0.713946
vt 0.472969 0.717886
vt 0.492748 0.724365
vt 0.491423 0.712172
vt 0.460999 0.721965
vt 0.447282 0.725459
vt 0.262637 0.731082
vt 0.262557 0.746080
vt 0.274599 0.731466
vt 0.274478 0.747087
vt 0.286704 0.731789
vt 0.286549 0.747879
vt 0.299052 0.732011
vt 0.298857 0.748469
vt 0.311849 0.732095
vt 0.311513 0.748800
vt 0.325067 0.731989
vt 0.324560 0.748866
vt 0.338736 0.731636
vt 0.338089 0.748615
vt 0.352882 0.731126
vt 0.352025 0.748183
vt 0.360190 0.974806
vt 0.355262 0.958012
vt 0.347815 0.978041
vt 0.342821 0.961483
vt 0.350296 0.990292
vt 0.363396 0.986833
vt 0.364124 0.989096
vt 0.378159 0.985246
vt 0.367556 0.730395
vt 0.366405 0.747572
vt 0.382703 0.729422
vt 0.381370 0.746912
vt 0.398298 0.728337
vt 0.397124 0.746347
vt 0.414628 0.727449
vt 0.413883 0.745782
vt 0.431364 0.726820
vt 0.431774 0.745426
vt 0.262462 0.762349
vt 0.262356 0.779711
vt 0.274282 0.763612
vt 0.274064 0.780929
vt 0.286228 0.764613
vt 0.285876 0.781958
vt 0.298415 0.765363
vt 0.297946 0.782805
vt 0.310945 0.765873
vt 0.310375 0.783532
vt 0.323826 0.766089
vt 0.323144 0.783973
vt 0.337154 0.765937
vt 0.336311 0.783949
vt 0.350833 0.765570
vt 0.349808 0.783625
vt 0.348962 0.938559
vt 0.343105 0.916480
vt 0.335805 0.942844
vt 0.325663 0.919230
vt 0.364898 0.765057
vt 0.363647 0.783129
vt 0.379403 0.764514
vt 0.377743 0.782496
vt 0.394410 0.764023
vt 0.391928 0.781691
vt 0.409964 0.763598
vt 0.405939 0.780650
vt 0.426070 0.763352
vt 0.419559 0.779686
vt 0.262217 0.798117
vt 0.262067 0.816719
vt 0.273808 0.799048
vt 0.273546 0.817508
vt 0.285523 0.799990
vt 0.285188 0.818465
vt 0.297509 0.800977
vt 0.297149 0.819723
vt 0.309909 0.802051
vt 0.309592 0.821418
vt 0.322691 0.804282
vt 0.323745 0.824842
vt 0.335886 0.804401
vt 0.337165 0.825158
vt 0.349383 0.804091
vt 0.350894 0.824787
vt 0.309615 0.862494
vt 0.310155 0.884220
vt 0.309427 0.903069
vt 0.324415 0.889752
vt 0.323249 0.865960
vt 0.363125 0.802053
vt 0.363512 0.822829
vt 0.377090 0.801222
vt 0.377334 0.821843
vt 0.391042 0.800163
vt 0.390863 0.820729
vt 0.404529 0.798863
vt 0.404006 0.818520
vt 0.261926 0.834528
vt 0.273310 0.835672
vt 0.284903 0.836951
vt 0.296900 0.838770
vt 0.309489 0.841526
vt 0.323908 0.845234
vt 0.337720 0.845836
vt 0.337667 0.866734
vt 0.351888 0.845331
vt 0.307098 0.916194
vt 0.305358 0.921271
vt 0.318663 0.930545
vt 0.316236 0.934144
vt 0.364915 0.843043
vt 0.379109 0.841621
vt 0.392968 0.839982
vt 0.406445 0.837809
vt 0.419517 0.835761
vt 0.416661 0.817176
vt 0.416885 0.797425
vt 0.338975 0.980583
vt 0.334255 0.964732
vt 0.330879 0.966486
vt 0.335181 0.981761
vt 0.334337 0.982094
vt 0.330203 0.967114
vt 0.335639 0.996938
vt 0.337934 0.996303
vt 0.338061 0.996783
vt 0.335762 0.997414
vt 0.342392 0.995072
vt 0.350090 0.992945
vt 0.350232 0.993446
vt 0.342525 0.995559
vt 0.327380 0.947524
vt 0.315731 0.934810
vt 0.324153 0.950144
vt 0.323344 0.950870
vt 0.321260 0.952574
vt 0.328188 0.968322
vt 0.339643 0.890638
vt 0.743612 0.129802
vt 0.744573 0.137578
vt 0.731921 0.137710
vt 0.730636 0.128967
vt 0.750356 0.131147
vt 0.751065 0.137984
vt 0.752428 0.122010
vt 0.753170 0.131948
vt 0.751652 0.131490
vt 0.750608 0.121605
vt 0.741812 0.120415
vt 0.729500 0.119044
vt 0.391124 0.129831
vt 0.390553 0.136038
vt 0.389154 0.135806
vt 0.389638 0.129843
vt 0.397589 0.137304
vt 0.398291 0.130131
vt 0.410861 0.130346
vt 0.410600 0.138920
vt 0.399440 0.121818
vt 0.411498 0.120676
vt 0.392247 0.121272
vt 0.395080 0.084139
vt 0.392895 0.084159
vt 0.392777 0.083414
vt 0.394998 0.083393
vt 0.403776 0.081729
vt 0.414311 0.081749
vt 0.414463 0.083277
vt 0.404058 0.083196
vt 0.414580 0.073080
vt 0.394405 0.073607
vt 0.396143 0.073585
vt 0.396369 0.081931
vt 0.394794 0.081956
vt 0.397027 0.156877
vt 0.395479 0.151627
vt 0.407524 0.155219
vt 0.406465 0.161026
vt 0.385894 0.153505
vt 0.386159 0.148849
vt 0.387678 0.149389
vt 0.387868 0.153918
vt 0.386698 0.157208
vt 0.384703 0.156594
vt 0.384983 0.155962
vt 0.386955 0.156522
vt 0.395600 0.160303
vt 0.404959 0.163303
vt 0.404041 0.164491
vt 0.394835 0.162261
vt 0.432746 0.175478
vt 0.434104 0.174454
vt 0.440858 0.179214
vt 0.439210 0.179970
vt 0.438047 0.170476
vt 0.440828 0.164097
vt 0.451969 0.169272
vt 0.445868 0.175782
vt 0.427367 0.168238
vt 0.431712 0.160795
vt 0.424028 0.171017
vt 0.425161 0.170063
vt 0.470579 0.194617
vt 0.458626 0.184219
vt 0.466509 0.179271
vt 0.479682 0.191248
vt 0.453921 0.186800
vt 0.441689 0.178525
vt 0.453703 0.186954
vt 0.466278 0.197099
vt 0.463774 0.198432
vt 0.451184 0.189036
vt 0.490495 0.212932
vt 0.480648 0.203659
vt 0.489626 0.200642
vt 0.498980 0.210128
vt 0.476184 0.206267
vt 0.473673 0.207778
vt 0.486087 0.215584
vt 0.483656 0.217100
vt 0.709499 0.167341
vt 0.703716 0.161183
vt 0.714697 0.157327
vt 0.718855 0.163546
vt 0.699274 0.172923
vt 0.691727 0.167621
vt 0.710735 0.170359
vt 0.711304 0.171814
vt 0.704554 0.176712
vt 0.702647 0.175391
vt 0.719309 0.166369
vt 0.719620 0.168073
vt 0.689301 0.184162
vt 0.686268 0.182665
vt 0.701670 0.174757
vt 0.678257 0.178797
vt 0.672189 0.191999
vt 0.664243 0.190477
vt 0.689828 0.185546
vt 0.692212 0.186736
vt 0.679816 0.196612
vt 0.677306 0.195142
vt 0.665988 0.203818
vt 0.662504 0.202611
vt 0.676184 0.193037
vt 0.653310 0.199589
vt 0.651876 0.212439
vt 0.643270 0.209422
vt 0.667147 0.204807
vt 0.669813 0.206018
vt 0.659789 0.215427
vt 0.657100 0.214199
vt 0.668673 0.173479
vt 0.654339 0.187126
vt 0.684277 0.161105
vt 0.658273 0.169001
vt 0.674948 0.151546
vt 0.644280 0.183990
vt 0.487921 0.188123
vt 0.472952 0.174098
vt 0.481242 0.169665
vt 0.496506 0.185266
vt 0.457287 0.162295
vt 0.462511 0.152414
vt 0.506425 0.182840
vt 0.494473 0.167112
vt 0.509920 0.166154
vt 0.517654 0.181261
vt 0.484295 0.151210
vt 0.503460 0.151044
vt 0.749165 0.108187
vt 0.747434 0.094569
vt 0.749555 0.094421
vt 0.751365 0.108310
vt 0.737348 0.094862
vt 0.739021 0.107810
vt 0.727828 0.107224
vt 0.726823 0.094909
vt 0.751758 0.108325
vt 0.751908 0.108335
vt 0.752893 0.122110
vt 0.752771 0.122080
vt 0.604263 0.192960
vt 0.592967 0.193127
vt 0.596038 0.179722
vt 0.608856 0.179369
vt 0.599721 0.205929
vt 0.589917 0.205907
vt 0.615148 0.193154
vt 0.609204 0.206112
vt 0.621324 0.179602
vt 0.437989 0.083298
vt 0.450041 0.083619
vt 0.449968 0.084009
vt 0.438051 0.083688
vt 0.450072 0.082581
vt 0.464160 0.082581
vt 0.463844 0.083619
vt 0.450527 0.072923
vt 0.450352 0.071918
vt 0.464763 0.071918
vt 0.464854 0.072923
vt 0.437885 0.082204
vt 0.438215 0.072923
vt 0.637764 0.082581
vt 0.657515 0.082581
vt 0.657544 0.083619
vt 0.637501 0.083619
vt 0.676261 0.082581
vt 0.676672 0.083619
vt 0.675569 0.072923
vt 0.657211 0.072923
vt 0.637786 0.072923
vt 0.637818 0.071918
vt 0.657261 0.071918
vt 0.690859 0.082581
vt 0.690958 0.083619
vt 0.691006 0.084009
vt 0.703236 0.084009
vt 0.703182 0.085031
vt 0.691062 0.085031
vt 0.690449 0.072923
vt 0.690569 0.071918
vt 0.703335 0.071918
vt 0.703150 0.072923
vt 0.675612 0.071918
vt 0.482012 0.083619
vt 0.482055 0.084009
vt 0.463487 0.084009
vt 0.501313 0.083619
vt 0.501636 0.084009
vt 0.500947 0.082581
vt 0.481930 0.082581
vt 0.482369 0.072923
vt 0.501144 0.072923
vt 0.482307 0.071918
vt 0.644516 0.166063
vt 0.633165 0.181306
vt 0.654258 0.150631
vt 0.629311 0.164740
vt 0.636144 0.150128
vt 0.625152 0.194329
vt 0.634705 0.195973
vt 0.626376 0.207513
vt 0.617964 0.206736
vt 0.614555 0.164833
vt 0.619249 0.150535
vt 0.599794 0.165355
vt 0.602933 0.151227
vt 0.507076 0.208862
vt 0.518169 0.222085
vt 0.510531 0.222736
vt 0.530616 0.235931
vt 0.523562 0.236777
vt 0.525047 0.221649
vt 0.536216 0.234582
vt 0.514989 0.208275
vt 0.697590 0.154034
vt 0.692673 0.144979
vt 0.705634 0.141158
vt 0.709631 0.150007
vt 0.447699 0.135395
vt 0.446527 0.145913
vt 0.434153 0.143601
vt 0.434773 0.133153
vt 0.462099 0.137182
vt 0.448745 0.122945
vt 0.463508 0.123690
vt 0.435583 0.121473
vt 0.552368 0.111477
vt 0.535019 0.111299
vt 0.535569 0.096678
vt 0.552632 0.096854
vt 0.552400 0.126015
vt 0.534994 0.125832
vt 0.569730 0.111544
vt 0.569812 0.126068
vt 0.569653 0.096904
vt 0.621261 0.137789
vt 0.604160 0.138479
vt 0.604331 0.125617
vt 0.621642 0.125005
vt 0.638923 0.137115
vt 0.639411 0.124175
vt 0.549959 0.229661
vt 0.546395 0.218833
vt 0.554491 0.218613
vt 0.557052 0.230089
vt 0.540935 0.206504
vt 0.550876 0.206396
vt 0.538635 0.219292
vt 0.531474 0.206734
vt 0.543340 0.227357
vt 0.496409 0.225963
vt 0.508317 0.240261
vt 0.504838 0.241010
vt 0.493539 0.226678
vt 0.514240 0.238831
vt 0.501578 0.224604
vt 0.497463 0.225681
vt 0.486832 0.214750
vt 0.611050 0.253000
vt 0.603137 0.249281
vt 0.616829 0.236978
vt 0.626073 0.239334
vt 0.595531 0.262541
vt 0.590667 0.257519
vt 0.598391 0.265258
vt 0.615630 0.254873
vt 0.631268 0.240250
vt 0.597442 0.246653
vt 0.609721 0.235886
vt 0.593073 0.243429
vt 0.604061 0.234568
vt 0.586855 0.253241
vt 0.583696 0.248330
vt 0.594214 0.218682
vt 0.601844 0.219236
vt 0.596903 0.227435
vt 0.590236 0.229811
vt 0.586259 0.218372
vt 0.583360 0.229999
vt 0.557460 0.240026
vt 0.564203 0.240975
vt 0.563598 0.249709
vt 0.555952 0.247599
vt 0.570172 0.241082
vt 0.570200 0.250311
vt 0.563766 0.230087
vt 0.570259 0.229951
vt 0.529115 0.252951
vt 0.544523 0.262760
vt 0.542523 0.265757
vt 0.525205 0.255054
vt 0.536950 0.249175
vt 0.549381 0.257424
vt 0.524132 0.255619
vt 0.521129 0.257238
vt 0.648625 0.227280
vt 0.645292 0.226423
vt 0.639366 0.225010
vt 0.630560 0.222555
vt 0.636455 0.241166
vt 0.632630 0.240506
vt 0.622815 0.221754
vt 0.615733 0.221318
vt 0.634792 0.208097
vt 0.522982 0.207438
vt 0.531710 0.220493
vt 0.541020 0.231783
vt 0.464519 0.109384
vt 0.481458 0.109649
vt 0.480953 0.124148
vt 0.499580 0.110197
vt 0.499495 0.124698
vt 0.481853 0.095016
vt 0.500503 0.095523
vt 0.464433 0.095222
vt 0.571056 0.268344
vt 0.558226 0.267062
vt 0.560115 0.261230
vt 0.570829 0.262920
vt 0.541949 0.266618
vt 0.557667 0.270947
vt 0.557351 0.273289
vt 0.540453 0.268976
vt 0.338637 0.996626
vt 0.338510 0.996144
vt 0.582560 0.266586
vt 0.580212 0.261218
vt 0.574225 0.270780
vt 0.584009 0.269401
vt 0.585459 0.272364
vt 0.584411 0.270202
vt 0.599195 0.266015
vt 0.601320 0.268155
vt 0.748978 0.071909
vt 0.749214 0.072908
vt 0.747215 0.072910
vt 0.747177 0.071910
vt 0.737651 0.071919
vt 0.737642 0.072921
vt 0.726734 0.072926
vt 0.726830 0.071920
vt 0.736840 0.084958
vt 0.726731 0.085010
vt 0.748686 0.084903
vt 0.746770 0.084908
vt 0.437185 0.108640
vt 0.450170 0.109114
vt 0.450513 0.095530
vt 0.438129 0.095409
vt 0.553375 0.072923
vt 0.536726 0.072923
vt 0.536855 0.071918
vt 0.553453 0.071918
vt 0.536260 0.082581
vt 0.553010 0.082581
vt 0.552995 0.083619
vt 0.536267 0.083619
vt 0.569526 0.082581
vt 0.569560 0.083619
vt 0.569646 0.072923
vt 0.570377 0.256852
vt 0.561993 0.255797
vt 0.552912 0.252677
vt 0.578211 0.256053
vt 0.576452 0.250149
vt 0.570503 0.165817
vt 0.585172 0.165628
vt 0.583322 0.179847
vt 0.570508 0.180001
vt 0.586656 0.151601
vt 0.570398 0.151778
vt 0.581777 0.193117
vt 0.580206 0.205769
vt 0.570538 0.193184
vt 0.570516 0.205753
vt 0.621441 0.110681
vt 0.604149 0.111190
vt 0.603530 0.096625
vt 0.620667 0.096195
vt 0.639285 0.109850
vt 0.638476 0.095341
vt 0.552905 0.138989
vt 0.535703 0.138833
vt 0.553939 0.151859
vt 0.537381 0.151796
vt 0.570086 0.139006
vt 0.578320 0.218123
vt 0.576740 0.229978
vt 0.570365 0.218086
vt 0.576004 0.241074
vt 0.582505 0.240246
vt 0.657954 0.108950
vt 0.658005 0.123283
vt 0.675508 0.108214
vt 0.675563 0.122214
vt 0.657756 0.094602
vt 0.676005 0.094551
vt 0.619610 0.072923
vt 0.602484 0.072923
vt 0.602366 0.071918
vt 0.619537 0.071918
vt 0.602570 0.082581
vt 0.619658 0.082581
vt 0.619628 0.083619
vt 0.602662 0.083619
vt 0.619554 0.084009
vt 0.637192 0.084009
vt 0.636870 0.085031
vt 0.619473 0.085031
vt 0.754568 0.156937
vt 0.753789 0.152219
vt 0.755148 0.152049
vt 0.755805 0.156719
vt 0.746775 0.152367
vt 0.747541 0.157637
vt 0.738001 0.158833
vt 0.736589 0.154277
vt 0.747261 0.161365
vt 0.747280 0.163325
vt 0.738860 0.164705
vt 0.738469 0.162702
vt 0.757175 0.159516
vt 0.756923 0.158937
vt 0.757020 0.158918
vt 0.757275 0.159495
vt 0.390833 0.108772
vt 0.392933 0.108954
vt 0.390702 0.121238
vt 0.388637 0.121267
vt 0.401433 0.109847
vt 0.412706 0.108550
vt 0.403825 0.095872
vt 0.414005 0.095674
vt 0.394127 0.095151
vt 0.391760 0.094823
vt 0.690179 0.107620
vt 0.690467 0.120900
vt 0.703325 0.107114
vt 0.703926 0.119615
vt 0.690298 0.094678
vt 0.702974 0.094611
vt 0.530291 0.180837
vt 0.525134 0.166089
vt 0.540245 0.166224
vt 0.543759 0.180748
vt 0.520868 0.151429
vt 0.517425 0.110889
vt 0.518260 0.096252
vt 0.517410 0.125397
vt 0.587114 0.138878
vt 0.587067 0.125970
vt 0.519312 0.072923
vt 0.501144 0.071918
vt 0.519427 0.071918
vt 0.519255 0.084009
vt 0.519348 0.085031
vt 0.501961 0.085031
vt 0.536228 0.084009
vt 0.536183 0.085031
vt 0.519016 0.082581
vt 0.498181 0.198685
vt 0.506648 0.197199
vt 0.586918 0.111496
vt 0.586574 0.096867
vt 0.518431 0.138393
vt 0.500362 0.137779
vt 0.585955 0.082581
vt 0.585940 0.072923
vt 0.586051 0.083619
vt 0.586100 0.084009
vt 0.569548 0.084009
vt 0.585860 0.071918
vt 0.745702 0.145151
vt 0.734146 0.146151
vt 0.755307 0.145430
vt 0.755405 0.145431
vt 0.755500 0.151998
vt 0.755407 0.152011
vt 0.753965 0.138256
vt 0.754057 0.138265
vt 0.388904 0.142856
vt 0.390177 0.143157
vt 0.388963 0.149800
vt 0.396522 0.144496
vt 0.409288 0.147394
vt 0.387273 0.142445
vt 0.387381 0.135502
vt 0.480749 0.137504
vt 0.675613 0.135855
vt 0.657714 0.136777
vt 0.704325 0.130957
vt 0.690871 0.133608
vt 0.443791 0.156043
vt 0.434057 0.151852
vt 0.555470 0.166045
vt 0.557253 0.180359
vt 0.535572 0.194067
vt 0.547297 0.193930
vt 0.524648 0.194461
vt 0.515271 0.195609
vt 0.644123 0.197553
vt 0.559033 0.193529
vt 0.560781 0.206020
vt 0.562489 0.218293
vt 0.590273 0.237907
vt 0.599177 0.231933
vt 0.542504 0.246418
vt 0.546804 0.242988
vt 0.549671 0.237567
vt 0.608899 0.220296
vt 0.717580 0.129361
vt 0.716987 0.118993
vt 0.718259 0.138519
vt 0.423740 0.120822
vt 0.423999 0.130732
vt 0.424243 0.140121
vt 0.425861 0.081821
vt 0.426223 0.072915
vt 0.426002 0.083133
vt 0.426093 0.083682
vt 0.417415 0.165295
vt 0.419693 0.158428
vt 0.416855 0.166263
vt 0.405556 0.162727
vt 0.416428 0.167040
vt 0.415873 0.167999
vt 0.725638 0.155614
vt 0.727428 0.160476
vt 0.728935 0.163150
vt 0.719233 0.165147
vt 0.738818 0.161499
vt 0.715275 0.094713
vt 0.715999 0.106986
vt 0.715298 0.071919
vt 0.715127 0.072924
vt 0.703322 0.082581
vt 0.715366 0.082582
vt 0.715323 0.083620
vt 0.703306 0.083619
vt 0.715146 0.085032
vt 0.726943 0.082569
vt 0.721675 0.147576
vt 0.424146 0.108754
vt 0.425615 0.095624
vt 0.422397 0.149827
vt 0.037026 0.031075
vt 0.025006 0.031075
vt 0.025006 0.018798
vt 0.037026 0.018798
vt 0.025006 0.033956
vt 0.017503 0.033950
vt 0.017503 0.031070
vt 0.049082 0.018798
vt 0.049082 0.031075
vt 0.472523 0.031075
vt 0.472523 0.033956
vt 0.463468 0.033956
vt 0.463468 0.031075
vt 0.061507 0.031075
vt 0.061507 0.018798
vt 0.447766 0.033956
vt 0.447766 0.031075
vt 0.073726 0.018798
vt 0.073726 0.031075
vt 0.431315 0.033956
vt 0.431315 0.031075
vt 0.085589 0.018798
vt 0.085589 0.031075
vt 0.414726 0.033956
vt 0.414726 0.031075
vt 0.096736 0.031075
vt 0.096736 0.018798
vt 0.398811 0.033956
vt 0.398811 0.031075
vt 0.107550 0.031075
vt 0.107550 0.018798
vt 0.384319 0.033956
vt 0.384319 0.031075
vt 0.118358 0.031075
vt 0.118358 0.018798
vt 0.371927 0.033956
vt 0.371927 0.031075
vt 0.129493 0.031075
vt 0.129493 0.018798
vt 0.360681 0.033956
vt 0.360681 0.031075
vt 0.141336 0.031075
vt 0.141336 0.018798
vt 0.349954 0.033956
vt 0.349954 0.031075
vt 0.153550 0.031075
vt 0.153550 0.018798
vt 0.339636 0.033956
vt 0.339636 0.031075
vt 0.166019 0.031075
vt 0.166019 0.018798
vt 0.329291 0.033956
vt 0.329291 0.031075
vt 0.178130 0.031075
vt 0.178130 0.018798
vt 0.318563 0.033956
vt 0.318563 0.031075
vt 0.189727 0.018798
vt 0.189727 0.031075
vt 0.307371 0.033956
vt 0.307371 0.031075
vt 0.196202 0.018798
vt 0.196202 0.031075
vt 0.295081 0.033956
vt 0.295081 0.031075
vt 0.216661 0.031075
vt 0.209456 0.031075
vt 0.209456 0.018798
vt 0.216661 0.018798
vt 0.280744 0.033956
vt 0.280744 0.031075
vt 0.232127 0.031075
vt 0.232127 0.018798
vt 0.264989 0.033956
vt 0.264989 0.031075
vt 0.248491 0.031075
vt 0.248491 0.018798
vt 0.248491 0.033956
vt 0.037026 0.036494
vt 0.025006 0.036494
vt 0.037026 0.033956
vt 0.017503 0.036488
vt 0.049082 0.036494
vt 0.049082 0.033956
vt 0.472523 0.036494
vt 0.463468 0.036494
vt 0.061507 0.036494
vt 0.061507 0.033956
vt 0.447766 0.036494
vt 0.073726 0.036494
vt 0.073726 0.033956
vt 0.431315 0.036494
vt 0.085589 0.036494
vt 0.085589 0.033956
vt 0.414726 0.036494
vt 0.096736 0.036494
vt 0.096736 0.033956
vt 0.398811 0.036494
vt 0.107550 0.036494
vt 0.107550 0.033956
vt 0.384319 0.036494
vt 0.118358 0.036494
vt 0.118358 0.033956
vt 0.371927 0.036494
vt 0.129493 0.036494
vt 0.129493 0.033956
vt 0.360681 0.036494
vt 0.141336 0.033956
vt 0.141336 0.036494
vt 0.349954 0.036494
vt 0.153550 0.036494
vt 0.153550 0.033956
vt 0.339636 0.036494
vt 0.166019 0.033956
vt 0.166019 0.036494
vt 0.329291 0.036494
vt 0.178130 0.033956
vt 0.178130 0.036494
vt 0.318563 0.036494
vt 0.189727 0.033956
vt 0.189727 0.036494
vt 0.307371 0.036494
vt 0.196202 0.033956
vt 0.196202 0.036494
vt 0.295081 0.036494
vt 0.216661 0.036494
vt 0.209456 0.036494
vt 0.209456 0.033956
vt 0.216661 0.033956
vt 0.280744 0.036494
vt 0.232127 0.033956
vt 0.232127 0.036494
vt 0.264989 0.036494
vt 0.248491 0.036494
vt 0.037026 0.039453
vt 0.025006 0.039453
vt 0.025006 0.051747
vt 0.017503 0.051742
vt 0.017503 0.039448
vt 0.049082 0.039453
vt 0.472523 0.051747
vt 0.463468 0.051747
vt 0.463468 0.039453
vt 0.472523 0.039453
vt 0.061507 0.039453
vt 0.447766 0.051747
vt 0.447766 0.039453
vt 0.073726 0.039453
vt 0.431315 0.051747
vt 0.431315 0.039453
vt 0.085589 0.039453
vt 0.414726 0.051747
vt 0.414726 0.039453
vt 0.096736 0.039453
vt 0.398811 0.051747
vt 0.398811 0.039453
vt 0.107550 0.039453
vt 0.384319 0.051747
vt 0.384319 0.039453
vt 0.118358 0.039453
vt 0.371927 0.051747
vt 0.371927 0.039453
vt 0.129493 0.039453
vt 0.360681 0.051747
vt 0.360681 0.039453
vt 0.141336 0.039453
vt 0.349954 0.051747
vt 0.349954 0.039453
vt 0.153550 0.039453
vt 0.339636 0.051747
vt 0.339636 0.039453
vt 0.166019 0.039453
vt 0.329291 0.051747
vt 0.329291 0.039453
vt 0.178130 0.039453
vt 0.318563 0.051747
vt 0.318563 0.039453
vt 0.189727 0.039453
vt 0.307371 0.051747
vt 0.307371 0.039453
vt 0.196202 0.039453
vt 0.295081 0.051747
vt 0.295081 0.039453
vt 0.216661 0.039453
vt 0.209456 0.039453
vt 0.280744 0.051747
vt 0.280744 0.039453
vt 0.232127 0.039453
vt 0.264989 0.051747
vt 0.264989 0.039453
vt 0.248491 0.039453
vt 0.248491 0.051747
vt 0.010145 0.751020
vt 0.019704 0.757295
vt 0.012411 0.159124
vt 0.023162 0.160894
vt 0.002488 0.745885
vt 0.002457 0.746021
vt 0.002230 0.745896
vt 0.002257 0.745763
vt 0.005050 0.156414
vt 0.004184 0.156309
vt 0.004106 0.157204
vt 0.004914 0.157342
vt 0.049050 0.780845
vt 0.048946 0.780921
vt 0.045367 0.774315
vt 0.045412 0.774145
vt 0.049804 0.172257
vt 0.055979 0.178485
vt 0.038186 0.768477
vt 0.038215 0.768330
vt 0.043022 0.166982
vt 0.042511 0.167632
vt 0.053913 0.811086
vt 0.053753 0.792887
vt 0.053839 0.792910
vt 0.054027 0.811124
vt 0.067863 0.187044
vt 0.067143 0.187638
vt 0.079414 0.196617
vt 0.080270 0.196265
vt 0.049441 0.844464
vt 0.052311 0.828416
vt 0.052410 0.828450
vt 0.049526 0.844519
vt 0.090026 0.205865
vt 0.100506 0.215242
vt 0.967391 0.769418
vt 0.962931 0.780542
vt 0.962822 0.780402
vt 0.967327 0.769224
vt 0.335672 0.168100
vt 0.345633 0.164081
vt 0.958485 0.791927
vt 0.958365 0.791829
vt 0.328215 0.174961
vt 0.957104 0.803629
vt 0.315717 0.183999
vt 0.316849 0.184350
vt 0.957237 0.803672
vt 0.956617 0.815962
vt 0.956461 0.815939
vt 0.303635 0.193612
vt 0.957415 0.831373
vt 0.955786 0.831357
vt 0.292975 0.203539
vt 0.958270 0.846894
vt 0.957244 0.847249
vt 0.281368 0.213307
vt 0.282101 0.213674
vt 0.038505 0.877455
vt 0.038430 0.877369
vt 0.044402 0.860232
vt 0.044477 0.860307
vt 0.111412 0.225345
vt 0.122048 0.236910
vt 0.967728 0.902164
vt 0.962637 0.882539
vt 0.963351 0.882153
vt 0.968418 0.901992
vt 0.239503 0.255208
vt 0.260010 0.236903
vt 0.968644 0.901892
vt 0.973642 0.921771
vt 0.973441 0.921854
vt 0.216861 0.271744
vt 0.022936 0.917058
vt 0.030596 0.896325
vt 0.030679 0.896420
vt 0.023029 0.917146
vt 0.142441 0.255351
vt 0.164970 0.271971
vt 0.958457 0.846871
vt 0.961019 0.864390
vt 0.960825 0.864466
vt 0.271322 0.224863
vt 0.963560 0.882058
vt 0.012707 0.951300
vt 0.012472 0.954659
vt 0.012373 0.954565
vt 0.012589 0.951221
vt 0.178533 0.273892
vt 0.178412 0.274601
vt 0.188312 0.276858
vt 0.017828 0.935942
vt 0.017927 0.936032
vt 0.978775 0.935898
vt 0.978616 0.935960
vt 0.203337 0.274519
vt 0.982981 0.947362
vt 0.982861 0.947425
vt 0.193294 0.276096
vt 0.190916 0.277264
vt 0.193564 0.276856
vt 0.002205 0.745752
vt 0.002416 0.744995
vt 0.002450 0.744999
vt 0.377548 0.157049
vt 0.376906 0.157160
vt 0.377194 0.157771
vt 0.377835 0.157558
vt 0.990344 0.749246
vt 0.983038 0.753480
vt 0.983015 0.753276
vt 0.990331 0.749078
vt 0.362741 0.159235
vt 0.371026 0.158373
vt 0.029542 0.763541
vt 0.029502 0.763692
vt 0.019645 0.757464
vt 0.032484 0.164054
vt 0.032913 0.163257
vt 0.973896 0.760277
vt 0.974974 0.761321
vt 0.354576 0.161524
vt 0.974967 0.761589
vt 0.602030 0.268886
vt 0.585847 0.273186
vt 0.522354 0.935923
vt 0.527484 0.921773
vt 0.575248 0.274476
vt 0.574992 0.273665
vt 0.518851 0.947330
vt 0.518278 0.946959
vt 0.637439 0.241366
vt 0.621337 0.257255
vt 0.620331 0.256804
vt 0.533372 0.902193
vt 0.532485 0.901901
vt 0.537544 0.882061
vt 0.660410 0.215732
vt 0.649444 0.227494
vt 0.543968 0.847200
vt 0.540133 0.864403
vt 0.542759 0.846837
vt 0.680710 0.196630
vt 0.670637 0.206217
vt 0.545229 0.831409
vt 0.543455 0.831332
vt 0.544463 0.815828
vt 0.546295 0.815614
vt 0.705273 0.177385
vt 0.693405 0.186830
vt 0.545562 0.802673
vt 0.543875 0.803490
vt 0.542703 0.791810
vt 0.543747 0.791079
vt 0.720133 0.168288
vt 0.711844 0.171836
vt 0.539458 0.778765
vt 0.538299 0.780122
vt 0.534012 0.768869
vt 0.739298 0.165354
vt 0.730308 0.167737
vt 0.729799 0.167277
vt 0.526324 0.760931
vt 0.518189 0.753168
vt 0.757945 0.161103
vt 0.758187 0.161827
vt 0.758070 0.161857
vt 0.757833 0.161127
vt 0.498157 0.744924
vt 0.498324 0.745795
vt 0.498224 0.745820
vt 0.498071 0.744950
vt 0.747432 0.164253
vt 0.510824 0.749051
vt 0.025006 0.015259
vt 0.037026 0.015259
vt 0.679096 0.973745
vt 0.679651 0.974532
vt 0.673594 0.984930
vt 0.673025 0.984445
vt 0.017503 0.018793
vt 0.017503 0.015254
vt 0.668208 0.992873
vt 0.668783 0.993360
vt 0.667455 0.995691
vt 0.049082 0.015259
vt 0.061507 0.015259
vt 0.703201 0.962668
vt 0.703344 0.963858
vt 0.691487 0.969332
vt 0.691143 0.968198
vt 0.073726 0.015259
vt 0.085589 0.015259
vt 0.728141 0.959325
vt 0.728163 0.960568
vt 0.715713 0.962276
vt 0.715672 0.961018
vt 0.096736 0.015259
vt 0.107550 0.015259
vt 0.750534 0.959806
vt 0.739344 0.960155
vt 0.178130 0.015259
vt 0.189727 0.015259
vt 0.827334 0.985040
vt 0.821200 0.974697
vt 0.196202 0.015259
vt 0.837088 0.993934
vt 0.837245 0.994222
vt 0.836614 0.994412
vt 0.153550 0.015259
vt 0.166019 0.015259
vt 0.809482 0.969361
vt 0.797734 0.963804
vt 0.129493 0.015259
vt 0.141336 0.015259
vt 0.785364 0.962244
vt 0.772909 0.960553
vt 0.772930 0.959309
vt 0.118358 0.015259
vt 0.761733 0.958917
vt 0.761725 0.960147
vt 0.295081 0.018798
vt 0.295081 0.015259
vt 0.307371 0.015259
vt 0.307371 0.018798
vt 0.218359 0.911037
vt 0.207693 0.916157
vt 0.318563 0.015259
vt 0.318563 0.018798
vt 0.229095 0.904727
vt 0.229070 0.905957
vt 0.329291 0.015259
vt 0.329291 0.018798
vt 0.239668 0.903453
vt 0.339636 0.015259
vt 0.339636 0.018798
vt 0.250268 0.900971
vt 0.264989 0.018798
vt 0.264989 0.015259
vt 0.280744 0.015259
vt 0.280744 0.018798
vt 0.197218 0.927133
vt 0.186708 0.938014
vt 0.209456 0.015259
vt 0.216661 0.015259
vt 0.165457 0.994962
vt 0.169147 0.983211
vt 0.166095 0.995330
vt 0.232127 0.015259
vt 0.172892 0.968760
vt 0.248491 0.015259
vt 0.179832 0.953343
vt 0.371927 0.018798
vt 0.371927 0.015259
vt 0.384319 0.015259
vt 0.384319 0.018798
vt 0.292982 0.914442
vt 0.292950 0.915567
vt 0.282245 0.910613
vt 0.360681 0.018798
vt 0.360681 0.015259
vt 0.271483 0.905721
vt 0.349954 0.018798
vt 0.349954 0.015259
vt 0.260873 0.903350
vt 0.557226 0.274255
vt 0.539906 0.269846
vt 0.476421 0.922188
vt 0.477155 0.922236
vt 0.482681 0.938635
vt 0.482150 0.938773
vt 0.569199 0.274055
vt 0.572153 0.274104
vt 0.571827 0.274973
vt 0.569289 0.274960
vt 0.486743 0.951985
vt 0.487090 0.951560
vt 0.488032 0.954459
vt 0.487431 0.955071
vt 0.520165 0.257786
vt 0.503888 0.241232
vt 0.463981 0.881876
vt 0.470570 0.902020
vt 0.492783 0.226876
vt 0.482980 0.217375
vt 0.454042 0.846717
vt 0.459020 0.864260
vt 0.472899 0.208040
vt 0.462948 0.198740
vt 0.448170 0.816025
vt 0.451352 0.831468
vt 0.450416 0.189610
vt 0.439148 0.792734
vt 0.439917 0.792121
vt 0.438665 0.180864
vt 0.441316 0.782688
vt 0.441735 0.783028
vt 0.432670 0.176169
vt 0.448958 0.777030
vt 0.423623 0.171704
vt 0.464567 0.765454
vt 0.415319 0.168642
vt 0.403752 0.165138
vt 0.468907 0.753026
vt 0.477776 0.746995
vt 0.478207 0.747878
vt 0.469214 0.753935
vt 0.385894 0.159045
vt 0.387417 0.159629
vt 0.387052 0.160528
vt 0.385578 0.159900
vt 0.496394 0.745975
vt 0.497832 0.745260
vt 0.497992 0.746024
vt 0.496568 0.746761
vt 0.394821 0.163653
vt 0.485885 0.743211
vt 0.486068 0.744223
vt 0.398811 0.015259
vt 0.398811 0.018798
vt 0.303601 0.925691
vt 0.303446 0.926726
vt 0.414726 0.015259
vt 0.414726 0.018798
vt 0.314288 0.936925
vt 0.313973 0.937796
vt 0.447766 0.018798
vt 0.447766 0.015259
vt 0.463468 0.015259
vt 0.463468 0.018798
vt 0.331991 0.982866
vt 0.331400 0.983203
vt 0.327628 0.968763
vt 0.472523 0.015259
vt 0.472523 0.018798
vt 0.334987 0.994426
vt 0.334342 0.994774
vt 0.431315 0.015259
vt 0.431315 0.018798
vt 0.320768 0.953233
vt 0.023046 0.161176
vt 0.012315 0.159433
vt 0.002513 0.157269
vt 0.002551 0.156986
vt 0.002234 0.156954
vt 0.002199 0.157283
vt 0.049833 0.172253
vt 0.055805 0.178686
vt 0.042419 0.167715
vt 0.079176 0.196816
vt 0.066911 0.187908
vt 0.100292 0.215410
vt 0.089796 0.206037
vt 0.335838 0.168099
vt 0.345862 0.164156
vt 0.328326 0.174976
vt 0.317158 0.184497
vt 0.303915 0.193710
vt 0.293203 0.203640
vt 0.282345 0.213838
vt 0.111202 0.225493
vt 0.121779 0.237108
vt 0.239872 0.255452
vt 0.260314 0.237069
vt 0.217105 0.272018
vt 0.142135 0.255644
vt 0.164813 0.272281
vt 0.271563 0.225013
vt 0.188316 0.277147
vt 0.190551 0.277525
vt 0.178388 0.274857
vt 0.203454 0.274760
vt 0.191389 0.277510
vt 0.193665 0.277128
vt 0.378865 0.157445
vt 0.378889 0.157438
vt 0.378802 0.157280
vt 0.378777 0.157287
vt 0.362899 0.159420
vt 0.371143 0.158633
vt 0.032341 0.164273
vt 0.354759 0.161669
vt 0.527268 0.921741
vt 0.522164 0.935872
vt 0.518088 0.946885
vt 0.517367 0.949559
vt 0.517164 0.949484
vt 0.537312 0.882084
vt 0.532233 0.901909
vt 0.542567 0.846844
vt 0.539922 0.864409
vt 0.544302 0.816159
vt 0.543275 0.831462
vt 0.542627 0.792097
vt 0.543761 0.803757
vt 0.533993 0.769146
vt 0.538200 0.780393
vt 0.518179 0.753581
vt 0.526338 0.761315
vt 0.503896 0.745705
vt 0.504184 0.745355
vt 0.505601 0.746259
vt 0.505490 0.746665
vt 0.510773 0.749437
vt 0.025006 0.014407
vt 0.037026 0.014407
vt 0.010849 0.018802
vt 0.010849 0.015203
vt 0.049082 0.014407
vt 0.061507 0.014407
vt 0.073726 0.014407
vt 0.085589 0.014407
vt 0.096736 0.014407
vt 0.107550 0.014407
vt 0.178130 0.014407
vt 0.189727 0.014407
vt 0.200284 0.014407
vt 0.153550 0.014407
vt 0.166019 0.014407
vt 0.129493 0.014407
vt 0.141336 0.014407
vt 0.118358 0.014407
vt 0.295081 0.014407
vt 0.307371 0.014407
vt 0.318563 0.014407
vt 0.329291 0.014407
vt 0.339636 0.014407
vt 0.264989 0.014407
vt 0.280744 0.014407
vt 0.204900 0.014407
vt 0.216661 0.014407
vt 0.232127 0.014407
vt 0.248491 0.014407
vt 0.371927 0.014407
vt 0.384319 0.014407
vt 0.360681 0.014407
vt 0.349954 0.014407
vt 0.477321 0.922127
vt 0.482848 0.938485
vt 0.487257 0.951365
vt 0.464181 0.881817
vt 0.470743 0.901954
vt 0.454265 0.846677
vt 0.459236 0.864197
vt 0.448482 0.816002
vt 0.451586 0.831475
vt 0.440225 0.792045
vt 0.441929 0.783062
vt 0.449162 0.777240
vt 0.464580 0.765688
vt 0.478226 0.748269
vt 0.473594 0.759723
vt 0.498055 0.746380
vt 0.496629 0.747138
vt 0.486092 0.744618
vt 0.398811 0.014407
vt 0.414726 0.014407
vt 0.447766 0.014407
vt 0.463468 0.014407
vt 0.476398 0.014423
vt 0.431315 0.014407
vt 0.677061 0.972170
vt 0.670302 0.982974
vt 0.665785 0.991923
vt 0.664977 0.991631
vt 0.831673 0.982394
vt 0.841344 0.992631
vt 0.841499 0.992942
vt 0.799023 0.959398
vt 0.206897 0.910714
vt 0.228981 0.901250
vt 0.271847 0.900063
vt 0.304809 0.922443
vt 0.341658 0.992495
vt 0.337825 0.993583
vt 0.162033 0.996272
vt 0.663981 0.993822
vt 0.660813 0.990273
vt 0.836322 0.991999
vt 0.337240 0.993790
vt 0.037026 0.051747
vt 0.049082 0.051747
vt 0.061507 0.051747
vt 0.073726 0.051747
vt 0.085589 0.051747
vt 0.096736 0.051747
vt 0.107550 0.051747
vt 0.118358 0.051747
vt 0.129493 0.051747
vt 0.141336 0.051747
vt 0.153550 0.051747
vt 0.166019 0.051747
vt 0.178130 0.051747
vt 0.189727 0.051747
vt 0.196202 0.051747
vt 0.216661 0.051747
vt 0.209456 0.051747
vt 0.232127 0.051747
vt 0.383944 0.158398
vt 0.395927 0.159317
vt 0.435551 0.173222
vt 0.426100 0.169376
vt 0.466494 0.196435
vt 0.476653 0.205421
vt 0.710397 0.168592
vt 0.655686 0.213553
vt 0.509558 0.239973
vt 0.616859 0.255359
vt 0.644047 0.226083
vt 0.557786 0.270085
vt 0.568793 0.271002
vt 0.568913 0.271815
vt 0.488208 0.954258
vt 0.488530 0.954818
vt 0.488343 0.955021
vt 0.747435 0.160291
vt 0.756875 0.159572
vt 0.757523 0.161164
vt 0.755914 0.161499
vt 0.755384 0.159870
vt 0.728906 0.164856
vt 0.525955 0.936745
vt 0.520378 0.950530
vt 0.518016 0.949817
vt 0.521360 0.948051
vt 0.549652 0.815436
vt 0.548358 0.801768
vt 0.503654 0.741056
vt 0.505706 0.740506
vt 0.505926 0.741323
vt 0.503866 0.741870
vt 0.512341 0.742841
vt 0.471514 0.923110
vt 0.477073 0.939852
vt 0.482317 0.953964
vt 0.496428 0.741136
vt 0.496494 0.734713
vt 0.484881 0.739079
vt 0.384634 0.155856
vt 0.385516 0.153417
vt 0.571546 0.271162
vt 0.571696 0.271957
vt 0.756056 0.156646
vt 0.756143 0.156631
vt 0.482928 0.957157
vt 0.480116 0.957967
vt 0.479937 0.957440
vt 0.482748 0.956625
vt 0.497062 0.741201
vt 0.521513 0.948086
vt 0.504312 0.740065
vt 0.503710 0.744076
vt 0.503539 0.743980
vt 0.504134 0.739968
vt 0.980974 0.950576
vt 0.981104 0.950934
vt 0.977508 0.952016
vt 0.977381 0.951661
vt 0.972828 0.921663
vt 0.978097 0.936112
vt 0.976135 0.936470
vt 0.970788 0.921764
vt 0.965541 0.902668
vt 0.960436 0.883281
vt 0.959809 0.864716
vt 0.957257 0.865324
vt 0.958891 0.775847
vt 0.995821 0.741649
vt 0.996962 0.741059
vt 0.997418 0.744102
vt 0.996352 0.744755
vt 0.988948 0.743773
vt 0.028347 0.918870
vt 0.021452 0.937571
vt 0.016208 0.956648
vt 0.016346 0.956242
vt 0.003107 0.740158
vt 0.002621 0.745239
vt 0.002889 0.739828
vt 0.995008 0.742074
vt 0.994901 0.741406
vt 0.004511 0.740359
vt 0.004361 0.740913
vt 0.003297 0.739578
vt 0.980370 0.948322
vt 0.016477 0.953335
vt 0.012952 0.156516
vt 0.004357 0.154931
vt 0.002907 0.154631
vt 0.002653 0.156113
vt 0.043409 0.166410
vt 0.070165 0.185971
vt 0.082978 0.195472
vt 0.104026 0.213676
vt 0.253897 0.238523
vt 0.236152 0.254500
vt 0.216866 0.266733
vt 0.144826 0.254161
vt 0.187802 0.272326
vt 0.203017 0.270228
vt 0.378038 0.155652
vt 0.378295 0.155621
vt 0.378232 0.155347
vt 0.377938 0.155380
vt 0.370210 0.156071
vt 0.033174 0.162545
vt 0.002736 0.154274
vt 0.377495 0.152624
vt 0.483079 0.956529
vt 0.010849 0.051751
vt 0.010849 0.039457
vt 0.574899 0.967464
vt 0.608189 0.974465
vt 0.545554 0.955496
vt 0.637238 0.986222
vt 0.572858 0.274855
vt 0.663775 0.994207
vt 0.574417 0.271570
vt 0.474433 0.959418
vt 0.378286 0.985750
vt 0.474611 0.959934
vt 0.459812 0.962827
vt 0.335119 0.997808
vt 0.483260 0.957062
vt 0.459984 0.963342
vt 0.443820 0.967776
vt 0.427353 0.972293
vt 0.364259 0.989598
vt 0.487613 0.955609
vt 0.517076 0.950059
vt 0.516862 0.949981
vt 0.520207 0.951007
vt 0.517842 0.950295
vt 0.572362 0.274959
vt 0.010849 0.036497
vt 0.010849 0.033959
vt 0.010849 0.031078
vt 0.014225 0.014407
vt 0.478708 0.031075
vt 0.478708 0.033956
vt 0.478708 0.036494
vt 0.478708 0.039453
vt 0.478708 0.051747
vt 0.478708 0.015259
vt 0.478708 0.018798
vt 0.010849 0.014411
vt 0.478708 0.014407
vt 0.202631 0.015259
vt 0.202631 0.014407
vt 0.020237 0.954516
vt 0.027041 0.956622
vt 0.015997 0.956142
vt 0.013007 0.955187
vt 0.041461 0.960951
vt 0.162611 0.996431
vt 0.162516 0.996797
vt 0.161937 0.996639
vt 0.833597 0.995654
vt 0.834099 0.995169
vt 0.164917 0.997067
vt 0.909791 0.971994
vt 0.893717 0.976831
vt 0.970777 0.953654
vt 0.956549 0.957933
vt 0.849771 0.990050
vt 0.849926 0.990407
vt 0.983718 0.949659
vt 0.983822 0.949608
vt 0.832400 0.993754
vt 0.202631 0.018798
vt 0.202631 0.031075
vt 0.202631 0.033956
vt 0.202631 0.036494
vt 0.202631 0.039453
vt 0.202631 0.051747
vt 0.190988 0.277582
vt 0.165392 0.997803
vt 0.158032 0.995567
vt 0.012243 0.955094
vt 0.012142 0.954995
vt 0.014541 0.956077
vt 0.012869 0.955595
vt 0.164824 0.997431
vt 0.983924 0.950031
vt 0.984032 0.949975
vt 0.983278 0.950280
vt 0.981479 0.950822
vt 0.909904 0.972359
vt 0.893821 0.977198
vt 0.970897 0.954006
vt 0.956668 0.958287
vt 0.021737 0.084982
vt 0.031534 0.084982
vt 0.010101 0.084982
vt 0.010516 0.084982
vt 0.077109 0.084982
vt 0.314399 0.082768
vt 0.099618 0.084982
vt 0.122126 0.084982
vt 0.008882 0.096744
vt 0.009940 0.084982
vt 0.359712 0.082768
vt 0.172071 0.082768
vt 0.238622 0.083404
vt 0.205352 0.084982
vt 0.042939 0.084982
vt 0.338146 0.084982
vt 0.014467 0.084982
vt 0.013450 0.083404
vt 0.013274 0.084982
vt 0.010441 0.083404
vt 0.010351 0.083404
vt 0.392594 0.081972
vt 0.449881 0.085031
vt 0.463098 0.085031
vt 0.657524 0.084009
vt 0.677035 0.084009
vt 0.726897 0.083603
vt 0.737716 0.082524
vt 0.749257 0.083509
vt 0.749301 0.082484
vt 0.749453 0.082483
vt 0.749387 0.083509
vt 0.552867 0.085031
vt 0.552935 0.084009
vt 0.569531 0.085031
vt 0.602752 0.085031
vt 0.519157 0.083619
vt 0.586146 0.085031
vt 0.715222 0.084010
vt 0.395242 0.085149
vt 0.393123 0.085169
vt 0.438102 0.084710
vt 0.482081 0.085031
vt 0.737141 0.083943
vt 0.726807 0.083992
vt 0.748918 0.083509
vt 0.748837 0.083895
vt 0.746886 0.083900
vt 0.746947 0.083514
vt 0.426164 0.084547
vt 0.404716 0.084941
vt 0.414617 0.084683
vt 0.657506 0.085031
vt 0.677414 0.085031
vt 0.602709 0.084009
vt 0.749027 0.084902
vt 0.749170 0.083894
vt 0.749288 0.083894
vt 0.749161 0.084902
vt 0.391383 0.094763
vt 0.392797 0.085172
vt 0.013756 0.073223
vt 0.013413 0.072206
vt 0.012147 0.072206
vt 0.012167 0.073223
vt 0.079449 0.073223
vt 0.279097 0.073223
vt 0.256924 0.073223
vt 0.314568 0.081968
vt 0.099415 0.073223
vt 0.359924 0.081968
vt 0.350009 0.081968
vt 0.010636 0.082768
vt 0.011241 0.081968
vt 0.172156 0.081968
vt 0.257297 0.072206
vt 0.238671 0.072206
vt 0.042620 0.081968
vt 0.031216 0.071324
vt 0.021536 0.071324
vt 0.021570 0.072206
vt 0.014154 0.072206
vt 0.014176 0.071324
vt 0.041891 0.071324
vt 0.011807 0.072206
vt 0.011899 0.071324
vt 0.011840 0.071324
vt 0.011756 0.072206
vt 0.053314 0.071324
vt 0.360334 0.071324
vt 0.350558 0.071324
vt 0.065302 0.072206
vt 0.065378 0.071324
vt 0.339451 0.071324
vt 0.079584 0.072206
vt 0.079887 0.071324
vt 0.327672 0.071324
vt 0.099199 0.071324
vt 0.099246 0.072206
vt 0.315012 0.071324
vt 0.119839 0.071324
vt 0.299844 0.071324
vt 0.138479 0.071324
vt 0.279281 0.071324
vt 0.279260 0.072206
vt 0.155838 0.071324
vt 0.257544 0.071324
vt 0.172591 0.071324
vt 0.238708 0.071324
vt 0.189088 0.071324
vt 0.221668 0.071324
vt 0.221713 0.072206
vt 0.205344 0.072206
vt 0.205328 0.071324
vt 0.403547 0.072403
vt 0.403433 0.071371
vt 0.414265 0.071049
vt 0.414457 0.072080
vt 0.425826 0.070880
vt 0.426046 0.071914
vt 0.392480 0.072620
vt 0.392524 0.071582
vt 0.394424 0.071566
vt 0.394439 0.072603
vt 0.437801 0.070881
vt 0.438009 0.071918
vt 0.749371 0.071908
vt 0.749239 0.070875
vt 0.749398 0.070875
vt 0.749555 0.071908
vt 0.450171 0.070881
vt 0.726954 0.070883
vt 0.737695 0.070885
vt 0.464625 0.070881
vt 0.715492 0.070881
vt 0.482183 0.070881
vt 0.703549 0.070881
vt 0.501092 0.070881
vt 0.690719 0.070881
vt 0.519507 0.070881
vt 0.675695 0.070881
vt 0.536959 0.070881
vt 0.657351 0.070881
vt 0.553508 0.070881
vt 0.637871 0.070881
vt 0.569638 0.070881
vt 0.569647 0.071918
vt 0.619480 0.070881
vt 0.585787 0.070881
vt 0.602270 0.070881
vt 0.031298 0.070682
vt 0.021670 0.070682
vt 0.012347 0.061032
vt 0.012527 0.059727
vt 0.012191 0.059727
vt 0.012143 0.061032
vt 0.041908 0.070682
vt 0.369653 0.061032
vt 0.369902 0.061032
vt 0.369772 0.059727
vt 0.369509 0.059727
vt 0.053363 0.070682
vt 0.360202 0.061032
vt 0.350489 0.061032
vt 0.350463 0.070682
vt 0.360206 0.070682
vt 0.065568 0.070682
vt 0.339776 0.061032
vt 0.339426 0.070682
vt 0.080297 0.070682
vt 0.339750 0.059727
vt 0.328343 0.059727
vt 0.328303 0.061032
vt 0.099262 0.070682
vt 0.315749 0.059727
vt 0.315658 0.061032
vt 0.119639 0.070682
vt 0.299843 0.061032
vt 0.299446 0.070682
vt 0.314851 0.070682
vt 0.138437 0.070682
vt 0.299905 0.059727
vt 0.279147 0.059727
vt 0.279186 0.061032
vt 0.155890 0.070682
vt 0.256930 0.059727
vt 0.257087 0.061032
vt 0.172666 0.070682
vt 0.237535 0.059727
vt 0.237725 0.061032
vt 0.189124 0.070682
vt 0.220656 0.059727
vt 0.220790 0.061032
vt 0.205289 0.070682
vt 0.205077 0.059727
vt 0.205112 0.061032
vt 0.403304 0.070138
vt 0.414062 0.069818
vt 0.413767 0.059768
vt 0.425107 0.059628
vt 0.425596 0.069647
vt 0.392294 0.070342
vt 0.394454 0.070326
vt 0.436888 0.059605
vt 0.437567 0.069643
vt 0.748790 0.070876
vt 0.747031 0.070877
vt 0.746899 0.069643
vt 0.748889 0.069642
vt 0.449298 0.059605
vt 0.449953 0.069643
vt 0.727088 0.069645
vt 0.737735 0.069647
vt 0.464048 0.059605
vt 0.464480 0.069643
vt 0.715701 0.069643
vt 0.481863 0.059605
vt 0.482078 0.069643
vt 0.703777 0.069643
vt 0.501072 0.059605
vt 0.501062 0.069643
vt 0.690892 0.069643
vt 0.519884 0.059605
vt 0.519592 0.069643
vt 0.675787 0.069643
vt 0.537478 0.059605
vt 0.537064 0.069643
vt 0.657434 0.069643
vt 0.553782 0.059605
vt 0.553578 0.069643
vt 0.637924 0.069643
vt 0.569658 0.059605
vt 0.569628 0.069643
vt 0.619418 0.069643
vt 0.585538 0.059605
vt 0.585702 0.069643
vt 0.602160 0.069643
vt 0.601842 0.059605
vt 0.031230 0.059395
vt 0.021912 0.059395
vt 0.021933 0.059727
vt 0.031259 0.059727
vt 0.012418 0.059395
vt 0.012120 0.059395
vt 0.041387 0.059395
vt 0.041426 0.059727
vt 0.367449 0.059395
vt 0.360134 0.059395
vt 0.360114 0.059727
vt 0.367445 0.059727
vt 0.052529 0.059395
vt 0.052581 0.059727
vt 0.350446 0.059395
vt 0.350423 0.059727
vt 0.064711 0.059395
vt 0.064765 0.059727
vt 0.339782 0.059395
vt 0.079831 0.059395
vt 0.079875 0.059727
vt 0.328388 0.059395
vt 0.099324 0.059395
vt 0.099339 0.059727
vt 0.315807 0.059395
vt 0.120138 0.059395
vt 0.120122 0.059727
vt 0.299949 0.059395
vt 0.139075 0.059395
vt 0.139054 0.059727
vt 0.279159 0.059395
vt 0.156596 0.059395
vt 0.156584 0.059727
vt 0.256903 0.059395
vt 0.173398 0.059395
vt 0.173377 0.059727
vt 0.237497 0.059395
vt 0.189645 0.059395
vt 0.189625 0.059727
vt 0.220630 0.059395
vt 0.205074 0.059395
vt 0.403138 0.059816
vt 0.413553 0.059561
vt 0.403113 0.071432
vt 0.424732 0.059421
vt 0.394671 0.060170
vt 0.392877 0.060180
vt 0.392894 0.059965
vt 0.394853 0.059954
vt 0.436377 0.059395
vt 0.747748 0.059398
vt 0.747855 0.059398
vt 0.747921 0.059608
vt 0.747792 0.059608
vt 0.448694 0.059395
vt 0.727432 0.059396
vt 0.737408 0.059397
vt 0.737406 0.059607
vt 0.727272 0.059606
vt 0.463579 0.059395
vt 0.716565 0.059395
vt 0.716215 0.059605
vt 0.481696 0.059395
vt 0.704890 0.059395
vt 0.704433 0.059605
vt 0.501231 0.059395
vt 0.691962 0.059395
vt 0.691506 0.059605
vt 0.520219 0.059395
vt 0.676501 0.059395
vt 0.676087 0.059605
vt 0.537712 0.059395
vt 0.657679 0.059395
vt 0.657513 0.059605
vt 0.553900 0.059395
vt 0.637699 0.059395
vt 0.637805 0.059605
vt 0.569669 0.059395
vt 0.618868 0.059395
vt 0.619138 0.059605
vt 0.585397 0.059395
vt 0.601595 0.059395
vt 0.745904 0.059608
vt 0.747491 0.059608
vt 0.392194 0.073625
vt 0.391792 0.073627
vt 0.392036 0.072622
vt 0.747007 0.082489
vt 0.748954 0.082484
vt 0.011973 0.073223
vt 0.011896 0.073223
vt 0.014469 0.073223
vt 0.014320 0.081968
vt 0.021838 0.061032
vt 0.031199 0.061032
vt 0.013663 0.070682
vt 0.013401 0.071324
vt 0.014379 0.070682
vt 0.041427 0.061032
vt 0.369105 0.070682
vt 0.369050 0.071324
vt 0.369286 0.071324
vt 0.369331 0.070682
vt 0.052637 0.061032
vt 0.064852 0.061032
vt 0.079931 0.061032
vt 0.327640 0.070682
vt 0.099295 0.061032
vt 0.119989 0.061032
vt 0.138922 0.061032
vt 0.279215 0.070682
vt 0.156493 0.061032
vt 0.257728 0.070682
vt 0.173283 0.061032
vt 0.238699 0.070682
vt 0.189560 0.061032
vt 0.221584 0.070682
vt 0.012034 0.070682
vt 0.012201 0.070682
vt 0.367454 0.061032
vt 0.367094 0.070682
vt 0.367964 0.070682
vt 0.368370 0.061032
vt 0.728000 0.301039
vt 0.727899 0.300182
vt 0.739209 0.300159
vt 0.739276 0.301037
vt 0.749626 0.300124
vt 0.749678 0.301005
vt 0.536914 0.305289
vt 0.536629 0.305207
vt 0.536858 0.304360
vt 0.537127 0.304428
vt 0.556497 0.303751
vt 0.546369 0.304506
vt 0.546359 0.303633
vt 0.556514 0.302865
vt 0.567021 0.318477
vt 0.578060 0.318086
vt 0.567300 0.303328
vt 0.567326 0.302434
vt 0.589951 0.317847
vt 0.602008 0.317623
vt 0.590431 0.302583
vt 0.578624 0.302856
vt 0.578661 0.301952
vt 0.590463 0.301684
vt 0.614585 0.317354
vt 0.627299 0.317157
vt 0.640714 0.316988
vt 0.653951 0.316732
vt 0.627593 0.302051
vt 0.627622 0.301183
vt 0.640866 0.301108
vt 0.640877 0.301965
vt 0.676143 0.316705
vt 0.665086 0.316534
vt 0.676127 0.316439
vt 0.653664 0.316007
vt 0.665068 0.315720
vt 0.688468 0.316327
vt 0.701127 0.316224
vt 0.676034 0.301780
vt 0.676056 0.300902
vt 0.687941 0.300718
vt 0.687931 0.301586
vt 0.714539 0.301131
vt 0.714493 0.300285
vt 0.715078 0.316230
vt 0.701285 0.315497
vt 0.715073 0.315561
vt 0.761193 0.315919
vt 0.772214 0.316143
vt 0.750515 0.315777
vt 0.964638 0.322831
vt 0.964666 0.323598
vt 0.963247 0.323474
vt 0.963268 0.322713
vt 0.954975 0.323893
vt 0.944817 0.323020
vt 0.944853 0.321751
vt 0.954963 0.322716
vt 0.934035 0.320881
vt 0.934031 0.320196
vt 0.923021 0.320080
vt 0.922927 0.319326
vt 0.921839 0.304923
vt 0.911118 0.318731
vt 0.910090 0.304374
vt 0.899053 0.319152
vt 0.911119 0.319481
vt 0.885545 0.303541
vt 0.885479 0.302640
vt 0.897871 0.303100
vt 0.897939 0.304006
vt 0.873738 0.318278
vt 0.886467 0.318709
vt 0.873600 0.317535
vt 0.860317 0.317952
vt 0.860281 0.317253
vt 0.847080 0.317479
vt 0.846396 0.302393
vt 0.847322 0.316748
vt 0.835898 0.316283
vt 0.834996 0.302036
vt 0.835572 0.318160
vt 0.824389 0.317791
vt 0.824904 0.316844
vt 0.835941 0.317088
vt 0.812577 0.316597
vt 0.799924 0.316403
vt 0.785976 0.316311
vt 0.771408 0.300944
vt 0.771412 0.300071
vt 0.784863 0.300101
vt 0.784900 0.300975
vt 0.228805 0.301761
vt 0.228805 0.300834
vt 0.239854 0.300866
vt 0.239841 0.301793
vt 0.250248 0.317440
vt 0.239562 0.317400
vt 0.239584 0.316643
vt 0.250243 0.316747
vt 0.036917 0.326801
vt 0.036910 0.326925
vt 0.035331 0.326787
vt 0.054883 0.311504
vt 0.055406 0.325641
vt 0.045152 0.326108
vt 0.044631 0.312070
vt 0.066290 0.325901
vt 0.077288 0.325628
vt 0.055447 0.326403
vt 0.089189 0.325005
vt 0.089124 0.324808
vt 0.101182 0.323975
vt 0.113772 0.322978
vt 0.126498 0.322269
vt 0.101124 0.323230
vt 0.113692 0.322283
vt 0.153711 0.320544
vt 0.140071 0.321437
vt 0.140023 0.321222
vt 0.153702 0.320280
vt 0.126532 0.321506
vt 0.139961 0.320496
vt 0.166887 0.319490
vt 0.180032 0.318758
vt 0.153364 0.304876
vt 0.153344 0.304005
vt 0.166798 0.303136
vt 0.166799 0.304031
vt 0.192652 0.318305
vt 0.205154 0.317794
vt 0.180036 0.318002
vt 0.192674 0.317531
vt 0.228807 0.317390
vt 0.217076 0.317474
vt 0.217117 0.316708
vt 0.228782 0.316644
vt 0.205075 0.317026
vt 0.260919 0.317787
vt 0.271745 0.317962
vt 0.250575 0.301944
vt 0.250587 0.301009
vt 0.261308 0.301224
vt 0.261291 0.302172
vt 0.463269 0.323875
vt 0.465167 0.323882
vt 0.465194 0.324056
vt 0.463286 0.324026
vt 0.455239 0.323906
vt 0.445042 0.323793
vt 0.445063 0.323546
vt 0.455282 0.323732
vt 0.433994 0.307753
vt 0.433971 0.306864
vt 0.444870 0.307235
vt 0.444876 0.308178
vt 0.434199 0.323402
vt 0.423356 0.322829
vt 0.423245 0.322554
vt 0.434238 0.323103
vt 0.411352 0.322171
vt 0.399910 0.306170
vt 0.399950 0.305236
vt 0.411629 0.305852
vt 0.411613 0.306733
vt 0.399324 0.321672
vt 0.386782 0.321016
vt 0.386856 0.320267
vt 0.399353 0.320929
vt 0.374669 0.304822
vt 0.374703 0.303910
vt 0.387588 0.304562
vt 0.387544 0.305503
vt 0.361071 0.304303
vt 0.361107 0.303386
vt 0.347320 0.303813
vt 0.347346 0.302927
vt 0.333977 0.303481
vt 0.333994 0.302568
vt 0.333631 0.319133
vt 0.320503 0.318761
vt 0.320519 0.318006
vt 0.333608 0.318327
vt 0.307905 0.318579
vt 0.307892 0.318391
vt 0.295400 0.318246
vt 0.295529 0.317472
vt 0.307902 0.317673
vt 0.283503 0.318053
vt 0.284304 0.302513
vt 0.272350 0.302361
vt 0.272386 0.301423
vt 0.284360 0.301590
vt 0.728402 0.316373
vt 0.537969 0.321009
vt 0.536195 0.320877
vt 0.536288 0.320077
vt 0.538059 0.320198
vt 0.546071 0.320142
vt 0.556199 0.319722
vt 0.714849 0.316419
vt 0.963343 0.324296
vt 0.963280 0.323752
vt 0.964674 0.323742
vt 0.036788 0.327314
vt 0.037471 0.327417
vt 0.036372 0.330126
vt 0.217027 0.317712
vt 0.463360 0.324659
vt 0.465193 0.324649
vt 0.386730 0.321241
vt 0.374148 0.320617
vt 0.360492 0.320104
vt 0.346836 0.319633
vt 0.728837 0.316129
vt 0.739842 0.315920
vt 0.536202 0.320160
vt 0.536491 0.320155
vt 0.536485 0.320338
vt 0.536253 0.320354
vt 0.546102 0.319509
vt 0.556138 0.318982
vt 0.589937 0.317079
vt 0.602057 0.316848
vt 0.614956 0.301376
vt 0.614923 0.302260
vt 0.614601 0.316592
vt 0.653791 0.301933
vt 0.640714 0.316304
vt 0.676284 0.315659
vt 0.688465 0.315575
vt 0.760095 0.300980
vt 0.760060 0.300096
vt 0.750469 0.315038
vt 0.761146 0.315122
vt 0.962280 0.323855
vt 0.962261 0.323283
vt 0.944753 0.321087
vt 0.944275 0.306622
vt 0.954460 0.307793
vt 0.954978 0.322053
vt 0.933275 0.305759
vt 0.933213 0.304853
vt 0.944232 0.305733
vt 0.898980 0.318393
vt 0.872854 0.303100
vt 0.872794 0.302208
vt 0.824684 0.316077
vt 0.811834 0.301452
vt 0.811750 0.300554
vt 0.823804 0.300877
vt 0.823893 0.301781
vt 0.798917 0.301142
vt 0.798831 0.300257
vt 0.785926 0.315631
vt 0.799711 0.315677
vt 0.035049 0.326763
vt 0.035054 0.326031
vt 0.035344 0.326044
vt 0.045221 0.326760
vt 0.065664 0.310040
vt 0.076872 0.309488
vt 0.076886 0.310398
vt 0.065697 0.310902
vt 0.054844 0.310600
vt 0.089041 0.324086
vt 0.077394 0.324886
vt 0.139506 0.305885
vt 0.153682 0.319484
vt 0.166899 0.318718
vt 0.192462 0.301794
vt 0.204697 0.301276
vt 0.204723 0.302169
vt 0.192474 0.302698
vt 0.260872 0.316972
vt 0.271804 0.317145
vt 0.455320 0.323034
vt 0.461839 0.323052
vt 0.461845 0.323799
vt 0.445076 0.322780
vt 0.455222 0.308460
vt 0.423131 0.321751
vt 0.434267 0.322283
vt 0.411377 0.321414
vt 0.374099 0.320390
vt 0.360535 0.319885
vt 0.346875 0.319375
vt 0.308588 0.302866
vt 0.321007 0.303164
vt 0.283533 0.317271
vt 0.728477 0.315403
vt 0.739802 0.315131
vt 0.536523 0.319352
vt 0.538084 0.319286
vt 0.538098 0.320063
vt 0.546079 0.318824
vt 0.556181 0.318283
vt 0.567007 0.317722
vt 0.578143 0.317344
vt 0.627413 0.316426
vt 0.665070 0.301833
vt 0.700669 0.300524
vt 0.700661 0.301375
vt 0.034945 0.312208
vt 0.034988 0.312220
vt 0.035007 0.326025
vt 0.921766 0.304015
vt 0.886432 0.317946
vt 0.859446 0.302724
vt 0.772508 0.315406
vt 0.100364 0.308688
vt 0.112874 0.307779
vt 0.125787 0.305891
vt 0.139478 0.304965
vt 0.125825 0.306882
vt 0.179959 0.303262
vt 0.216948 0.301850
vt 0.216937 0.300943
vt 0.374070 0.319623
vt 0.360592 0.319132
vt 0.346927 0.318589
vt 0.296541 0.301764
vt 0.308629 0.301975
vt 0.296469 0.302672
vt 0.602585 0.301530
vt 0.602547 0.302423
vt 0.910028 0.303473
vt 0.812523 0.315843
vt 0.035263 0.312265
vt 0.036648 0.312276
vt 0.036887 0.326069
vt 0.066250 0.325115
vt 0.088446 0.309555
vt 0.465124 0.323103
vt 0.463265 0.323108
vt 0.463086 0.308714
vt 0.464847 0.308691
vt 0.422906 0.307218
vt 0.422880 0.306392
vt 0.465538 0.323083
vt 0.465430 0.323092
vt 0.465151 0.308644
vt 0.465259 0.308621
vt 0.834948 0.301118
vt 0.846396 0.301491
vt 0.044580 0.311116
vt 0.653736 0.301068
vt 0.954457 0.306921
vt 0.455225 0.307510
vt 0.321027 0.302261
vt 0.665056 0.300938
vt 0.035058 0.311393
vt 0.035100 0.311403
vt 0.859419 0.301834
vt 0.100304 0.307764
vt 0.112812 0.306821
vt 0.179959 0.302380
vt 0.035351 0.311406
vt 0.036551 0.311404
vt 0.088406 0.308662
vt 0.464737 0.307709
vt 0.465023 0.307703
vt 0.727828 0.298868
vt 0.739176 0.298830
vt 0.749620 0.298791
vt 0.714477 0.298989
vt 0.760083 0.298755
vt 0.700703 0.299227
vt 0.771479 0.298735
vt 0.687967 0.299404
vt 0.784890 0.298766
vt 0.676081 0.299551
vt 0.798809 0.298921
vt 0.665036 0.299646
vt 0.811732 0.299203
vt 0.653672 0.299724
vt 0.823787 0.299484
vt 0.640842 0.299801
vt 0.834970 0.299779
vt 0.627632 0.299876
vt 0.846468 0.300101
vt 0.614958 0.300019
vt 0.859462 0.300488
vt 0.602582 0.300178
vt 0.872804 0.300865
vt 0.590451 0.300339
vt 0.885496 0.301295
vt 0.578647 0.300603
vt 0.897893 0.301720
vt 0.567297 0.301048
vt 0.910059 0.302127
vt 0.556479 0.301544
vt 0.921802 0.302665
vt 0.546301 0.302282
vt 0.933263 0.303463
vt 0.465137 0.307675
vt 0.464961 0.306200
vt 0.465071 0.306202
vt 0.944287 0.304390
vt 0.464679 0.306175
vt 0.463133 0.307736
vt 0.463099 0.306146
vt 0.954543 0.305609
vt 0.444903 0.305821
vt 0.455247 0.306078
vt 0.962755 0.308077
vt 0.962826 0.306622
vt 0.963823 0.306835
vt 0.963767 0.308209
vt 0.433997 0.305509
vt 0.035115 0.310151
vt 0.035357 0.310116
vt 0.422893 0.305098
vt 0.044541 0.309690
vt 0.054801 0.309231
vt 0.411660 0.304494
vt 0.065629 0.308711
vt 0.399992 0.303811
vt 0.076846 0.308105
vt 0.387630 0.303132
vt 0.088353 0.307282
vt 0.374729 0.302505
vt 0.100242 0.306346
vt 0.361140 0.301986
vt 0.112746 0.305366
vt 0.347371 0.301564
vt 0.125740 0.304406
vt 0.334001 0.301180
vt 0.139423 0.303554
vt 0.321034 0.300879
vt 0.153296 0.302660
vt 0.308643 0.300606
vt 0.166763 0.301772
vt 0.296569 0.300379
vt 0.179930 0.301024
vt 0.284378 0.300189
vt 0.192435 0.300414
vt 0.272401 0.300002
vt 0.204668 0.299906
vt 0.261309 0.299788
vt 0.216926 0.299555
vt 0.250588 0.299581
vt 0.228800 0.299420
vt 0.239858 0.299449
vt 0.727757 0.297444
vt 0.739143 0.297389
vt 0.739132 0.282857
vt 0.749553 0.282784
vt 0.749556 0.283229
vt 0.739133 0.283301
vt 0.714460 0.297568
vt 0.760002 0.282640
vt 0.760005 0.283086
vt 0.700734 0.297815
vt 0.771468 0.282458
vt 0.771470 0.282908
vt 0.687990 0.297990
vt 0.784936 0.282399
vt 0.784935 0.282854
vt 0.676103 0.298129
vt 0.798925 0.282507
vt 0.798922 0.282963
vt 0.664995 0.284199
vt 0.675973 0.284110
vt 0.665016 0.298223
vt 0.811953 0.282755
vt 0.811946 0.283207
vt 0.653609 0.298301
vt 0.653622 0.284076
vt 0.824039 0.283135
vt 0.824031 0.283580
vt 0.640773 0.284086
vt 0.640816 0.298374
vt 0.835229 0.283512
vt 0.835222 0.283953
vt 0.627548 0.284217
vt 0.627640 0.298442
vt 0.846807 0.283646
vt 0.846799 0.284089
vt 0.614958 0.298566
vt 0.859857 0.284066
vt 0.859846 0.284508
vt 0.602578 0.298711
vt 0.873164 0.284710
vt 0.873154 0.285149
vt 0.590437 0.298872
vt 0.885817 0.285106
vt 0.885810 0.285546
vt 0.578631 0.299139
vt 0.898227 0.285396
vt 0.898218 0.285837
vt 0.567266 0.299564
vt 0.910432 0.285927
vt 0.910422 0.286373
vt 0.556439 0.300080
vt 0.922202 0.286375
vt 0.922194 0.286821
vt 0.546236 0.300791
vt 0.933821 0.286708
vt 0.933807 0.287156
vt 0.536899 0.287649
vt 0.538209 0.301295
vt 0.536709 0.301646
vt 0.535427 0.287934
vt 0.945196 0.287826
vt 0.945168 0.288275
vt 0.463064 0.304625
vt 0.464798 0.304683
vt 0.955943 0.289373
vt 0.955904 0.289807
vt 0.444937 0.304287
vt 0.455272 0.304525
vt 0.966001 0.292205
vt 0.964710 0.291871
vt 0.964832 0.291271
vt 0.966015 0.291601
vt 0.434234 0.289571
vt 0.445113 0.289783
vt 0.434026 0.304036
vt 0.034032 0.295501
vt 0.033732 0.295487
vt 0.033766 0.294989
vt 0.034053 0.294927
vt 0.423311 0.289177
vt 0.422914 0.303678
vt 0.043901 0.293735
vt 0.054370 0.293229
vt 0.054382 0.293662
vt 0.043919 0.294164
vt 0.411699 0.303011
vt 0.065079 0.292671
vt 0.065095 0.293106
vt 0.400040 0.302252
vt 0.076175 0.291830
vt 0.076195 0.292269
vt 0.388077 0.286579
vt 0.400570 0.287354
vt 0.387674 0.301573
vt 0.087633 0.290855
vt 0.087653 0.291298
vt 0.374754 0.300963
vt 0.099512 0.289734
vt 0.099532 0.290180
vt 0.361172 0.300462
vt 0.112029 0.288624
vt 0.112049 0.289070
vt 0.347394 0.300079
vt 0.125169 0.287565
vt 0.125185 0.288014
vt 0.334008 0.299674
vt 0.138964 0.286852
vt 0.138976 0.287306
vt 0.321040 0.299380
vt 0.152809 0.286110
vt 0.152823 0.286565
vt 0.308656 0.299118
vt 0.308749 0.284367
vt 0.321112 0.284584
vt 0.166271 0.285173
vt 0.166286 0.285631
vt 0.296596 0.298875
vt 0.296730 0.284170
vt 0.179485 0.284350
vt 0.179499 0.284813
vt 0.284556 0.283983
vt 0.284398 0.298672
vt 0.192049 0.283613
vt 0.192060 0.284080
vt 0.272621 0.283723
vt 0.272418 0.298460
vt 0.204350 0.283049
vt 0.204359 0.283519
vt 0.261513 0.283397
vt 0.261314 0.298230
vt 0.216703 0.282622
vt 0.216709 0.283092
vt 0.250730 0.283092
vt 0.250592 0.298025
vt 0.228704 0.282414
vt 0.228706 0.282882
vt 0.239861 0.297906
vt 0.239901 0.282449
vt 0.239899 0.282915
vt 0.727751 0.282461
vt 0.739131 0.282433
vt 0.727752 0.282885
vt 0.749551 0.282359
vt 0.714435 0.282527
vt 0.714437 0.282950
vt 0.759999 0.282214
vt 0.700572 0.282599
vt 0.700577 0.283023
vt 0.771466 0.282028
vt 0.687766 0.282975
vt 0.687774 0.283395
vt 0.784937 0.281966
vt 0.675962 0.283257
vt 0.675968 0.283673
vt 0.798931 0.282075
vt 0.664992 0.283347
vt 0.664995 0.283763
vt 0.811964 0.282325
vt 0.653619 0.283215
vt 0.653622 0.283636
vt 0.824056 0.282710
vt 0.640766 0.283217
vt 0.640772 0.283643
vt 0.835246 0.283093
vt 0.627540 0.283346
vt 0.627546 0.283772
vt 0.846825 0.283225
vt 0.614859 0.283367
vt 0.614865 0.283795
vt 0.859879 0.283643
vt 0.602476 0.283457
vt 0.602482 0.283886
vt 0.873185 0.284289
vt 0.590313 0.283585
vt 0.590318 0.284014
vt 0.885834 0.284687
vt 0.578463 0.283635
vt 0.578466 0.284066
vt 0.898243 0.284975
vt 0.566939 0.283748
vt 0.566949 0.284192
vt 0.910446 0.285505
vt 0.555896 0.284492
vt 0.555911 0.284923
vt 0.922211 0.285951
vt 0.545355 0.285337
vt 0.545381 0.285778
vt 0.933834 0.286278
vt 0.465692 0.290093
vt 0.465825 0.289643
vt 0.465928 0.289711
vt 0.465813 0.290125
vt 0.945221 0.287402
vt 0.465504 0.289462
vt 0.465386 0.290045
vt 0.955982 0.288947
vt 0.445127 0.288905
vt 0.455568 0.289174
vt 0.455559 0.289600
vt 0.445119 0.289333
vt 0.964898 0.290586
vt 0.966265 0.291102
vt 0.434254 0.288690
vt 0.434242 0.289120
vt 0.033630 0.294576
vt 0.033934 0.294381
vt 0.423344 0.288290
vt 0.423325 0.288723
vt 0.043884 0.293325
vt 0.054354 0.292818
vt 0.412303 0.287427
vt 0.412281 0.287865
vt 0.065054 0.292257
vt 0.400605 0.286446
vt 0.400587 0.286889
vt 0.076147 0.291411
vt 0.388101 0.285667
vt 0.388090 0.286113
vt 0.087611 0.290433
vt 0.375018 0.285050
vt 0.375014 0.285497
vt 0.099494 0.289310
vt 0.361348 0.284621
vt 0.361352 0.285067
vt 0.112010 0.288197
vt 0.347550 0.284344
vt 0.347557 0.284788
vt 0.125152 0.287136
vt 0.334125 0.283962
vt 0.334135 0.284405
vt 0.138951 0.286420
vt 0.321102 0.283677
vt 0.321115 0.284120
vt 0.152798 0.285676
vt 0.308741 0.283465
vt 0.308751 0.283905
vt 0.166261 0.284734
vt 0.296730 0.283274
vt 0.296733 0.283711
vt 0.179477 0.283907
vt 0.284565 0.283093
vt 0.284560 0.283528
vt 0.192043 0.283167
vt 0.272638 0.282834
vt 0.272628 0.283267
vt 0.204345 0.282601
vt 0.261533 0.282503
vt 0.261521 0.282939
vt 0.216697 0.282174
vt 0.250745 0.282190
vt 0.250736 0.282630
vt 0.228700 0.281966
vt 0.239904 0.282004
vt 0.727753 0.283328
vt 0.749614 0.297343
vt 0.714439 0.283393
vt 0.760104 0.297303
vt 0.700581 0.283473
vt 0.771545 0.297284
vt 0.687781 0.283835
vt 0.784916 0.297315
vt 0.798788 0.297469
vt 0.811717 0.297738
vt 0.823775 0.298007
vt 0.834998 0.298305
vt 0.846545 0.298629
vt 0.614867 0.284243
vt 0.859512 0.299016
vt 0.602485 0.284334
vt 0.872819 0.299400
vt 0.590320 0.284464
vt 0.885517 0.299828
vt 0.578468 0.284523
vt 0.897919 0.300232
vt 0.566958 0.284653
vt 0.910094 0.300664
vt 0.555929 0.285377
vt 0.921840 0.301200
vt 0.545406 0.286227
vt 0.933317 0.301959
vt 0.465733 0.290615
vt 0.465845 0.290614
vt 0.944349 0.302945
vt 0.465425 0.290652
vt 0.463583 0.290553
vt 0.463627 0.289888
vt 0.954645 0.304121
vt 0.455550 0.290048
vt 0.962955 0.305130
vt 0.964275 0.305516
vt 0.036339 0.295120
vt 0.037258 0.308754
vt 0.036548 0.308703
vt 0.035554 0.295304
vt 0.054753 0.307746
vt 0.044496 0.308146
vt 0.412261 0.288324
vt 0.065589 0.307268
vt 0.076810 0.306602
vt 0.088293 0.305779
vt 0.375006 0.285966
vt 0.100172 0.304801
vt 0.361348 0.285533
vt 0.112675 0.303784
vt 0.347553 0.285253
vt 0.125688 0.302792
vt 0.334131 0.284869
vt 0.139367 0.302017
vt 0.153245 0.301194
vt 0.166725 0.300290
vt 0.179898 0.299548
vt 0.192406 0.298915
vt 0.204637 0.298415
vt 0.216912 0.298046
vt 0.228794 0.297885
vt 0.465098 0.304718
vt 0.465202 0.304735
vt 0.033682 0.295489
vt 0.034915 0.308877
vt 0.034873 0.308889
vt 0.035187 0.308823
vt 0.514387 0.671084
vt 0.516025 0.671154
vt 0.516025 0.671154
vt 0.537676 0.327466
vt 0.536445 0.326693
vt 0.536481 0.320977
vt 0.465510 0.343712
vt 0.465604 0.343718
vt 0.485646 0.656605
vt 0.483554 0.641042
vt 0.483639 0.641020
vt 0.485732 0.656582
vt 0.481679 0.624894
vt 0.476027 0.576720
vt 0.476115 0.576705
vt 0.524315 0.607926
vt 0.474491 0.560510
vt 0.473040 0.544288
vt 0.474581 0.560493
vt 0.531449 0.510655
vt 0.533200 0.510363
vt 0.531112 0.525942
vt 0.530189 0.527134
vt 0.534577 0.476776
vt 0.533985 0.493443
vt 0.532419 0.494233
vt 0.533389 0.477812
vt 0.467332 0.444998
vt 0.533763 0.461225
vt 0.534001 0.461215
vt 0.533150 0.477821
vt 0.466884 0.428360
vt 0.536174 0.377601
vt 0.537652 0.377500
vt 0.537652 0.377500
vt 0.537382 0.394427
vt 0.537112 0.411353
vt 0.535477 0.411456
vt 0.535749 0.394534
vt 0.538448 0.360054
vt 0.538638 0.377432
vt 0.506780 0.741133
vt 0.510397 0.699873
vt 0.512062 0.700193
vt 0.510135 0.712278
vt 0.508654 0.711787
vt 0.510135 0.712278
vt 0.753548 0.132053
vt 0.753449 0.132021
vt 0.750088 0.094371
vt 0.749944 0.094383
vt 0.749115 0.121323
vt 0.747392 0.108104
vt 0.749737 0.072908
vt 0.749566 0.072908
vt 0.756632 0.158998
vt 0.752305 0.145376
vt 0.752610 0.152336
vt 0.757742 0.161888
vt 0.756072 0.162277
vt 0.503081 0.741633
vt 0.503618 0.741744
vt 0.498296 0.746178
vt 0.498399 0.746152
vt 0.497569 0.740960
vt 0.497493 0.740988
vt 0.745467 0.082493
vt 0.745379 0.083519
vt 0.745365 0.070878
vt 0.745430 0.071911
vt 0.749190 0.069642
vt 0.749349 0.069642
vt 0.747452 0.059398
vt 0.465436 0.324059
vt 0.465511 0.324066
vt 0.465459 0.323868
vt 0.465554 0.323873
vt 0.536223 0.319358
vt 0.536838 0.303098
vt 0.537134 0.303014
vt 0.535183 0.286787
vt 0.535435 0.287313
vt 0.535119 0.287440
vt 0.534906 0.287068
vt 0.536801 0.287013
vt 0.536429 0.301751
vt 0.509961 0.699789
vt 0.511959 0.685427
vt 0.514219 0.671077
vt 0.522583 0.624051
vt 0.523828 0.591909
vt 0.525625 0.575927
vt 0.525873 0.575929
vt 0.524078 0.591913
vt 0.527155 0.559770
vt 0.528684 0.543612
vt 0.528929 0.543612
vt 0.527401 0.559771
vt 0.529946 0.527135
vt 0.535650 0.461143
vt 0.534614 0.444617
vt 0.535046 0.428036
vt 0.505173 0.734331
vt 0.504984 0.734231
vt 0.506571 0.723527
vt 0.506778 0.723632
vt 0.753712 0.138238
vt 0.745721 0.094669
vt 0.535117 0.287933
vt 0.536212 0.326703
vt 0.536249 0.320992
vt 0.503250 0.741114
vt 0.502784 0.741644
vt 0.531208 0.510658
vt 0.532179 0.494239
vt 0.505295 0.740894
vt 0.504759 0.744295
vt 0.504029 0.742528
vt 0.535241 0.411470
vt 0.535514 0.394549
vt 0.745523 0.072912
vt 0.538302 0.304348
vt 0.538346 0.305393
vt 0.539358 0.320220
vt 0.539410 0.319905
vt 0.538250 0.287254
vt 0.539480 0.301273
vt 0.513958 0.671065
vt 0.539232 0.321109
vt 0.524290 0.591912
vt 0.535786 0.476340
vt 0.535786 0.377628
vt 0.536022 0.377612
vt 0.538327 0.394573
vt 0.504403 0.739460
vt 0.508266 0.711658
vt 0.508502 0.711737
vt 0.755201 0.159271
vt 0.755032 0.145441
vt 0.753551 0.145415
vt 0.752292 0.138097
vt 0.745738 0.059398
vt 0.538293 0.302837
vt 0.536739 0.286300
vt 0.516042 0.655553
vt 0.534377 0.444629
vt 0.465137 0.329392
vt 0.534809 0.428049
vt 0.482488 0.656828
vt 0.480415 0.641306
vt 0.478971 0.625390
vt 0.477829 0.608676
vt 0.479415 0.608672
vt 0.475605 0.591308
vt 0.475879 0.576425
vt 0.469820 0.543783
vt 0.469423 0.527533
vt 0.467668 0.511048
vt 0.468125 0.478293
vt 0.467480 0.461623
vt 0.477753 0.423690
vt 0.479234 0.444513
vt 0.475389 0.423646
vt 0.473684 0.423640
vt 0.471028 0.404493
vt 0.465772 0.394736
vt 0.465488 0.377752
vt 0.462497 0.357116
vt 0.497141 0.740460
vt 0.494075 0.735534
vt 0.493064 0.712921
vt 0.387105 0.135467
vt 0.387451 0.129922
vt 0.387734 0.129907
vt 0.392567 0.084161
vt 0.392431 0.083415
vt 0.392249 0.081974
vt 0.504224 0.739363
vt 0.388304 0.121275
vt 0.390490 0.108744
vt 0.395871 0.095354
vt 0.394490 0.109104
vt 0.385923 0.148804
vt 0.387003 0.142378
vt 0.522031 0.607891
vt 0.383653 0.159214
vt 0.383274 0.159134
vt 0.383579 0.158312
vt 0.491096 0.741839
vt 0.490921 0.741028
vt 0.535944 0.360651
vt 0.388259 0.157729
vt 0.489895 0.736985
vt 0.396745 0.085129
vt 0.395975 0.060158
vt 0.396271 0.059940
vt 0.461861 0.324005
vt 0.463619 0.289223
vt 0.522302 0.592080
vt 0.520605 0.574954
vt 0.522601 0.574983
vt 0.521880 0.556952
vt 0.525446 0.539994
vt 0.527165 0.540427
vt 0.523906 0.557216
vt 0.529474 0.525328
vt 0.384339 0.156487
vt 0.505294 0.734396
vt 0.506911 0.723701
vt 0.745275 0.084914
vt 0.754120 0.160141
vt 0.754566 0.161827
vt 0.506808 0.741602
vt 0.745316 0.083905
vt 0.745290 0.069644
vt 0.744661 0.059608
vt 0.514710 0.685666
vt 0.392585 0.060181
vt 0.392586 0.059966
vt 0.513218 0.699272
vt 0.511712 0.711500
vt 0.754705 0.162639
vt 0.520624 0.640051
vt 0.753452 0.157128
vt 0.505785 0.745255
vt 0.539583 0.304213
vt 0.539631 0.305142
vt 0.539388 0.319146
vt 0.532897 0.476454
vt 0.533817 0.460958
vt 0.392153 0.071584
vt 0.753964 0.159503
vt 0.744384 0.059398
vt 0.539519 0.302794
vt 0.538173 0.286345
vt 0.538194 0.286792
vt 0.391962 0.070344
vt 0.465839 0.330961
vt 0.465959 0.342638
vt 0.463872 0.330869
vt 0.465265 0.324516
vt 0.471002 0.480502
vt 0.468458 0.495603
vt 0.473617 0.462592
vt 0.474806 0.443989
vt 0.467393 0.370458
vt 0.470685 0.386344
vt 0.494085 0.741865
vt 0.488670 0.700243
vt 0.495417 0.711383
vt 0.496132 0.723715
vt 0.396596 0.083371
vt 0.396673 0.084117
vt 0.389514 0.154266
vt 0.388531 0.156955
vt 0.396182 0.072580
vt 0.396167 0.071543
vt 0.396123 0.070305
vt 0.461739 0.308536
vt 0.461803 0.307608
vt 0.461783 0.306204
vt 0.461729 0.304720
vt 0.518127 0.640041
vt 0.481541 0.608680
vt 0.482325 0.625425
vt 0.479346 0.591193
vt 0.472768 0.527318
vt 0.473317 0.543911
vt 0.520079 0.623966
vt 0.475079 0.404227
vt 0.477663 0.423608
vt 0.536102 0.343675
vt 0.495530 0.747655
vt 0.462202 0.289959
vt 0.462190 0.289531
vt 0.462176 0.290418
vt 0.374789 0.128334
vt 0.374393 0.128273
vt 0.375079 0.135598
vt 0.375415 0.135559
vt 0.374023 0.119058
vt 0.372584 0.118985
vt 0.372897 0.128343
vt 0.373461 0.108768
vt 0.373226 0.108405
vt 0.374322 0.119066
vt 0.002676 0.151944
vt 0.003338 0.149413
vt 0.376360 0.155829
vt 0.989697 0.699624
vt 0.988916 0.699344
vt 0.987052 0.685285
vt 0.987759 0.685396
vt 0.035070 0.329857
vt 0.035018 0.343712
vt 0.034973 0.343711
vt 0.035028 0.329856
vt 0.035051 0.327219
vt 0.985739 0.671024
vt 0.983637 0.655626
vt 0.016937 0.641031
vt 0.018898 0.624905
vt 0.020857 0.608779
vt 0.022697 0.592754
vt 0.022661 0.592745
vt 0.973740 0.559771
vt 0.973978 0.559770
vt 0.027536 0.544295
vt 0.028803 0.527765
vt 0.030069 0.511235
vt 0.031043 0.494765
vt 0.966478 0.460839
vt 0.033253 0.444998
vt 0.965661 0.411460
vt 0.965889 0.411474
vt 0.965738 0.412098
vt 0.965016 0.395441
vt 0.034665 0.377778
vt 0.034822 0.360745
vt 0.002980 0.739202
vt 0.002951 0.739202
vt 0.994352 0.723602
vt 0.994552 0.723500
vt 0.992538 0.723260
vt 0.990682 0.711784
vt 0.995777 0.745944
vt 0.995601 0.745122
vt 0.002192 0.156930
vt 0.378610 0.157341
vt 0.377939 0.157705
vt 0.378696 0.157477
vt 0.002857 0.739828
vt 0.002710 0.154247
vt 0.369217 0.084982
vt 0.371478 0.096622
vt 0.371927 0.096563
vt 0.369659 0.084982
vt 0.369294 0.081968
vt 0.367958 0.081968
vt 0.367852 0.082768
vt 0.367267 0.071324
vt 0.012132 0.059727
vt 0.012062 0.061032
vt 0.012064 0.059395
vt 0.367783 0.073223
vt 0.366981 0.081968
vt 0.011956 0.070682
vt 0.035008 0.326765
vt 0.035049 0.326931
vt 0.963976 0.309062
vt 0.964259 0.308991
vt 0.964923 0.322847
vt 0.964025 0.308155
vt 0.035073 0.310157
vt 0.033714 0.295003
vt 0.033584 0.294607
vt 0.966304 0.292221
vt 0.964542 0.305633
vt 0.368998 0.073223
vt 0.369234 0.073223
vt 0.369293 0.072206
vt 0.369082 0.072206
vt 0.366877 0.082768
vt 0.366753 0.083404
vt 0.374302 0.143145
vt 0.373278 0.143345
vt 0.374397 0.151494
vt 0.985021 0.670928
vt 0.965029 0.343679
vt 0.964801 0.343665
vt 0.962425 0.324639
vt 0.976726 0.607760
vt 0.977574 0.607849
vt 0.975747 0.591783
vt 0.974000 0.575767
vt 0.969853 0.526777
vt 0.969178 0.526378
vt 0.968122 0.509771
vt 0.968953 0.494241
vt 0.967981 0.477822
vt 0.966368 0.444198
vt 0.966659 0.443706
vt 0.965554 0.426881
vt 0.965620 0.427479
vt 0.965617 0.394553
vt 0.995708 0.741006
vt 0.994770 0.734493
vt 0.378462 0.156884
vt 0.378319 0.156918
vt 0.997132 0.740962
vt 0.997582 0.744006
vt 0.376269 0.155567
vt 0.376951 0.155492
vt 0.368389 0.059727
vt 0.369893 0.059395
vt 0.369645 0.059395
vt 0.368114 0.071324
vt 0.964937 0.323601
vt 0.964898 0.323762
vt 0.964106 0.306930
vt 0.966316 0.291742
vt 0.966524 0.291388
vt 0.373419 0.135705
vt 0.371752 0.108489
vt 0.965470 0.411831
vt 0.993907 0.734550
vt 0.997779 0.744746
vt 0.997560 0.744896
vt 0.366854 0.084982
vt 0.367727 0.083404
vt 0.367829 0.084982
vt 0.369569 0.081968
vt 0.962706 0.309097
vt 0.006475 0.121121
vt 0.010957 0.083404
vt 0.013358 0.081968
vt 0.013361 0.082768
vt 0.004856 0.149749
vt 0.013199 0.097133
vt 0.011944 0.097022
vt 0.009323 0.108537
vt 0.007330 0.134454
vt 0.013015 0.672106
vt 0.010907 0.700922
vt 0.037711 0.326923
vt 0.034960 0.329938
vt 0.015118 0.656606
vt 0.023623 0.608493
vt 0.021696 0.624775
vt 0.020868 0.624827
vt 0.018898 0.640970
vt 0.027905 0.560044
vt 0.031303 0.526759
vt 0.033480 0.477221
vt 0.034068 0.476712
vt 0.033199 0.493383
vt 0.032565 0.493839
vt 0.034151 0.443608
vt 0.034249 0.461075
vt 0.033532 0.427583
vt 0.011823 0.700902
vt 0.009994 0.713558
vt 0.009137 0.713338
vt 0.008361 0.725463
vt 0.004311 0.746757
vt 0.004275 0.746883
vt 0.003663 0.746604
vt 0.003689 0.746466
vt 0.004842 0.157666
vt 0.004056 0.157481
vt 0.003786 0.745851
vt 0.012181 0.071324
vt 0.014564 0.061032
vt 0.014606 0.059727
vt 0.013825 0.059727
vt 0.013834 0.059395
vt 0.013848 0.061032
vt 0.037723 0.326736
vt 0.037704 0.326028
vt 0.036532 0.310050
vt 0.035475 0.294703
vt 0.035485 0.294092
vt 0.370081 0.096622
vt 0.368127 0.072206
vt 0.375518 0.153229
vt 0.967117 0.493109
vt 0.966428 0.476268
vt 0.964356 0.377782
vt 0.368406 0.059395
vt 0.962293 0.322528
vt 0.961778 0.307936
vt 0.961914 0.306536
vt 0.963772 0.291033
vt 0.963697 0.291482
vt 0.963797 0.290590
vt 0.962006 0.305032
vt 0.371569 0.118937
vt 0.371945 0.128463
vt 0.377048 0.155757
vt 0.982891 0.655637
vt 0.966182 0.460394
vt 0.991451 0.711814
vt 0.993262 0.723493
vt 0.997590 0.745032
vt 0.996536 0.745658
vt 0.996513 0.745516
vt 0.377306 0.157993
vt 0.974867 0.591612
vt 0.973160 0.575558
vt 0.372229 0.135792
vt 0.961737 0.308878
vt 0.008048 0.120162
vt 0.005252 0.154743
vt 0.005642 0.152215
vt 0.005959 0.142486
vt 0.016789 0.656701
vt 0.027173 0.576133
vt 0.025428 0.592256
vt 0.029280 0.543814
vt 0.032378 0.510037
vt 0.034790 0.426693
vt 0.036558 0.375221
vt 0.036722 0.392972
vt 0.036365 0.357494
vt 0.005024 0.741331
vt 0.005228 0.155042
vt 0.037356 0.312130
vt 0.037247 0.311331
vt 0.034899 0.460787
vt 0.004305 0.746183
vt 0.014612 0.059395
vt 0.037220 0.310079
vt 0.036284 0.294678
vt 0.036296 0.294266
vt 0.010093 0.751180
vt 0.957588 0.831361
vt 0.002192 0.745894
vt 0.995799 0.746084
vt 0.997808 0.744877
vt 0.066911 0.776822
vt 0.067808 0.792209
vt 0.431315 0.029102
vt 0.447766 0.029102
vt 0.463468 0.029102
vt 0.472523 0.029102
vt 0.010849 0.029105
vt 0.478708 0.029102
vt 0.017503 0.029097
vt 0.025006 0.029102
vt 0.037026 0.029102
vt 0.049082 0.029102
vt 0.061507 0.029102
vt 0.073726 0.029102
vt 0.085589 0.029102
vt 0.096736 0.029102
vt 0.107550 0.029102
vt 0.118358 0.029102
vt 0.129493 0.029102
vt 0.141336 0.029102
vt 0.153550 0.029102
vt 0.166019 0.029102
vt 0.178130 0.029102
vt 0.189727 0.029102
vt 0.196202 0.029102
vt 0.202631 0.029102
vt 0.209456 0.029102
vt 0.216661 0.029102
vt 0.232127 0.029102
vt 0.248491 0.029102
vt 0.264989 0.029102
vt 0.280744 0.029102
vt 0.295081 0.029102
vt 0.307371 0.029102
vt 0.318563 0.029102
vt 0.329291 0.029102
vt 0.339636 0.029102
vt 0.349954 0.029102
vt 0.360681 0.029102
vt 0.371927 0.029102
vt 0.384319 0.029102
vt 0.398811 0.029102
vt 0.414726 0.029102
vt 0.431315 0.029780
vt 0.447766 0.029780
vt 0.463468 0.029780
vt 0.472523 0.029780
vt 0.010849 0.029783
vt 0.478708 0.029780
vt 0.017503 0.029775
vt 0.025006 0.029780
vt 0.037026 0.029780
vt 0.049082 0.029780
vt 0.061507 0.029780
vt 0.073726 0.029780
vt 0.085589 0.029780
vt 0.096736 0.029780
vt 0.107550 0.029780
vt 0.118358 0.029780
vt 0.129493 0.029780
vt 0.141336 0.029780
vt 0.153550 0.029780
vt 0.166019 0.029780
vt 0.178130 0.029780
vt 0.189727 0.029780
vt 0.196202 0.029780
vt 0.202631 0.029780
vt 0.209456 0.029780
vt 0.216661 0.029780
vt 0.232127 0.029780
vt 0.248491 0.029780
vt 0.264989 0.029780
vt 0.280744 0.029780
vt 0.295081 0.029780
vt 0.307371 0.029780
vt 0.318563 0.029780
vt 0.329291 0.029780
vt 0.339636 0.029780
vt 0.349954 0.029780
vt 0.360681 0.029780
vt 0.371927 0.029780
vt 0.384319 0.029780
vt 0.398811 0.029780
vt 0.414726 0.029780
vt 0.431315 0.027500
vt 0.447766 0.027500
vt 0.463468 0.027500
vt 0.472523 0.027500
vt 0.010849 0.027504
vt 0.478708 0.027500
vt 0.017503 0.027495
vt 0.025006 0.027500
vt 0.037026 0.027500
vt 0.049082 0.027500
vt 0.061507 0.027500
vt 0.073726 0.027500
vt 0.085589 0.027500
vt 0.096736 0.027500
vt 0.107550 0.027500
vt 0.118358 0.027500
vt 0.129493 0.027500
vt 0.141336 0.027500
vt 0.153550 0.027500
vt 0.166019 0.027500
vt 0.178130 0.027500
vt 0.189727 0.027500
vt 0.196202 0.027500
vt 0.202631 0.027500
vt 0.209456 0.027500
vt 0.216661 0.027500
vt 0.232127 0.027500
vt 0.248491 0.027500
vt 0.264989 0.027500
vt 0.280744 0.027500
vt 0.295081 0.027500
vt 0.307371 0.027500
vt 0.318563 0.027500
vt 0.329291 0.027500
vt 0.339636 0.027500
vt 0.349954 0.027500
vt 0.360681 0.027500
vt 0.371927 0.027500
vt 0.384319 0.027500
vt 0.398811 0.027500
vt 0.414726 0.027500
vt 0.431315 0.026987
vt 0.447766 0.026987
vt 0.463468 0.026987
vt 0.472523 0.026987
vt 0.010849 0.026991
vt 0.478708 0.026987
vt 0.017503 0.026982
vt 0.025006 0.026987
vt 0.037026 0.026987
vt 0.049082 0.026987
vt 0.061507 0.026987
vt 0.073726 0.026987
vt 0.085589 0.026987
vt 0.096736 0.026987
vt 0.107550 0.026987
vt 0.118358 0.026987
vt 0.129493 0.026987
vt 0.141336 0.026987
vt 0.153550 0.026987
vt 0.166019 0.026987
vt 0.178130 0.026987
vt 0.189727 0.026987
vt 0.196202 0.026987
vt 0.202631 0.026987
vt 0.209456 0.026987
vt 0.216661 0.026987
vt 0.232127 0.026987
vt 0.248491 0.026987
vt 0.264989 0.026987
vt 0.280744 0.026987
vt 0.295081 0.026987
vt 0.307371 0.026987
vt 0.318563 0.026987
vt 0.329291 0.026987
vt 0.339636 0.026987
vt 0.349954 0.026987
vt 0.360681 0.026987
vt 0.371927 0.026987
vt 0.384319 0.026987
vt 0.398811 0.026987
vt 0.414726 0.026987
vt 0.737357 0.083409
vt 0.414520 0.083796
vt 0.404314 0.084095
vt 0.407915 0.071238
vt 0.405647 0.070068
vt 0.403639 0.073448
vn 0.978323 -0.053205 0.200132
vn 0.978323 -0.053205 0.200133
vn 0.978323 -0.053205 0.200132
vn 0.999341 -0.030984 -0.018904
vn 0.987978 0.006605 -0.154453
vn 0.987978 0.006605 -0.154453
vn 0.987978 0.006605 -0.154453
vn 0.989135 0.015561 -0.146186
vn 0.990279 -0.111208 -0.083548
vn 0.990279 -0.111208 -0.083548
vn 0.993073 -0.091495 0.073715
vn 0.957549 -0.107715 0.267390
vn 0.962359 -0.116124 0.245726
vn 0.962359 -0.116124 0.245726
vn 0.962359 -0.116124 0.245726
vn 0.963779 -0.106538 0.244500
vn 0.956939 -0.080638 0.278864
vn 0.951999 -0.102497 0.288431
vn 0.965996 -0.077881 0.246550
vn 0.965996 -0.077881 0.246550
vn 0.965996 -0.077881 0.246550
vn 0.977546 -0.045281 0.205802
vn 0.984656 -0.053341 0.166153
vn 0.961254 -0.145631 0.234057
vn 0.961254 -0.145631 0.234057
vn 0.976063 -0.089221 0.198345
vn 0.968912 -0.121111 0.215736
vn 0.978263 -0.092413 0.185638
vn 0.978263 -0.092413 0.185638
vn 0.978263 -0.092413 0.185638
vn 0.976151 -0.107289 0.188727
vn 0.969088 -0.164203 0.184137
vn 0.985132 -0.166984 0.040382
vn 0.986128 -0.160915 0.040716
vn 0.858591 0.030440 -0.511756
vn 0.858591 0.030440 -0.511756
vn 0.858591 0.030440 -0.511756
vn 0.862273 0.027560 -0.505693
vn 0.970941 -0.159371 0.178534
vn 0.970941 -0.159371 0.178534
vn 0.970941 -0.159371 0.178534
vn 0.973762 -0.148403 0.172522
vn -0.925150 -0.307605 0.222433
vn -0.925150 -0.307605 0.222433
vn -0.925150 -0.307605 0.222433
vn 0.877492 0.374462 -0.299643
vn 0.947378 -0.148795 0.283436
vn 0.947378 -0.148795 0.283436
vn 0.947378 -0.148795 0.283436
vn 0.948561 -0.123968 0.291314
vn -0.976046 0.003376 -0.217540
vn -0.982980 -0.056294 -0.174878
vn -0.976046 0.003376 -0.217540
vn -0.743132 -0.667708 0.043826
vn -0.976046 0.003376 -0.217540
vn -0.982980 -0.056294 -0.174878
vn -0.988432 0.000147 -0.151662
vn -0.988432 0.000147 -0.151662
vn -0.988432 0.000147 -0.151662
vn -0.986629 -0.023895 -0.161223
vn 0.529711 -0.520630 0.669590
vn 0.146154 -0.489572 0.859627
vn 0.146154 -0.489572 0.859627
vn 0.146154 -0.489572 0.859627
vn 0.318134 -0.283803 0.904570
vn -0.148024 -0.456803 0.877166
vn 0.432463 -0.405988 0.805077
vn 0.432463 -0.405988 0.805077
vn 0.432463 -0.405988 0.805077
vn 0.272338 -0.530368 0.802833
vn 0.169733 -0.572030 0.802479
vn 0.529711 -0.520630 0.669590
vn 0.552084 -0.516445 0.654590
vn 0.514286 -0.422996 0.746045
vn 0.737035 -0.348055 0.579343
vn 0.221021 -0.347702 0.911182
vn -0.168625 -0.366984 0.914816
vn -0.168625 -0.366984 0.914816
vn -0.236914 -0.219629 0.946380
vn -0.295987 -0.220627 0.929363
vn -0.373727 -0.289371 0.881245
vn -0.338450 -0.286282 0.896378
vn -0.249057 -0.125412 0.960335
vn -0.249057 -0.125412 0.960335
vn -0.366043 -0.148131 0.918733
vn -0.251103 -0.079901 0.964657
vn -0.325700 -0.069860 0.942889
vn -0.231840 -0.082366 0.969261
vn -0.204563 -0.019886 0.978651
vn -0.480904 -0.084419 0.872700
vn -0.480904 -0.084419 0.872700
vn -0.517071 -0.078579 0.852328
vn -0.480904 -0.084419 0.872700
vn -0.630018 -0.133686 0.764987
vn -0.294592 -0.018909 0.955436
vn 0.840602 0.297232 -0.452815
vn 0.840602 0.297232 -0.452815
vn 0.840602 0.297232 -0.452815
vn 0.821803 0.270614 -0.501405
vn 0.898135 0.260262 -0.354425
vn 0.898135 0.260262 -0.354425
vn 0.869598 0.230640 -0.436583
vn 0.831277 0.102067 -0.546407
vn 0.904387 0.312980 -0.290047
vn 0.904387 0.312980 -0.290047
vn 0.585197 -0.373611 -0.719694
vn 0.585197 -0.373611 -0.719694
vn 0.585197 -0.373611 -0.719694
vn 0.788726 -0.117010 -0.603506
vn 0.796435 0.312310 -0.517836
vn 0.687269 0.223727 -0.691091
vn 0.701910 0.189443 -0.686611
vn 0.737251 0.129836 -0.663026
vn 0.791060 0.204789 -0.576443
vn 0.528411 -0.132330 -0.838612
vn 0.528411 -0.132330 -0.838612
vn 0.614208 -0.054388 -0.787268
vn 0.156781 -0.060125 -0.985802
vn 0.116933 0.113520 -0.986631
vn 0.158991 -0.073117 -0.984569
vn -0.542558 -0.190210 -0.818200
vn -0.570737 -0.272660 -0.774542
vn 0.355434 -0.127776 -0.925927
vn 0.355433 -0.127776 -0.925927
vn 0.434729 -0.079939 -0.897007
vn -0.481980 -0.032535 -0.875578
vn -0.481980 -0.032535 -0.875578
vn -0.250153 0.274749 -0.928405
vn -0.018618 -0.121057 -0.992471
vn -0.804220 -0.088782 -0.587663
vn -0.784937 -0.092369 -0.612652
vn 0.030924 -0.164168 -0.985948
vn 0.030924 -0.164168 -0.985948
vn 0.527314 -0.036627 -0.848881
vn -0.437526 -0.159805 -0.884892
vn 0.019457 -0.175208 -0.984339
vn -0.649496 -0.145082 -0.746395
vn -0.403589 0.053628 -0.913367
vn 0.527314 -0.036627 -0.848881
vn -0.065164 -0.133370 0.988922
vn -0.065164 -0.133370 0.988922
vn -0.065164 -0.133370 0.988922
vn -0.070235 -0.078355 0.994448
vn 0.032777 -0.145828 0.988767
vn -0.057070 -0.080727 0.995101
vn -0.355362 -0.000693 0.934728
vn -0.355362 -0.000693 0.934728
vn -0.355362 -0.000693 0.934728
vn -0.367571 -0.095252 0.925105
vn -0.212948 -0.113689 0.970427
vn -0.592169 0.035118 0.805048
vn -0.576444 0.188761 0.795036
vn 0.996789 -0.064055 0.048057
vn 0.996789 -0.064055 0.048057
vn 0.996789 -0.064055 0.048057
vn 0.996490 -0.064692 0.053138
vn 0.978510 -0.188889 -0.082703
vn 0.935504 -0.321961 -0.145508
vn 0.985300 -0.147808 -0.085655
vn 0.983821 -0.171742 0.050994
vn 0.962650 -0.141203 0.231014
vn 0.987137 -0.130636 0.092165
vn -0.914785 0.157119 -0.372133
vn -0.914785 0.157119 -0.372133
vn -0.914785 0.157119 -0.372133
vn -0.905126 0.135757 -0.402885
vn -0.921044 0.173093 -0.348879
vn -0.879940 0.185413 -0.437410
vn -0.905126 0.135757 -0.402885
vn -0.880916 0.093927 -0.463858
vn -0.775336 0.187436 -0.603093
vn -0.830782 0.197246 -0.520476
vn -0.723391 0.128308 -0.678411
vn -0.657945 0.146103 -0.738757
vn -0.044169 -0.105392 0.993449
vn -0.044169 -0.105392 0.993449
vn -0.044169 -0.105392 0.993449
vn 0.400024 -0.003808 0.916497
vn -0.081655 -0.238130 0.967795
vn 0.400024 -0.003808 0.916497
vn 0.400024 -0.003808 0.916497
vn 0.659153 0.190265 0.727541
vn 0.475018 -0.225591 0.850568
vn 0.382831 0.023639 0.923516
vn 0.382831 0.023639 0.923516
vn 0.382831 0.023639 0.923516
vn 0.220374 -0.120549 0.967938
vn 0.024914 0.100981 0.994576
vn -0.223010 -0.022298 -0.974561
vn -0.223010 -0.022298 -0.974561
vn -0.223010 -0.022298 -0.974561
vn -0.237513 0.027317 -0.971000
vn -0.485972 0.048344 -0.872636
vn -0.493338 0.021039 -0.869583
vn -0.493338 0.021039 -0.869583
vn -0.493338 0.021039 -0.869583
vn -0.425738 0.251001 -0.869336
vn -0.438818 0.218664 -0.871565
vn -0.204338 0.160962 -0.965576
vn -0.204338 0.160962 -0.965576
vn 0.408358 -0.200436 -0.890544
vn 0.408358 -0.200436 -0.890544
vn 0.408358 -0.200436 -0.890544
vn 0.433085 -0.136681 -0.890930
vn 0.163353 0.057237 -0.984906
vn -0.007235 -0.257561 -0.966235
vn 0.000795 -0.066705 -0.997773
vn 0.000795 -0.066705 -0.997773
vn 0.000795 -0.066705 -0.997773
vn -0.012363 -0.105531 -0.994339
vn 0.084588 0.100894 -0.991295
vn 0.391164 -0.134578 -0.910428
vn 0.391164 -0.134578 -0.910428
vn -0.224458 -0.112154 0.968008
vn -0.224458 -0.112154 0.968008
vn -0.191360 0.005344 0.981505
vn -0.224458 -0.112154 0.968008
vn -0.255039 -0.172630 0.951396
vn -0.134364 0.183595 0.973776
vn -0.110249 0.222872 0.968594
vn -0.403589 0.053628 -0.913367
vn -0.386146 0.061119 -0.920411
vn -0.385012 0.089139 -0.918597
vn -0.537412 0.064993 -0.840811
vn -0.636607 0.074175 -0.767613
vn -0.473676 0.098779 -0.875142
vn -0.636607 0.074175 -0.767613
vn -0.734500 0.071972 -0.674781
vn -0.734500 0.071972 -0.674781
vn -0.825644 0.188872 -0.531639
vn -0.657945 0.146103 -0.738757
vn -0.840969 0.121501 -0.527266
vn -0.854032 0.088165 -0.512696
vn -0.430018 0.132371 0.893063
vn -0.551073 0.128258 0.824541
vn -0.551073 0.128258 0.824541
vn -0.551073 0.128258 0.824541
vn -0.633354 0.137253 0.761593
vn -0.709174 0.094002 0.698739
vn -0.721778 0.172140 0.670376
vn -0.554643 0.097078 0.826406
vn -0.430018 0.132371 0.893063
vn -0.725134 0.134034 0.675438
vn -0.633354 0.137253 0.761593
vn -0.204563 -0.019886 0.978651
vn -0.781747 0.118097 0.612311
vn -0.855320 0.138941 0.499122
vn 0.831277 0.102067 -0.546407
vn 0.807214 0.097258 -0.582191
vn 0.202979 -0.032074 -0.978658
vn 0.322601 -0.171992 0.930778
vn 0.322601 -0.171992 0.930778
vn 0.322601 -0.171992 0.930778
vn -0.248964 -0.155708 0.955914
vn 0.556689 -0.183808 0.810131
vn 0.556689 -0.183808 0.810131
vn 0.562268 -0.175088 0.808207
vn 0.565336 -0.181911 0.804552
vn 0.343495 -0.124918 0.930810
vn -0.738736 0.211535 0.639939
vn -0.738736 0.211535 0.639939
vn -0.738736 0.211535 0.639939
vn -0.743788 0.243757 0.622385
vn -0.744472 0.205941 0.635098
vn -0.744472 0.205941 0.635098
vn -0.954191 0.287037 -0.084430
vn -0.947286 0.314346 -0.061933
vn -0.723993 0.243750 0.645306
vn -0.948400 0.307565 -0.077083
vn -0.840969 0.121501 -0.527266
vn -0.830090 0.130780 -0.542077
vn -0.830090 0.130780 -0.542077
vn -0.581341 0.089701 -0.808701
vn -0.575089 0.070205 -0.815073
vn -0.816870 0.122893 -0.563578
vn -0.907990 0.288119 0.304207
vn -0.907990 0.288119 0.304207
vn -0.907990 0.288119 0.304207
vn -0.867054 0.214646 0.449604
vn -0.857206 0.174950 0.484345
vn -0.923424 0.230176 0.307094
vn -0.857206 0.174950 0.484345
vn -0.932503 0.258745 0.251969
vn -0.894487 0.213945 0.392583
vn -0.788609 0.186317 0.585988
vn -0.457635 0.112486 0.881996
vn -0.309246 0.161146 0.937229
vn -0.584620 0.225190 0.779428
vn -0.298891 -0.036746 0.953580
vn -0.298891 -0.036746 0.953580
vn -0.763102 0.425582 -0.486370
vn -0.716701 0.473911 -0.511613
vn -0.716701 0.473911 -0.511613
vn -0.716701 0.473911 -0.511613
vn -0.806371 0.427079 -0.409109
vn -0.760737 0.355217 -0.543231
vn -0.699134 0.316496 -0.641125
vn -0.699134 0.316496 -0.641125
vn -0.760737 0.355217 -0.543231
vn -0.672854 0.336469 -0.658829
vn -0.672854 0.336469 -0.658829
vn -0.672854 0.336469 -0.658829
vn -0.665532 0.341293 -0.663767
vn -0.778772 0.233171 -0.582362
vn -0.762097 0.383031 -0.522011
vn -0.762097 0.383031 -0.522011
vn -0.587704 0.526994 -0.613906
vn -0.760737 0.355218 -0.543231
vn -0.859197 0.300972 -0.413759
vn -0.891866 0.297047 -0.341084
vn -0.891866 0.297047 -0.341084
vn -0.873300 0.379122 -0.305963
vn -0.893934 0.378749 -0.239646
vn -0.879940 0.185413 -0.437410
vn -0.926436 0.214671 -0.309244
vn -0.926436 0.214671 -0.309244
vn -0.930071 0.212070 -0.299990
vn -0.946375 0.265633 -0.183886
vn -0.963551 0.179627 -0.198250
vn -0.928200 0.371212 0.025436
vn -0.928200 0.371212 0.025436
vn -0.928200 0.371212 0.025436
vn -0.925466 0.377259 0.034468
vn -0.923262 0.369850 0.103918
vn -0.923262 0.369850 0.103918
vn -0.947951 0.302772 0.098578
vn -0.951449 0.304863 0.042459
vn -0.872283 0.411354 0.264408
vn -0.714406 0.404445 0.571007
vn -0.714406 0.404445 0.571007
vn -0.714406 0.404445 0.571007
vn -0.847406 0.327659 0.417783
vn -0.845779 0.258743 0.466594
vn -0.388952 0.600323 0.698805
vn -0.597195 0.454919 0.660610
vn -0.597196 0.454919 0.660610
vn -0.597195 0.454919 0.660610
vn -0.832094 0.205751 0.515059
vn -0.718350 0.353940 0.598916
vn -0.388952 0.600323 0.698805
vn -0.455879 0.304482 0.836340
vn -0.707153 0.073317 -0.703249
vn -0.707153 0.073318 -0.703249
vn -0.814813 0.076428 -0.574663
vn -0.706996 0.088984 -0.701597
vn -0.752562 0.082997 -0.653270
vn -0.708885 0.295898 -0.640254
vn -0.561277 0.027229 -0.827180
vn -0.778772 0.233171 -0.582362
vn -0.752946 0.207378 -0.624554
vn -0.752946 0.207378 -0.624554
vn -0.424141 -0.106081 0.899362
vn -0.424141 -0.106081 0.899362
vn -0.424141 -0.106081 0.899362
vn -0.425031 -0.103584 0.899232
vn -0.122235 0.142864 0.982165
vn -0.313929 -0.199384 0.928275
vn -0.313929 -0.199384 0.928275
vn -0.061843 -0.239469 0.968932
vn -0.398944 -0.023374 0.916677
vn -0.255039 -0.172630 0.951396
vn -0.886281 0.424870 0.184368
vn -0.886281 0.424870 0.184368
vn -0.898997 0.412787 0.146325
vn -0.872283 0.411354 0.264408
vn -0.885158 0.456803 0.088466
vn -0.912241 0.405869 0.055562
vn -0.913931 0.389579 0.113832
vn -0.856492 0.515310 0.029616
vn -0.856492 0.515310 0.029616
vn -0.856492 0.515310 0.029616
vn -0.855487 0.517088 0.027591
vn -0.935920 0.269046 0.227307
vn -0.717806 0.691050 0.084880
vn -0.959691 0.269036 -0.081314
vn -0.883906 0.448893 -0.131168
vn -0.883906 0.448893 -0.131168
vn -0.890719 0.449109 -0.070151
vn -0.834540 0.461326 -0.301200
vn -0.832145 0.438584 -0.339380
vn -0.832145 0.438584 -0.339380
vn -0.678256 0.611628 -0.407284
vn -0.959691 0.269036 -0.081314
vn -0.955097 0.283550 -0.085958
vn 0.956763 -0.229196 -0.179092
vn 0.956763 -0.229196 -0.179092
vn 0.956763 -0.229196 -0.179092
vn 0.981114 -0.094369 -0.168848
vn 0.945493 -0.270492 -0.181319
vn 0.969438 -0.244937 -0.013982
vn 0.978787 -0.204593 -0.010876
vn 0.985312 -0.041861 -0.165555
vn 0.785544 -0.141877 0.602322
vn 0.785544 -0.141877 0.602322
vn 0.785544 -0.141877 0.602322
vn 0.789867 -0.149074 0.594884
vn 0.915526 -0.373995 -0.148119
vn 0.915526 -0.373995 -0.148119
vn 0.915526 -0.373995 -0.148119
vn 0.358312 -0.020925 0.933367
vn 0.524449 -0.126055 0.842059
vn -0.723993 0.243750 0.645306
vn -0.730757 0.220304 0.646112
vn -0.730757 0.220304 0.646112
vn -0.730757 0.220304 0.646112
vn -0.730375 0.221324 0.646195
vn -0.955992 0.279103 -0.090450
vn -0.955992 0.279103 -0.090450
vn -0.989755 0.122866 -0.072722
vn -0.987145 0.141549 -0.074225
vn -0.987145 0.141549 -0.074225
vn -0.908196 0.417758 0.025637
vn -0.890719 0.449109 -0.070151
vn -0.947184 0.173963 -0.269404
vn -0.947184 0.173963 -0.269404
vn -0.939186 0.175326 -0.295279
vn -0.941632 0.247225 -0.228491
vn -0.915900 0.182625 -0.357458
vn -0.915900 0.182625 -0.357458
vn -0.956577 0.174624 -0.233383
vn -0.971909 0.176569 -0.155614
vn -0.968165 0.233949 -0.089023
vn -0.816870 0.122893 -0.563578
vn -0.787637 0.008443 -0.616082
vn -0.864505 0.228909 -0.447472
vn -0.787637 0.008443 -0.616082
vn -0.592478 -0.042029 -0.804489
vn -0.622301 0.035231 -0.781985
vn -0.736026 0.112533 -0.667535
vn -0.782202 0.160090 0.602106
vn -0.782202 0.160090 0.602106
vn -0.782202 0.160090 0.602106
vn -0.798695 0.281661 0.531746
vn -0.576444 0.188761 0.795036
vn -0.954879 0.282128 -0.092791
vn -0.973291 0.198964 -0.114536
vn -0.960685 0.260930 -0.094871
vn -0.966040 0.255146 -0.040827
vn -0.946391 0.300008 -0.119750
vn -0.946391 0.300008 -0.119750
vn -0.108277 0.022266 -0.993871
vn -0.108277 0.022266 -0.993871
vn -0.108277 0.022266 -0.993871
vn -0.134343 0.081577 -0.987571
vn -0.645419 0.064831 -0.761073
vn -0.736026 0.112533 -0.667535
vn -0.873620 0.053961 -0.483608
vn -0.735308 0.086393 -0.672204
vn -0.735308 0.086393 -0.672204
vn -0.735308 0.086393 -0.672204
vn -0.717537 0.111908 -0.687472
vn -0.590883 0.267282 -0.761195
vn 0.984666 -0.168572 -0.044912
vn 0.984666 -0.168572 -0.044912
vn 0.984666 -0.168572 -0.044912
vn 0.883945 -0.442626 -0.150745
vn 0.992914 0.098622 0.066302
vn 0.992914 0.098622 0.066302
vn 0.992914 0.098622 0.066302
vn 0.989445 0.084028 0.118061
vn -0.990145 -0.029630 -0.136876
vn -0.990145 -0.029630 -0.136876
vn -0.990145 -0.029630 -0.136876
vn -0.997319 -0.016838 -0.071210
vn -0.967599 -0.237765 -0.084974
vn -0.967599 -0.237765 -0.084974
vn -0.967599 -0.237765 -0.084974
vn -0.997884 -0.003976 -0.064903
vn 0.974441 -0.088763 0.206362
vn 0.981275 -0.064050 0.181652
vn 0.981370 -0.048379 0.185939
vn 0.853384 -0.120634 -0.507133
vn 0.853384 -0.120634 -0.507133
vn 0.853384 -0.120634 -0.507133
vn 0.987796 -0.155546 0.008089
vn 0.971859 -0.081494 0.221019
vn 0.488336 -0.061366 -0.870495
vn 0.488336 -0.061366 -0.870495
vn 0.488336 -0.061366 -0.870495
vn 0.501684 -0.081926 -0.861163
vn 0.507859 -0.101662 -0.855420
vn 0.524089 -0.019327 -0.851444
vn -0.605211 0.086800 0.791319
vn -0.497352 0.035429 0.866825
vn -0.691723 0.235732 0.682605
vn -0.694004 0.147989 0.704597
vn -0.498269 -0.074973 0.863775
vn -0.307800 -0.138857 0.941264
vn -0.377614 0.045435 0.924848
vn -0.249788 0.050856 0.966964
vn -0.898386 0.200723 -0.390657
vn -0.883378 0.215163 -0.416351
vn -0.144984 0.015105 0.989319
vn -0.151621 -0.008426 0.988403
vn -0.142094 0.010114 0.989802
vn -0.142094 0.010114 0.989802
vn -0.142094 0.010114 0.989802
vn -0.143919 0.005423 0.989575
vn -0.214587 0.265865 0.939824
vn -0.214587 0.265865 0.939824
vn -0.213941 0.267306 0.939562
vn -0.336129 -0.118706 0.934305
vn -0.336129 -0.118706 0.934305
vn -0.844404 0.241404 -0.478233
vn -0.498269 -0.074973 0.863775
vn -0.833868 0.238174 -0.497933
vn -0.823557 0.269298 -0.499231
vn -0.823557 0.269298 -0.499231
vn -0.759978 0.423847 -0.492734
vn -0.750289 0.441612 -0.491981
vn -0.743291 0.190804 -0.641180
vn -0.788114 0.128986 -0.601863
vn -0.763567 0.215662 -0.608651
vn 0.832054 -0.195770 0.518999
vn 0.832054 -0.195770 0.518999
vn 0.832376 -0.195637 0.518533
vn 0.989719 0.069498 -0.125007
vn 0.989719 0.069498 -0.125007
vn 0.931107 -0.075201 0.356909
vn 0.951999 -0.102497 0.288431
vn 0.978577 -0.085168 0.187439
vn 0.978811 -0.087124 0.185305
vn 0.967608 0.069924 -0.242579
vn -0.089575 0.044842 -0.994970
vn 0.521156 -0.273921 0.808309
vn -0.871909 0.214418 0.440227
vn -0.886641 0.312172 0.341198
vn -0.781795 0.269456 0.562308
vn -0.781795 0.269456 0.562308
vn -0.528865 0.090479 0.843869
vn -0.958695 0.282844 -0.030063
vn -0.958695 0.282844 -0.030063
vn -0.970795 0.229136 0.071093
vn -0.845779 0.258743 0.466594
vn 0.807214 0.097258 -0.582191
vn 0.764210 -0.088162 -0.638914
vn 0.894152 -0.114664 0.432833
vn 0.899753 -0.081190 0.428781
vn 0.885922 -0.090418 0.454936
vn 0.905587 -0.074825 0.417509
vn 0.812946 0.364861 0.453868
vn 0.812946 0.364861 0.453868
vn 0.821883 -0.255168 0.509311
vn 0.821883 -0.255168 0.509311
vn 0.821883 -0.255168 0.509311
vn 0.840353 -0.175405 0.512875
vn 0.581974 -0.162128 0.796882
vn 0.633807 -0.205994 0.745557
vn 0.835506 -0.146916 0.529477
vn 0.901365 -0.254283 0.350544
vn 0.901365 -0.254283 0.350544
vn 0.882216 -0.303740 0.359773
vn 0.842715 -0.401314 0.358856
vn 0.886615 -0.114063 0.448222
vn 0.273310 -0.855772 0.439268
vn -0.555627 0.463700 0.690117
vn -0.555627 0.463700 0.690117
vn -0.928200 -0.070469 0.365348
vn 0.869598 0.230640 -0.436583
vn -0.555627 0.463700 0.690117
vn -0.926678 -0.300601 0.225627
vn -0.832724 -0.052943 0.551151
vn -0.864725 -0.239525 0.441451
vn -0.922331 -0.005275 0.386365
vn 0.742086 -0.049279 -0.668491
vn 0.736161 -0.075924 -0.672534
vn 0.688742 -0.118565 -0.715246
vn 0.688742 -0.118565 -0.715246
vn 0.687470 -0.123607 -0.715616
vn 0.704217 -0.033673 -0.709186
vn 0.699412 -0.054564 -0.712633
vn 0.877344 -0.241277 -0.414792
vn 0.869039 -0.267276 -0.416335
vn 0.892971 -0.197460 -0.404491
vn 0.910881 0.193146 -0.364678
vn 0.852976 -0.099097 0.512457
vn -0.076548 -0.026621 -0.996710
vn -0.076548 -0.026621 -0.996710
vn -0.076548 -0.026621 -0.996710
vn -0.064393 -0.017587 -0.997770
vn -0.076548 0.031060 -0.996582
vn -0.104803 0.010247 -0.994440
vn -0.037761 0.030751 -0.998814
vn -0.037761 0.030751 -0.998814
vn -0.046673 -0.024702 -0.998605
vn 0.002112 0.262441 -0.964946
vn 0.002112 0.262441 -0.964946
vn 0.002112 0.262441 -0.964946
vn 0.002775 0.261166 -0.965290
vn 0.024420 0.308560 -0.950891
vn 0.024420 0.308560 -0.950891
vn 0.007498 0.307782 -0.951427
vn 0.005015 0.310310 -0.950622
vn -0.014322 0.038658 -0.999150
vn -0.014322 0.038658 -0.999150
vn -0.014319 0.041113 -0.999052
vn -0.045643 -0.093510 -0.994572
vn -0.045643 -0.093510 -0.994572
vn -0.045643 -0.093510 -0.994572
vn -0.025298 -0.078399 -0.996601
vn -0.054643 -0.056991 -0.996878
vn -0.057376 -0.079550 -0.995178
vn -0.008901 -0.133108 -0.991062
vn -0.008901 -0.133108 -0.991062
vn -0.008901 -0.133108 -0.991062
vn 0.005874 -0.122244 -0.992483
vn -0.050555 -0.096620 -0.994037
vn -0.035747 -0.109575 -0.993336
vn 0.034190 -0.159956 -0.986532
vn 0.034190 -0.159956 -0.986532
vn 0.034190 -0.159956 -0.986532
vn 0.065710 -0.137189 -0.988363
vn -0.018071 -0.114278 -0.993284
vn 0.008464 -0.116837 -0.993115
vn 0.078783 -0.156254 -0.984570
vn 0.078783 -0.156254 -0.984570
vn 0.078783 -0.156253 -0.984570
vn 0.072392 -0.160609 -0.984360
vn 0.024095 -0.135631 -0.990466
vn 0.017200 -0.164313 -0.986258
vn 0.059831 -0.257910 -0.964315
vn 0.059831 -0.257910 -0.964315
vn 0.059831 -0.257910 -0.964315
vn 0.073308 -0.249580 -0.965575
vn 0.028218 -0.208269 -0.977665
vn 0.035383 -0.241219 -0.969826
vn 0.067271 -0.219915 -0.973197
vn 0.067271 -0.219915 -0.973197
vn 0.067271 -0.219915 -0.973197
vn 0.055957 -0.227603 -0.972145
vn 0.030661 -0.238030 -0.970774
vn -0.005222 -0.244881 -0.969539
vn 0.066585 -0.009863 -0.997732
vn 0.066585 -0.009863 -0.997732
vn 0.066585 -0.009863 -0.997732
vn 0.053622 -0.001856 -0.998560
vn 0.026554 -0.204400 -0.978527
vn -0.099877 -0.273454 -0.956686
vn 0.039222 -0.024434 -0.998932
vn -0.048785 -0.029238 -0.998381
vn 0.046432 0.141736 -0.988815
vn 0.046432 0.141736 -0.988815
vn 0.046432 0.141736 -0.988815
vn 0.000733 0.177735 -0.984078
vn 0.020494 0.190083 -0.981554
vn 0.029273 0.026361 -0.999224
vn 0.015390 0.127178 -0.991760
vn -0.010111 0.047565 -0.998817
vn -0.010111 0.047565 -0.998817
vn -0.010111 0.047565 -0.998817
vn -0.014939 0.044224 -0.998910
vn -0.032366 0.125988 -0.991504
vn -0.072702 0.072439 -0.994720
vn -0.006144 0.043812 -0.999021
vn -0.081911 0.080285 -0.993401
vn -0.052753 0.369782 -0.927620
vn -0.052753 0.369782 -0.927620
vn -0.145640 0.094566 -0.984808
vn -0.010001 0.172924 -0.984884
vn -0.037032 0.152292 -0.987642
vn 0.971964 -0.036187 0.232327
vn 0.985794 -0.077444 0.149040
vn 0.985794 -0.077444 0.149040
vn 0.985794 -0.077444 0.149040
vn 0.984756 -0.074806 0.157036
vn 0.969314 -0.127597 0.210118
vn 0.999338 -0.034469 0.011667
vn 0.999338 -0.034469 0.011667
vn 0.997366 -0.063139 0.035700
vn 0.999338 -0.034469 0.011667
vn 0.999542 -0.021324 0.021472
vn 0.997399 -0.040139 0.059874
vn 0.999738 0.006595 0.021926
vn 0.999738 0.006595 0.021926
vn 0.999738 0.006595 0.021926
vn 0.996433 0.036821 -0.075930
vn 0.999682 0.023080 -0.010152
vn 0.999172 0.029841 -0.027672
vn 0.997904 -0.064229 -0.007954
vn 0.997904 -0.064229 -0.007954
vn 0.998426 0.023449 -0.050941
vn 0.998778 0.023822 -0.043310
vn 0.998778 0.023822 -0.043310
vn 0.998778 0.023822 -0.043310
vn 0.998902 0.036151 -0.029790
vn 0.998902 0.036151 -0.029790
vn 0.998902 0.036151 -0.029790
vn 0.998064 0.044357 -0.043600
vn 0.988181 0.025396 -0.151171
vn 0.988181 0.025396 -0.151171
vn 0.988638 0.008485 -0.150074
vn 0.987844 -0.000863 -0.155444
vn 0.978289 -0.137992 0.154628
vn 0.982231 -0.139193 0.125885
vn 0.978289 -0.137992 0.154628
vn 0.986734 -0.144410 0.074175
vn 0.978289 -0.137992 0.154628
vn 0.995092 -0.091119 0.038582
vn 0.995092 -0.091119 0.038582
vn 0.995473 -0.079164 0.052604
vn 0.992232 -0.100073 0.073896
vn 0.993639 -0.110888 -0.019651
vn 0.989896 -0.141610 -0.007313
vn 0.987554 -0.155167 -0.025698
vn 0.964399 -0.239336 0.112482
vn 0.970029 -0.242111 0.020645
vn 0.964399 -0.239336 0.112482
vn 0.955897 -0.287590 0.059606
vn 0.964399 -0.239336 0.112482
vn 0.948216 -0.223886 0.225304
vn 0.978215 -0.203919 -0.038880
vn 0.978215 -0.203919 -0.038880
vn 0.964266 -0.264893 -0.004809
vn 0.952117 -0.302126 -0.046834
vn 0.984712 -0.131896 0.113779
vn 0.984712 -0.131896 0.113779
vn 0.984712 -0.131896 0.113779
vn 0.997174 -0.074975 -0.004771
vn 0.937555 -0.291545 0.189716
vn 0.940333 -0.304502 0.151832
vn 0.940333 -0.304502 0.151832
vn 0.940333 -0.304502 0.151832
vn 0.939331 -0.320798 -0.121432
vn 0.966569 -0.256389 -0.003082
vn 0.995033 -0.099308 0.006915
vn 0.985642 0.161749 -0.048447
vn 0.985642 0.161749 -0.048447
vn 0.985642 0.161749 -0.048447
vn 0.976730 0.180412 -0.115975
vn 0.958473 0.210349 -0.192568
vn 0.996621 -0.062058 0.053810
vn 0.970494 -0.000983 -0.241124
vn 0.882375 -0.126503 -0.453223
vn 0.899698 -0.112868 -0.421668
vn 0.927874 0.130097 0.349464
vn 0.899698 -0.112868 -0.421668
vn 0.899698 -0.112868 -0.421668
vn 0.996472 -0.083869 0.002957
vn 0.967403 0.045979 -0.249033
vn 0.967403 0.045979 -0.249033
vn 0.948027 0.237828 -0.211382
vn 0.945013 -0.004807 -0.326998
vn 0.943702 0.013885 -0.330506
vn 0.958193 0.043251 -0.282835
vn 0.985718 -0.045351 -0.162186
vn 0.985312 0.105280 -0.134447
vn 0.985312 0.105280 -0.134447
vn 0.985312 0.105280 -0.134447
vn 0.989793 0.112246 -0.087806
vn 0.985961 -0.044860 -0.160834
vn 0.985961 -0.044860 -0.160834
vn 0.955413 -0.062371 -0.288609
vn 0.987330 -0.047521 -0.151396
vn 0.976125 0.097076 -0.194312
vn 0.979872 0.147507 -0.134508
vn 0.956412 0.267423 -0.117311
vn 0.956412 0.267423 -0.117311
vn 0.956412 0.267423 -0.117311
vn 0.981999 0.131864 -0.135239
vn 0.976478 0.197316 0.086931
vn 0.848951 0.297453 0.436812
vn 0.735403 0.194318 -0.649171
vn 0.957568 0.162070 0.238321
vn 0.961333 0.273261 -0.034161
vn 0.945267 0.298310 0.132219
vn 0.922611 0.325491 -0.206988
vn 0.945468 0.221836 -0.238492
vn 0.999047 -0.042164 0.011264
vn 0.999047 -0.042164 0.011264
vn 0.999047 -0.042164 0.011264
vn 0.992056 0.023926 -0.123498
vn 0.969854 -0.059651 -0.236272
vn 0.969854 -0.059651 -0.236272
vn 0.969854 -0.059651 -0.236272
vn 0.993315 -0.077006 0.085995
vn 0.976566 -0.102636 -0.189168
vn 0.984422 -0.004901 -0.175753
vn 0.865192 0.167304 -0.472707
vn 0.865192 0.167304 -0.472707
vn 0.865192 0.167304 -0.472707
vn 0.974081 0.184051 -0.131495
vn 0.983514 0.037606 -0.176879
vn 0.983514 0.037606 -0.176879
vn 0.981014 0.139507 -0.134720
vn 0.981014 0.139507 -0.134720
vn 0.985309 0.111669 -0.129218
vn 0.980338 0.075752 -0.182208
vn 0.982654 0.110267 -0.149107
vn 0.996942 0.052964 -0.057456
vn 0.996942 0.052964 -0.057456
vn 0.996942 0.052964 -0.057456
vn 0.998291 0.050572 -0.029294
vn 0.995977 0.069752 -0.056254
vn 0.992655 0.068784 0.099523
vn 0.982654 0.110267 -0.149107
vn 0.999172 0.029841 -0.027672
vn 0.999172 0.029841 -0.027672
vn 0.999669 0.020553 -0.015496
vn 0.957750 -0.172149 -0.230392
vn 0.957750 -0.172149 -0.230392
vn 0.943195 -0.215672 -0.252722
vn 0.903930 0.001852 -0.427677
vn 0.903930 0.001852 -0.427677
vn 0.903930 0.001852 -0.427677
vn 0.905166 0.005119 -0.425028
vn 0.884989 -0.263371 -0.383967
vn 0.884989 -0.263371 -0.383967
vn 0.884989 -0.263371 -0.383967
vn 0.886518 -0.256819 -0.384876
vn 0.943195 -0.215672 -0.252722
vn 0.947420 -0.179961 -0.264592
vn 0.918316 -0.232873 -0.320102
vn 0.929649 -0.227325 -0.289957
vn 0.929649 -0.227325 -0.289957
vn 0.871656 -0.158741 -0.463700
vn 0.902514 -0.332846 -0.273279
vn 0.923165 -0.300796 -0.239351
vn 0.879900 -0.162774 -0.446408
vn 0.931249 -0.271882 -0.242602
vn 0.931249 -0.271882 -0.242602
vn 0.958378 -0.088391 -0.271476
vn 0.947770 -0.115814 -0.297186
vn 0.854884 -0.320402 -0.408063
vn 0.882375 -0.126503 -0.453223
vn 0.857581 -0.238027 -0.455958
vn 0.882333 -0.090999 -0.461744
vn 0.886412 -0.082867 -0.455420
vn 0.878199 -0.030804 -0.477303
vn 0.878199 -0.030804 -0.477303
vn 0.871961 0.026561 -0.488854
vn 0.867284 0.015484 -0.497572
vn 0.871552 0.083479 -0.483145
vn 0.871552 0.083479 -0.483145
vn 0.846653 0.149334 -0.510763
vn 0.819612 0.089843 -0.565830
vn 0.798085 -0.005634 -0.602519
vn 0.767058 0.137339 -0.626706
vn 0.767058 0.137339 -0.626706
vn 0.793757 0.014802 -0.608055
vn 0.814565 0.060475 -0.576912
vn 0.784413 0.072693 -0.615964
vn 0.894681 0.000949 -0.446704
vn 0.894681 0.000949 -0.446704
vn 0.891422 0.027628 -0.452332
vn 0.899505 0.042084 -0.434880
vn 0.877430 0.138238 -0.459355
vn 0.877430 0.138238 -0.459355
vn 0.879103 0.128344 -0.459028
vn 0.899945 0.176352 -0.398747
vn 0.898377 0.094222 -0.428999
vn 0.898377 0.094222 -0.428999
vn 0.665395 -0.418066 -0.618442
vn 0.665395 -0.418066 -0.618442
vn 0.665395 -0.418066 -0.618442
vn 0.672708 -0.434709 -0.598742
vn 0.784326 -0.320044 -0.531418
vn 0.784326 -0.320044 -0.531418
vn 0.776624 -0.257869 -0.574768
vn 0.776624 -0.257869 -0.574768
vn 0.776624 -0.257869 -0.574768
vn 0.694067 -0.135590 -0.707027
vn 0.803287 -0.122363 -0.582887
vn 0.803287 -0.122363 -0.582887
vn 0.677867 -0.147160 -0.720305
vn 0.489768 -0.142039 -0.860205
vn 0.489768 -0.142039 -0.860205
vn 0.489768 -0.142039 -0.860205
vn 0.502893 -0.155404 -0.850264
vn 0.439178 -0.145516 -0.886537
vn 0.439178 -0.145516 -0.886537
vn 0.139132 0.598127 -0.789232
vn 0.139132 0.598127 -0.789232
vn 0.139132 0.598127 -0.789232
vn 0.160221 0.580957 -0.798009
vn 0.158172 0.499692 -0.851639
vn 0.158172 0.499692 -0.851639
vn 0.180654 0.495457 -0.849639
vn 0.218785 0.460325 -0.860368
vn 0.243388 0.529713 -0.812506
vn 0.162567 0.593665 -0.788120
vn 0.243463 0.658830 -0.711807
vn 0.312394 -0.126781 -0.941455
vn 0.313834 -0.125701 -0.941120
vn 0.313834 -0.125701 -0.941120
vn 0.313834 -0.125701 -0.941120
vn 0.261703 -0.188475 -0.946567
vn 0.261703 -0.188475 -0.946567
vn 0.337625 -0.139209 -0.930930
vn -0.021813 -0.108932 -0.993810
vn -0.021813 -0.108932 -0.993810
vn -0.021813 -0.108932 -0.993810
vn -0.066576 -0.140783 -0.987799
vn -0.022707 -0.203781 -0.978753
vn 0.062680 -0.144078 -0.987579
vn 0.127798 -0.161039 -0.978639
vn -0.062533 0.009705 -0.997996
vn -0.129688 -0.038981 -0.990788
vn -0.162434 0.000410 -0.986719
vn -0.062308 -0.075943 -0.995164
vn 0.822685 0.027914 -0.567811
vn 0.822685 0.027914 -0.567811
vn 0.822685 0.027914 -0.567811
vn 0.799144 -0.019038 -0.600838
vn 0.818408 -0.254461 -0.515226
vn 0.818408 -0.254461 -0.515226
vn 0.818408 -0.254461 -0.515226
vn 0.825594 -0.218458 -0.520261
vn 0.733932 0.085775 -0.673785
vn 0.733932 0.085775 -0.673785
vn 0.733932 0.085775 -0.673785
vn 0.725720 0.070339 -0.684385
vn 0.748806 -0.192997 -0.634067
vn 0.748806 -0.192997 -0.634067
vn 0.748806 -0.192997 -0.634067
vn 0.754874 -0.150400 -0.638393
vn 0.623745 0.187601 -0.758781
vn 0.623745 0.187601 -0.758781
vn 0.623745 0.187601 -0.758781
vn 0.589290 0.136639 -0.796284
vn 0.577197 0.129571 -0.806260
vn 0.631239 0.126650 -0.765178
vn 0.640849 0.156616 -0.751521
vn 0.722216 -0.112296 -0.682491
vn 0.060904 0.422141 -0.904482
vn 0.060904 0.422141 -0.904482
vn 0.062165 0.421158 -0.904854
vn -0.054714 0.397853 -0.915816
vn -0.054714 0.397853 -0.915816
vn -0.080253 0.238989 -0.967700
vn -0.080253 0.238989 -0.967700
vn 0.042004 0.231182 -0.972003
vn 0.366463 0.229986 -0.901561
vn 0.366463 0.229986 -0.901561
vn 0.366463 0.229986 -0.901561
vn 0.353129 0.204604 -0.912928
vn 0.374583 0.170044 -0.911467
vn 0.390072 0.205477 -0.897565
vn 0.538293 -0.088367 -0.838112
vn 0.538742 -0.083035 -0.838369
vn 0.325551 0.129661 -0.936592
vn 0.116846 0.257320 -0.959236
vn 0.116846 0.257320 -0.959236
vn 0.116846 0.257320 -0.959236
vn 0.131787 0.040215 -0.990462
vn 0.081507 0.290841 -0.953293
vn -0.027131 0.159151 -0.986881
vn 0.137629 -0.055292 -0.988939
vn 0.137629 -0.055292 -0.988939
vn 0.137629 -0.055292 -0.988939
vn 0.325551 0.129661 -0.936592
vn -0.012008 0.301502 -0.953390
vn -0.012008 0.301502 -0.953390
vn -0.007366 0.249502 -0.968346
vn -0.027131 0.159151 -0.986881
vn 0.862330 -0.216634 -0.457664
vn 0.862330 -0.216634 -0.457664
vn 0.906552 -0.105407 -0.408721
vn 0.751325 -0.196139 -0.630111
vn 0.751325 -0.196139 -0.630111
vn 0.685954 -0.202178 -0.698993
vn 0.685954 -0.202178 -0.698993
vn 0.879900 -0.162774 -0.446408
vn 0.412123 -0.219819 -0.884214
vn 0.412123 -0.219819 -0.884214
vn 0.435519 -0.268657 -0.859155
vn 0.435519 -0.268657 -0.859155
vn 0.203247 0.381032 -0.901945
vn 0.251590 0.335811 -0.907708
vn 0.326968 0.264358 -0.907308
vn 0.157648 0.215980 -0.963587
vn 0.280659 0.157335 -0.946824
vn 0.326968 0.264358 -0.907308
vn 0.237980 -0.250453 -0.938424
vn 0.237979 -0.250453 -0.938424
vn 0.252180 -0.239793 -0.937499
vn 0.238140 -0.248916 -0.938792
vn 0.127798 -0.161039 -0.978639
vn 0.127303 -0.206126 -0.970209
vn 0.174517 -0.172873 -0.969360
vn 0.207071 -0.180255 -0.961577
vn 0.307101 -0.240861 -0.920693
vn 0.062613 -0.067207 -0.995773
vn 0.062879 -0.133265 -0.989084
vn 0.863496 -0.293144 -0.410416
vn 0.850954 -0.307971 -0.425478
vn 0.614067 -0.323627 -0.719853
vn 0.614067 -0.323627 -0.719853
vn 0.598837 -0.309420 -0.738684
vn 0.620823 -0.291479 -0.727750
vn 0.451175 -0.318001 -0.833856
vn 0.451175 -0.318001 -0.833856
vn 0.448490 -0.325253 -0.832507
vn 0.448490 -0.325253 -0.832507
vn 0.326968 0.264358 -0.907308
vn 0.368494 0.216400 -0.904093
vn 0.440829 0.005801 -0.897572
vn 0.324973 -0.065901 -0.943425
vn 0.408020 -0.089660 -0.908560
vn 0.386828 -0.148417 -0.910130
vn 0.307101 -0.240861 -0.920693
vn 0.301852 -0.288349 -0.908702
vn 0.371853 -0.244071 -0.895631
vn 0.428159 -0.228835 -0.874251
vn 0.207071 -0.180255 -0.961577
vn 0.206887 -0.192933 -0.959153
vn 0.229676 -0.176725 -0.957088
vn 0.153255 -0.120242 -0.980844
vn 0.428159 -0.228835 -0.874251
vn 0.185505 -0.161070 -0.969353
vn 0.854884 -0.320402 -0.408063
vn 0.857581 -0.238027 -0.455958
vn 0.623749 -0.270228 -0.733426
vn 0.623749 -0.270228 -0.733426
vn 0.625739 -0.259703 -0.735531
vn 0.635248 -0.251466 -0.730222
vn 0.449909 -0.288450 -0.845209
vn 0.449909 -0.288450 -0.845209
vn 0.454946 -0.255364 -0.853120
vn 0.454946 -0.255364 -0.853120
vn 0.418263 -0.032590 -0.907741
vn 0.418263 -0.032590 -0.907741
vn 0.418263 -0.032590 -0.907741
vn 0.540794 -0.229824 -0.809150
vn 0.699784 -0.242019 -0.672108
vn 0.423334 0.424620 -0.800304
vn 0.667147 -0.385676 -0.637314
vn 0.718815 -0.287388 -0.633019
vn 0.427485 -0.235768 -0.872737
vn 0.468512 -0.207055 -0.858851
vn 0.250421 -0.173602 -0.952445
vn 0.250421 -0.173602 -0.952445
vn 0.250289 -0.185759 -0.950184
vn 0.271539 -0.170198 -0.947259
vn 0.209277 -0.152414 -0.965905
vn 0.209197 -0.164370 -0.963960
vn 0.853454 -0.180327 -0.488978
vn 0.853454 -0.180327 -0.488978
vn 0.860991 -0.092110 -0.500210
vn 0.840677 -0.123048 -0.527372
vn 0.630575 -0.222192 -0.743643
vn 0.630575 -0.222192 -0.743643
vn 0.637664 -0.157821 -0.753974
vn 0.617457 -0.176319 -0.766589
vn 0.474922 -0.207423 -0.855234
vn 0.474922 -0.207423 -0.855234
vn 0.489300 -0.168797 -0.855624
vn 0.478954 -0.176073 -0.860001
vn 0.497971 0.580446 -0.644289
vn 0.497971 0.580446 -0.644289
vn 0.497971 0.580446 -0.644289
vn 0.521386 0.544365 -0.657133
vn 0.413544 0.629795 -0.657525
vn 0.379872 0.674653 -0.632882
vn 0.449023 0.528962 -0.720123
vn 0.449023 0.528962 -0.720123
vn 0.513218 0.477685 -0.713039
vn 0.483743 -0.185367 -0.855355
vn 0.483743 -0.185367 -0.855355
vn 0.484568 -0.164921 -0.859066
vn 0.481997 -0.166972 -0.860116
vn 0.285289 -0.168300 -0.943549
vn 0.285289 -0.168300 -0.943549
vn 0.285293 -0.168503 -0.943512
vn 0.290478 -0.164392 -0.942655
vn 0.210813 -0.159636 -0.964404
vn 0.210898 -0.153062 -0.965450
vn 0.822299 -0.086237 -0.562483
vn 0.822299 -0.086237 -0.562483
vn 0.822845 -0.016178 -0.568036
vn 0.811807 -0.039008 -0.582621
vn 0.603984 -0.124984 -0.787136
vn 0.603984 -0.124984 -0.787136
vn 0.596293 -0.082884 -0.798477
vn 0.609797 -0.063853 -0.789981
vn 0.496849 -0.134895 -0.857289
vn 0.496849 -0.134895 -0.857289
vn 0.495384 -0.112161 -0.861403
vn 0.499800 -0.107639 -0.859426
vn 0.378810 0.760590 -0.527263
vn 0.378810 0.760590 -0.527263
vn 0.378810 0.760590 -0.527263
vn 0.409173 0.721353 -0.558773
vn 0.449188 0.725499 -0.521423
vn 0.487902 0.832022 -0.263990
vn 0.498522 0.830298 -0.249160
vn 0.418734 0.882438 -0.214396
vn 0.418734 0.882438 -0.214396
vn 0.407173 0.872969 -0.268580
vn 0.451257 -0.158307 -0.878240
vn 0.451257 -0.158307 -0.878240
vn 0.452566 -0.124392 -0.883012
vn 0.452566 -0.124392 -0.883012
vn 0.295283 -0.159478 -0.942006
vn 0.295283 -0.159478 -0.942006
vn 0.295500 -0.161393 -0.941611
vn 0.285315 -0.169995 -0.943238
vn 0.145597 -0.211604 -0.966450
vn 0.146128 -0.224696 -0.963410
vn 0.241799 -0.202609 -0.948938
vn 0.798085 -0.005634 -0.602519
vn 0.785940 0.044314 -0.616713
vn 0.785940 0.044314 -0.616713
vn 0.605085 -0.052839 -0.794405
vn 0.605086 -0.052839 -0.794405
vn 0.607341 -0.057610 -0.792349
vn 0.623506 -0.031058 -0.781201
vn 0.497857 -0.080565 -0.863509
vn 0.497857 -0.080565 -0.863509
vn 0.494521 -0.052057 -0.867605
vn 0.492363 -0.055296 -0.868632
vn 0.293264 0.720881 -0.627954
vn 0.293264 0.720881 -0.627954
vn 0.398005 -0.141228 -0.906447
vn 0.398005 -0.141228 -0.906447
vn 0.407646 -0.097116 -0.907961
vn 0.407646 -0.097116 -0.907961
vn 0.241799 -0.202609 -0.948938
vn 0.233343 -0.157194 -0.959605
vn 0.169594 -0.227323 -0.958938
vn 0.049726 -0.293801 -0.954572
vn 0.103154 -0.244206 -0.964221
vn 0.102325 -0.233682 -0.966914
vn 0.782823 0.064036 -0.618941
vn 0.782823 0.064036 -0.618941
vn 0.784413 0.072693 -0.615964
vn 0.725012 0.017348 -0.688517
vn 0.725012 0.017348 -0.688517
vn 0.488489 -0.007715 -0.872536
vn 0.720072 0.065900 -0.690763
vn 0.708154 0.049648 -0.704310
vn 0.488489 -0.007715 -0.872536
vn 0.485259 0.050955 -0.872884
vn 0.482410 0.047574 -0.874653
vn 0.336810 0.782741 -0.523331
vn 0.336810 0.782741 -0.523331
vn 0.336810 0.782741 -0.523331
vn 0.317548 0.802254 -0.505521
vn 0.248709 0.896921 0.365617
vn 0.248709 0.896921 0.365617
vn 0.248709 0.896921 0.365617
vn 0.290102 0.881819 0.371800
vn 0.285165 0.872256 0.397304
vn 0.359948 -0.091665 -0.928458
vn 0.359948 -0.091665 -0.928458
vn 0.338222 0.018330 -0.940888
vn 0.292238 -0.035775 -0.955676
vn 0.049726 -0.293801 -0.954572
vn 0.025991 -0.011398 -0.999597
vn 0.068541 0.029459 -0.997213
vn 0.211298 -0.263486 -0.941238
vn 0.129053 0.067484 -0.989339
vn 0.049750 0.068305 -0.996423
vn 0.794919 0.077175 -0.601787
vn 0.794919 0.077175 -0.601787
vn 0.798860 0.094567 -0.594036
vn 0.810905 0.104958 -0.575688
vn 0.695841 0.095851 -0.711771
vn 0.695841 0.095851 -0.711771
vn 0.684162 0.148916 -0.713965
vn 0.700186 0.168725 -0.693737
vn 0.478091 0.116994 -0.870483
vn 0.478091 0.116994 -0.870483
vn 0.456181 0.203134 -0.866392
vn 0.457904 0.205435 -0.864939
vn 0.243570 0.665198 -0.705823
vn 0.243570 0.665198 -0.705823
vn 0.161937 0.543958 -0.823338
vn 0.263760 0.127087 -0.956180
vn 0.263760 0.127087 -0.956180
vn 0.271290 0.216742 -0.937776
vn 0.271290 0.216742 -0.937776
vn 0.078337 0.132984 -0.988017
vn 0.078337 0.132984 -0.988017
vn 0.080875 0.217047 -0.972805
vn 0.052129 0.192056 -0.979999
vn -0.024861 0.176972 -0.983902
vn 0.792669 0.116683 -0.598382
vn 0.792669 0.116683 -0.598382
vn 0.777350 0.205997 -0.594384
vn 0.754378 0.173583 -0.633075
vn 0.729284 0.168385 -0.663167
vn 0.729284 0.168385 -0.663167
vn 0.737928 0.125473 -0.663113
vn 0.704321 0.083415 -0.704964
vn 0.474787 0.269424 -0.837847
vn 0.474787 0.269424 -0.837847
vn 0.531952 0.102538 -0.840543
vn 0.562480 0.139650 -0.814932
vn 0.577197 0.129571 -0.806260
vn 0.423334 0.424620 -0.800304
vn 0.397297 0.249000 -0.883263
vn 0.241314 0.250711 -0.937503
vn 0.241314 0.250711 -0.937503
vn 0.351047 0.160945 -0.922422
vn 0.351047 0.160945 -0.922422
vn 0.130561 0.208725 -0.969220
vn 0.130561 0.208725 -0.969220
vn 0.128726 0.232862 -0.963953
vn -0.010264 0.151732 -0.988368
vn -0.021764 0.100855 -0.994663
vn 0.787404 0.117250 -0.605184
vn 0.787404 0.117250 -0.605184
vn 0.707089 0.117887 -0.697228
vn 0.707089 0.117887 -0.697228
vn 0.662343 0.609256 -0.436016
vn 0.662343 0.609255 -0.436016
vn 0.676796 0.586702 -0.444665
vn 0.755176 0.525722 -0.391568
vn 0.755176 0.525722 -0.391567
vn 0.755176 0.525722 -0.391568
vn 0.717500 0.562175 -0.411282
vn 0.737782 0.594502 0.319756
vn 0.737782 0.594502 0.319756
vn 0.737782 0.594502 0.319756
vn 0.725613 0.588749 0.356174
vn 0.695825 0.681460 -0.226806
vn 0.695825 0.681460 -0.226806
vn 0.695825 0.681460 -0.226806
vn 0.580893 0.506897 -0.636881
vn 0.575708 0.415135 -0.704431
vn 0.610443 0.388552 -0.690208
vn 0.616596 0.382065 -0.688358
vn 0.229245 0.710099 -0.665738
vn 0.279423 0.689415 -0.668304
vn 0.472708 0.446987 -0.759440
vn 0.512247 -0.091221 -0.853980
vn 0.441587 -0.052153 -0.895701
vn 0.197442 0.145569 -0.969446
vn 0.617586 0.345923 -0.706346
vn 0.617586 0.345924 -0.706346
vn 0.617586 0.345924 -0.706346
vn 0.680483 0.284934 -0.675097
vn 0.479992 -0.496307 -0.723385
vn 0.527185 -0.329676 -0.783192
vn 0.643236 -0.509895 -0.571188
vn 0.583795 -0.548530 -0.598580
vn 0.825208 -0.529647 -0.196227
vn 0.014812 -0.138156 -0.990300
vn 0.694921 -0.149508 -0.703372
vn 0.361364 -0.358344 -0.860817
vn 0.516096 -0.617068 -0.594031
vn 0.825209 -0.529647 -0.196227
vn 0.838590 -0.499047 -0.218445
vn 0.973673 -0.227923 0.003351
vn 0.899938 -0.434055 -0.041319
vn 0.699461 -0.634515 -0.328853
vn 0.858008 -0.489114 -0.156810
vn 0.980049 -0.185094 0.072419
vn 0.980049 -0.185094 0.072419
vn 0.917545 -0.358565 0.171879
vn 0.953390 -0.244357 0.177023
vn 0.953084 -0.193315 0.232938
vn 0.969544 -0.156178 0.188660
vn 0.959743 0.005910 0.280817
vn 0.948111 -0.129407 0.290411
vn 0.932145 -0.361896 -0.011716
vn 0.959743 0.005910 0.280817
vn 0.987012 0.102592 0.123621
vn 0.998850 0.044273 0.018405
vn 0.996530 0.083139 -0.004044
vn 0.951012 -0.254471 -0.175558
vn 0.980470 -0.041655 -0.192206
vn 0.927476 -0.337899 -0.160041
vn 0.948111 -0.129407 0.290411
vn 0.948111 -0.129407 0.290411
vn 0.940710 -0.274636 0.199098
vn 0.994047 0.078991 -0.075041
vn 0.994047 0.078991 -0.075041
vn 0.976292 0.059021 -0.208256
vn 0.976292 0.059021 -0.208256
vn 0.976292 0.059021 -0.208256
vn 0.977485 -0.006224 -0.210915
vn 0.982460 0.044544 -0.181075
vn 0.973746 -0.050251 -0.222022
vn 0.975392 -0.049103 -0.214941
vn 0.975392 -0.049103 -0.214941
vn 0.975392 -0.049103 -0.214941
vn 0.994044 -0.104792 -0.029909
vn 0.994044 -0.104792 -0.029909
vn 0.994044 -0.104792 -0.029909
vn 0.973804 0.222812 -0.045387
vn 0.994561 0.089881 -0.052638
vn 0.427883 0.786876 -0.444682
vn 0.504644 0.788712 0.351095
vn 0.504644 0.788712 0.351095
vn 0.504644 0.788712 0.351095
vn 0.443718 0.834753 0.326041
vn 0.443718 0.834753 0.326041
vn 0.988996 0.132389 -0.066029
vn 0.988996 0.132389 -0.066029
vn 0.999639 -0.024895 0.010100
vn 0.999639 -0.024895 0.010100
vn 0.999639 -0.024895 0.010100
vn 0.998401 0.002814 -0.056460
vn 0.998401 0.002814 -0.056460
vn 0.987012 0.102592 0.123621
vn -0.162434 0.000410 -0.986719
vn -0.162434 0.000410 -0.986719
vn -0.178252 -0.011257 -0.983921
vn -0.159153 -0.000326 -0.987254
vn -0.078463 0.016625 -0.996778
vn -0.078463 0.016625 -0.996778
vn -0.120499 0.005709 -0.992697
vn -0.120499 0.005709 -0.992697
vn -0.120499 0.005709 -0.992697
vn -0.074836 0.037882 -0.996476
vn 0.008124 0.033188 -0.999416
vn 0.008124 0.033188 -0.999416
vn 0.008124 0.033188 -0.999416
vn 0.079011 -0.022127 -0.996628
vn 0.285208 -0.092643 -0.953978
vn 0.285208 -0.092643 -0.953978
vn 0.285208 -0.092643 -0.953978
vn 0.451859 -0.186350 -0.872409
vn 0.295003 0.813561 -0.501091
vn 0.295003 0.813561 -0.501091
vn 0.295003 0.813561 -0.501091
vn 0.229494 0.810411 -0.539043
vn 0.344076 0.922583 -0.174508
vn 0.369528 0.906734 -0.203179
vn 0.373010 0.917303 -0.139352
vn 0.369528 0.906734 -0.203179
vn 0.377845 0.909068 -0.175580
vn 0.451859 -0.186350 -0.872409
vn 0.451859 -0.186350 -0.872409
vn 0.565378 -0.308704 -0.764885
vn 0.785137 -0.297078 -0.543419
vn 0.785137 -0.297078 -0.543419
vn 0.785137 -0.297078 -0.543419
vn 0.988095 -0.115422 -0.101712
vn 0.988095 -0.115422 -0.101712
vn -0.159153 -0.000326 -0.987254
vn -0.159153 -0.000326 -0.987254
vn -0.119045 0.028031 -0.992493
vn -0.091470 0.098865 -0.990888
vn -0.107391 -0.008921 -0.994177
vn -0.107391 -0.008921 -0.994177
vn -0.044459 0.056491 -0.997413
vn -0.044459 0.056491 -0.997413
vn -0.044459 0.056491 -0.997413
vn -0.026479 0.068693 -0.997286
vn -0.053063 0.068646 -0.996229
vn -0.053063 0.068646 -0.996229
vn -0.053063 0.068646 -0.996229
vn -0.094069 0.039103 -0.994797
vn 0.085242 -0.035279 -0.995736
vn 0.085242 -0.035279 -0.995736
vn 0.085242 -0.035279 -0.995736
vn 0.063467 0.056560 -0.996380
vn 0.176287 -0.111109 -0.978048
vn 0.364705 -0.202036 -0.908940
vn 0.026964 0.086242 -0.995909
vn 0.364705 -0.202036 -0.908940
vn 0.691832 -0.376864 -0.615908
vn 0.648441 -0.291696 -0.703163
vn 0.691832 -0.376864 -0.615908
vn 0.695376 -0.191692 -0.692609
vn 0.903873 -0.298628 -0.306325
vn 0.364705 -0.202036 -0.908940
vn 0.374464 -0.211380 -0.902826
vn 0.695376 -0.191692 -0.692609
vn 0.770627 -0.285618 -0.569698
vn -0.091470 0.098865 -0.990888
vn -0.091470 0.098865 -0.990888
vn -0.068348 0.114712 -0.991045
vn -0.072837 0.073580 -0.994626
vn -0.072837 0.073580 -0.994626
vn -0.014037 0.107371 -0.994120
vn -0.014037 0.107371 -0.994120
vn -0.014037 0.107371 -0.994120
vn -0.002506 0.115047 -0.993357
vn -0.140151 0.117551 -0.983127
vn -0.140151 0.117551 -0.983127
vn -0.140151 0.117551 -0.983127
vn 0.279229 0.809201 -0.516937
vn 0.279229 0.809201 -0.516937
vn 0.279229 0.809201 -0.516937
vn 0.330821 0.787479 -0.520033
vn 0.345525 0.854176 0.388582
vn 0.345525 0.854176 0.388582
vn 0.345525 0.854176 0.388582
vn 0.261937 0.858621 0.440634
vn 0.261937 0.858621 0.440634
vn 0.261937 0.858621 0.440634
vn 0.259700 0.868407 0.422404
vn 0.251272 0.004368 -0.967907
vn -0.068084 0.237148 -0.969085
vn -0.068084 0.237148 -0.969085
vn -0.068084 0.237148 -0.969085
vn -0.052402 0.247858 -0.967378
vn -0.024228 0.232090 -0.972392
vn -0.024228 0.232090 -0.972392
vn 0.040896 0.242600 -0.969264
vn 0.040896 0.242600 -0.969264
vn 0.040896 0.242600 -0.969264
vn 0.079045 0.267534 -0.960301
vn -0.126680 0.324407 -0.937397
vn -0.126680 0.324407 -0.937397
vn 0.084760 0.476993 -0.874810
vn 0.097022 0.489740 -0.866454
vn -0.047018 0.442786 -0.895394
vn -0.047018 0.442786 -0.895394
vn -0.047018 0.442786 -0.895394
vn -0.023380 0.458048 -0.888620
vn -0.014259 0.439656 -0.898053
vn -0.014259 0.439656 -0.898053
vn 0.097022 0.489740 -0.866454
vn 0.097022 0.489739 -0.866454
vn 0.064202 0.468102 -0.881339
vn 0.084760 0.476993 -0.874810
vn 0.084760 0.476993 -0.874810
vn 0.139491 0.507551 -0.850255
vn 0.161937 0.543958 -0.823338
vn 0.209769 0.632700 -0.745445
vn 0.209769 0.632700 -0.745445
vn 0.148754 0.650678 -0.744641
vn 0.334178 0.292243 -0.896057
vn 0.297816 0.428231 -0.853184
vn 0.334179 0.292243 -0.896057
vn 0.148754 0.650678 -0.744641
vn 0.334178 0.292243 -0.896058
vn 0.148754 0.650678 -0.744641
vn 0.131245 0.600404 -0.788853
vn 0.110859 0.596245 -0.795111
vn 0.094722 0.177646 -0.979525
vn 0.094722 0.177646 -0.979525
vn 0.094722 0.177646 -0.979525
vn 0.092852 0.263147 -0.960277
vn 0.033040 0.545016 -0.837774
vn 0.033040 0.545016 -0.837774
vn 0.033040 0.545016 -0.837774
vn 0.004286 0.512612 -0.858610
vn 0.002809 0.421792 -0.906688
vn 0.002809 0.421792 -0.906688
vn 0.002809 0.421792 -0.906688
vn 0.001757 0.417322 -0.908757
vn -0.000622 0.490355 -0.871522
vn -0.000622 0.490355 -0.871522
vn -0.000622 0.490355 -0.871522
vn 0.004423 0.485684 -0.874123
vn 0.026898 0.417572 -0.908246
vn -0.005210 0.529077 -0.848558
vn -0.005210 0.529077 -0.848558
vn -0.014457 0.515936 -0.856505
vn -0.020746 0.537463 -0.843032
vn 0.033135 0.500093 -0.865338
vn 0.070834 -0.021640 -0.997253
vn 0.070834 -0.021640 -0.997253
vn -0.045204 -0.021327 -0.998750
vn 0.066930 -0.105571 -0.992157
vn -0.079563 -0.043898 -0.995863
vn -0.079563 -0.043898 -0.995863
vn 0.007093 0.311571 -0.950196
vn 0.007093 0.311571 -0.950197
vn 0.008150 0.311568 -0.950189
vn 0.007007 0.312861 -0.949773
vn -0.029096 0.030646 -0.999107
vn -0.029096 0.030646 -0.999107
vn -0.029096 0.030646 -0.999107
vn -0.028086 0.048741 -0.998416
vn -0.027629 -0.061319 -0.997736
vn -0.085379 -0.064393 -0.994266
vn -0.095552 -0.080962 -0.992127
vn -0.095552 -0.080962 -0.992127
vn -0.039980 -0.099670 -0.994217
vn -0.125451 -0.120320 -0.984777
vn -0.125316 -0.112014 -0.985773
vn -0.164468 -0.139488 -0.976470
vn -0.055294 -0.120469 -0.991176
vn -0.207975 -0.147361 -0.966970
vn -0.207806 -0.125763 -0.970052
vn -0.238160 -0.145849 -0.960212
vn -0.229714 -0.154096 -0.960982
vn -0.084964 -0.140609 -0.986413
vn -0.235032 -0.132782 -0.962875
vn -0.229436 -0.146646 -0.962213
vn -0.228757 -0.146245 -0.962436
vn -0.064473 -0.189691 -0.979725
vn -0.212344 -0.150608 -0.965519
vn -0.204065 -0.176634 -0.962890
vn -0.175233 -0.159543 -0.971514
vn -0.030306 -0.222529 -0.974455
vn -0.160616 -0.174746 -0.971425
vn -0.099877 -0.273453 -0.956686
vn -0.176568 -0.156287 -0.971801
vn 0.001916 -0.085720 -0.996317
vn -0.074246 -0.081916 -0.993870
vn -0.048785 -0.029238 -0.998381
vn -0.054428 -0.025662 -0.998188
vn 0.003553 -0.001676 -0.999992
vn -0.072702 0.072439 -0.994720
vn -0.075428 0.055815 -0.995588
vn -0.090881 0.058206 -0.994159
vn -0.081911 0.080285 -0.993401
vn -0.038385 0.152031 -0.987630
vn 0.037627 0.443083 -0.895691
vn 0.015127 0.303322 -0.952768
vn -0.993104 0.105010 -0.052125
vn -0.993104 0.105010 -0.052125
vn -0.993104 0.105010 -0.052125
vn -0.990769 0.116790 -0.068821
vn -0.972912 0.098473 0.209154
vn -0.972912 0.098473 0.209154
vn -0.972912 0.098473 0.209154
vn -0.996684 0.081101 -0.006577
vn -0.687714 0.008368 0.725934
vn -0.687714 0.008368 0.725934
vn -0.687714 0.008368 0.725934
vn -0.998764 0.014349 -0.047599
vn -0.998984 0.011633 -0.043531
vn -0.837868 0.531081 -0.126217
vn -0.837868 0.531081 -0.126217
vn -0.837868 0.531081 -0.126217
vn -0.832970 0.542134 -0.110689
vn -0.790842 0.580481 -0.193933
vn -0.790842 0.580481 -0.193933
vn -0.790842 0.580481 -0.193933
vn -0.769759 0.585621 -0.254005
vn -0.784079 -0.310976 0.537135
vn -0.784079 -0.310976 0.537135
vn -0.784079 -0.310976 0.537135
vn -0.797774 -0.311744 0.516113
vn -0.946829 -0.290853 -0.137550
vn -0.934150 -0.324985 -0.147475
vn -0.986313 -0.162897 -0.025536
vn -0.984623 -0.171178 -0.034876
vn -0.967269 -0.162794 0.194649
vn -0.967269 -0.162794 0.194649
vn -0.967269 -0.162794 0.194649
vn -0.702981 -0.105971 0.703270
vn -0.702981 -0.105971 0.703270
vn -0.702981 -0.105971 0.703270
vn -0.972915 -0.229592 -0.026914
vn -0.975110 -0.221071 -0.017000
vn -0.971427 -0.236882 -0.014747
vn -0.971117 -0.238057 -0.016172
vn -0.977965 -0.208698 0.005458
vn -0.977965 -0.208698 0.005458
vn -0.977965 -0.208698 0.005458
vn -0.978245 -0.206267 0.022140
vn -0.822297 -0.134538 0.552926
vn -0.822297 -0.134538 0.552926
vn -0.822297 -0.134538 0.552926
vn -0.776889 -0.119369 0.618218
vn -0.974449 -0.223873 -0.018182
vn -0.971722 -0.234100 -0.030873
vn -0.974188 -0.223419 -0.032279
vn -0.974410 -0.222593 -0.031271
vn -0.835934 -0.140038 0.530663
vn -0.835934 -0.140038 0.530663
vn -0.761046 -0.120160 0.637472
vn -0.761046 -0.120160 0.637472
vn -0.974914 -0.220298 -0.031804
vn -0.986577 -0.159703 0.034061
vn -0.999980 0.004026 -0.004916
vn -0.977106 -0.211759 -0.020562
vn -0.989970 0.099875 0.099922
vn -0.989103 -0.117437 -0.088797
vn -0.893501 -0.112756 -0.434674
vn -0.893501 -0.112756 -0.434674
vn -0.893501 -0.112756 -0.434674
vn -0.924362 0.378165 -0.050466
vn -0.924362 0.378165 -0.050466
vn -0.924362 0.378165 -0.050466
vn -0.947099 0.315395 0.059415
vn -0.919378 0.384032 0.085223
vn -0.649750 0.008609 0.760099
vn -0.981039 0.105625 -0.162502
vn -0.954887 0.008837 -0.296837
vn -0.965661 0.070864 -0.249954
vn -0.973440 0.153418 -0.169937
vn -0.927792 0.367708 -0.063191
vn -0.927792 0.367708 -0.063191
vn -0.927792 0.367708 -0.063191
vn -0.651973 0.402488 0.642600
vn -0.944045 0.133873 -0.301424
vn -0.944045 0.133873 -0.301424
vn -0.961638 0.081349 -0.261981
vn -0.963304 0.090248 -0.252785
vn -0.964897 0.049250 -0.257970
vn -0.970046 0.069148 -0.232870
vn -0.968990 0.016203 -0.246568
vn -0.968990 0.016203 -0.246568
vn -0.968990 0.016203 -0.246568
vn -0.954008 0.120212 -0.274622
vn -0.968991 0.005867 -0.247027
vn -0.976383 0.024141 -0.214694
vn -0.966363 0.004507 -0.257141
vn -0.985918 0.000032 -0.167230
vn -0.981193 0.012881 -0.192600
vn -0.972454 0.041502 -0.229370
vn -0.980860 0.022217 -0.193443
vn -0.983960 0.024866 -0.176645
vn -0.983960 0.024866 -0.176645
vn -0.981916 0.010784 -0.189010
vn -0.998930 0.032790 0.032614
vn -0.998930 0.032790 0.032614
vn -0.998930 0.032790 0.032614
vn -0.994689 0.058961 0.084364
vn -0.994689 0.058961 0.084364
vn -0.994689 0.058961 0.084364
vn -0.998130 0.052827 -0.030747
vn -0.983008 0.065516 -0.171471
vn -0.975516 0.089860 -0.200735
vn -0.977647 0.030329 -0.208056
vn -0.993317 0.000092 -0.115419
vn -0.993317 0.000092 -0.115419
vn -0.998205 -0.059753 -0.004102
vn -0.990390 -0.030532 0.134891
vn -0.998571 -0.052896 0.007627
vn -0.520884 -0.080334 -0.849839
vn -0.520884 -0.080334 -0.849839
vn 0.997212 0.063438 -0.039281
vn -0.982518 -0.095866 -0.159588
vn -0.979575 -0.076425 -0.185988
vn -0.975534 0.151097 -0.159699
vn -0.971775 0.130699 -0.196394
vn -0.984935 0.000791 -0.172921
vn -0.966284 0.203933 0.157186
vn -0.971868 0.210764 -0.105130
vn -0.971867 0.210764 -0.105130
vn -0.979207 0.180199 -0.093174
vn -0.983550 0.177791 -0.031931
vn -0.983550 0.177791 -0.031931
vn -0.983550 0.177791 -0.031931
vn -0.958421 0.215241 -0.187353
vn -0.959373 0.221279 -0.175042
vn -0.980585 0.028175 -0.194062
vn -0.982282 0.033133 -0.184457
vn -0.803650 -0.001197 0.595101
vn -0.845778 0.008162 0.533473
vn -0.845778 0.008162 0.533473
vn -0.962925 0.024760 -0.268629
vn -0.929498 0.027377 -0.367810
vn -0.996909 -0.064827 -0.044384
vn -0.996909 -0.064827 -0.044384
vn -0.955027 -0.254950 -0.151410
vn -0.955027 -0.254950 -0.151410
vn -0.982860 0.126287 -0.134305
vn -0.992795 0.086341 -0.083092
vn -0.916513 -0.320091 -0.239886
vn -0.898771 -0.360156 -0.249996
vn -0.661963 -0.673010 -0.329944
vn -0.661963 -0.673010 -0.329944
vn -0.674662 -0.656900 -0.336621
vn -0.731496 0.557400 -0.392708
vn -0.731496 0.557400 -0.392708
vn -0.731692 0.550236 -0.402327
vn -0.953426 -0.229441 -0.195794
vn -0.953426 -0.229441 -0.195794
vn -0.906904 -0.232401 -0.351447
vn -0.907814 -0.231011 -0.350011
vn -0.957475 -0.232280 -0.171135
vn -0.957475 -0.232280 -0.171135
vn -0.918297 -0.235418 -0.318290
vn -0.940384 -0.196880 -0.277339
vn -0.989103 -0.117437 -0.088797
vn -0.964939 -0.127920 -0.229194
vn -0.966050 -0.124979 -0.226113
vn -0.954887 0.008837 -0.296837
vn -0.924817 -0.040730 -0.378226
vn -0.938377 -0.003449 -0.345595
vn -0.871238 -0.089052 -0.482716
vn -0.954171 0.086937 -0.286357
vn -0.954171 0.086937 -0.286357
vn -0.899523 0.061588 -0.432511
vn -0.878978 0.011788 -0.476716
vn -0.935933 -0.030545 -0.350850
vn -0.935933 -0.030545 -0.350850
vn -0.923024 0.022013 -0.384112
vn -0.843370 -0.031558 -0.536406
vn -0.843370 -0.031558 -0.536406
vn -0.923024 0.022013 -0.384112
vn -0.873413 0.032122 -0.485919
vn -0.873413 0.032122 -0.485919
vn -0.839204 0.048067 -0.541689
vn -0.907121 0.077612 -0.413651
vn -0.984935 0.000791 -0.172921
vn -0.910247 0.082398 -0.405785
vn -0.935081 0.175605 -0.307875
vn -0.935081 0.175605 -0.307875
vn -0.912536 0.180906 -0.366812
vn -0.892121 0.140040 -0.429544
vn -0.963791 0.062434 -0.259248
vn -0.898849 0.077484 -0.431355
vn -0.828401 -0.316430 -0.462195
vn -0.828401 -0.316430 -0.462195
vn -0.755177 -0.300293 -0.582693
vn -0.782975 -0.117886 -0.610780
vn -0.812490 -0.240869 -0.530887
vn -0.889030 -0.184980 -0.418817
vn -0.864769 -0.260717 -0.429187
vn -0.986719 0.037927 0.157944
vn -0.695701 -0.231150 -0.680125
vn -0.695701 -0.231150 -0.680125
vn -0.579633 -0.263251 -0.771184
vn -0.579633 -0.263251 -0.771184
vn -0.576888 -0.273892 -0.769534
vn -0.570686 -0.266894 -0.776586
vn -0.522489 -0.242227 -0.817515
vn -0.522489 -0.242227 -0.817515
vn -0.447298 -0.195868 -0.872674
vn -0.439396 -0.267809 -0.857443
vn -0.447298 -0.195868 -0.872674
vn -0.562673 -0.177758 -0.807342
vn -0.371248 -0.209659 -0.904554
vn -0.384268 -0.163805 -0.908574
vn -0.172159 0.503008 -0.846962
vn -0.172159 0.503008 -0.846962
vn -0.172159 0.503009 -0.846961
vn -0.119410 0.531561 -0.838561
vn -0.210369 0.468523 -0.858039
vn -0.276641 0.414649 -0.866912
vn -0.119410 0.531561 -0.838561
vn -0.131532 0.599070 -0.789819
vn -0.187168 0.571239 -0.799159
vn -0.161066 0.575223 -0.801983
vn -0.090537 0.517338 -0.850978
vn -0.313254 0.637880 -0.703548
vn -0.384268 -0.163805 -0.908574
vn -0.233743 -0.147171 -0.961096
vn -0.233743 -0.147171 -0.961096
vn -0.222141 -0.124780 -0.966997
vn -0.231265 -0.182910 -0.955542
vn -0.213453 -0.169813 -0.962082
vn -0.222141 -0.124780 -0.966997
vn -0.231916 -0.254272 -0.938915
vn -0.151837 -0.118974 -0.981219
vn -0.151837 -0.118974 -0.981219
vn -0.151597 -0.129490 -0.979924
vn -0.137219 -0.118556 -0.983420
vn -0.068733 -0.102366 -0.992369
vn -0.068733 -0.102366 -0.992369
vn -0.057934 -0.130952 -0.989695
vn 0.222488 0.026663 -0.974571
vn -0.676503 -0.628329 -0.384117
vn -0.676503 -0.628329 -0.384117
vn -0.731896 -0.335347 -0.593187
vn -0.731896 -0.335347 -0.593187
vn -0.763074 -0.278273 -0.583338
vn -0.656413 0.557755 -0.507968
vn -0.656413 0.557755 -0.507968
vn -0.645085 -0.488242 -0.587780
vn -0.645085 -0.488242 -0.587780
vn -0.645085 -0.488242 -0.587780
vn -0.614460 -0.484345 -0.622774
vn -0.638318 -0.423102 -0.643067
vn -0.610832 0.528103 -0.589909
vn -0.610832 0.528103 -0.589909
vn -0.610832 0.528103 -0.589909
vn -0.599182 0.493508 -0.630422
vn -0.575795 -0.129961 -0.807199
vn -0.618517 -0.022955 -0.785436
vn -0.508395 -0.302541 -0.806228
vn -0.508395 -0.302541 -0.806228
vn -0.522290 -0.218174 -0.824387
vn -0.455374 0.443832 -0.771782
vn -0.455374 0.443832 -0.771782
vn -0.442500 0.421300 -0.791644
vn 0.074372 0.227623 -0.970905
vn 0.074372 0.227623 -0.970905
vn 0.074372 0.227623 -0.970905
vn 0.119006 0.259990 -0.958250
vn 0.001939 0.437435 -0.899248
vn 0.001939 0.437435 -0.899248
vn -0.090647 0.473863 -0.875921
vn -0.055655 0.429127 -0.901528
vn -0.044632 0.247914 -0.967753
vn -0.339504 0.079118 -0.937271
vn -0.367494 0.149868 -0.917871
vn -0.224064 0.152366 -0.962590
vn -0.252826 0.223429 -0.941360
vn -0.226866 0.325429 -0.917948
vn -0.226866 0.325429 -0.917948
vn -0.392865 0.372317 -0.840855
vn -0.136965 0.221613 -0.965468
vn -0.149871 0.256056 -0.954973
vn -0.078239 0.040009 -0.996132
vn -0.078239 0.040009 -0.996131
vn -0.082654 -0.025264 -0.996258
vn -0.029185 0.291816 -0.956029
vn -0.029185 0.291816 -0.956029
vn -0.031711 0.295330 -0.954869
vn -0.032059 0.059771 -0.997697
vn -0.032059 0.059771 -0.997697
vn 0.000357 0.266503 -0.963834
vn -0.889030 -0.184980 -0.418817
vn -0.833890 -0.185419 -0.519853
vn -0.823314 -0.197931 -0.531956
vn -0.657637 -0.207645 -0.724153
vn -0.657637 -0.207645 -0.724153
vn -0.555960 -0.212687 -0.803538
vn -0.582464 -0.192695 -0.789686
vn -0.691546 -0.180804 -0.699338
vn -0.562673 -0.177758 -0.807342
vn -0.536069 -0.166546 -0.827582
vn -0.607565 -0.180365 -0.773520
vn -0.536069 -0.166546 -0.827582
vn -0.143263 0.239190 -0.960346
vn -0.161853 0.223125 -0.961259
vn -0.243443 0.348751 -0.905046
vn -0.318804 0.274362 -0.907243
vn -0.269163 0.170987 -0.947795
vn -0.295950 0.167228 -0.940451
vn -0.454636 -0.148663 -0.878183
vn -0.454635 -0.148663 -0.878183
vn -0.302796 -0.123683 -0.944996
vn -0.302796 -0.123683 -0.944996
vn -0.262517 -0.123291 -0.957018
vn -0.262517 -0.123291 -0.957018
vn -0.161438 -0.128401 -0.978494
vn -0.161438 -0.128401 -0.978494
vn -0.124220 -0.104734 -0.986712
vn -0.124220 -0.104734 -0.986712
vn -0.199071 -0.150247 -0.968399
vn -0.924711 -0.162307 -0.344333
vn -0.924711 -0.162307 -0.344333
vn -0.826478 -0.177940 -0.534108
vn -0.830176 -0.173906 -0.529683
vn -0.691546 -0.180804 -0.699338
vn -0.641519 -0.152059 -0.751885
vn -0.720409 -0.178648 -0.670146
vn -0.618866 -0.133085 -0.774141
vn -0.618866 -0.133085 -0.774141
vn -0.673800 -0.190423 -0.713956
vn -0.564731 -0.136248 -0.813951
vn -0.567506 -0.133976 -0.812396
vn -0.418949 0.038296 -0.907202
vn -0.420020 0.169329 -0.891578
vn -0.420020 0.169329 -0.891578
vn -0.428260 0.066141 -0.901232
vn -0.518148 -0.116182 -0.847363
vn -0.441475 -0.162276 -0.882477
vn -0.463783 -0.141394 -0.874593
vn -0.463783 -0.141394 -0.874593
vn -0.347072 -0.159769 -0.924129
vn -0.347072 -0.159769 -0.924129
vn -0.205780 -0.180873 -0.961738
vn -0.205780 -0.180873 -0.961738
vn -0.149649 -0.165786 -0.974741
vn -0.149649 -0.165786 -0.974741
vn -0.199071 -0.150247 -0.968399
vn -0.897444 -0.186361 -0.399829
vn -0.897444 -0.186361 -0.399829
vn -0.808960 -0.209946 -0.549096
vn -0.834350 -0.177990 -0.521708
vn -0.720409 -0.178648 -0.670146
vn -0.704812 -0.158828 -0.691386
vn -0.671296 -0.150806 -0.725685
vn -0.671296 -0.150806 -0.725686
vn -0.567089 -0.164561 -0.807050
vn -0.566141 -0.165386 -0.807547
vn -0.362296 -0.090082 -0.927700
vn -0.492791 -0.253143 -0.832512
vn -0.654180 -0.284440 -0.700815
vn -0.627496 -0.191827 -0.754620
vn -0.627496 -0.191827 -0.754620
vn -0.621389 -0.319546 -0.715379
vn -0.713297 -0.478500 -0.512098
vn -0.407735 -0.189291 -0.893264
vn -0.407735 -0.189291 -0.893264
vn -0.286758 -0.202163 -0.936429
vn -0.286758 -0.202163 -0.936429
vn -0.227932 -0.182324 -0.956454
vn -0.227932 -0.182324 -0.956454
vn -0.206341 -0.167804 -0.963984
vn -0.206341 -0.167804 -0.963984
vn -0.229714 -0.154096 -0.960982
vn -0.260908 -0.140649 -0.955063
vn -0.871238 -0.089052 -0.482716
vn -0.830221 -0.108845 -0.546705
vn -0.833708 -0.103840 -0.542354
vn -0.766256 -0.128207 -0.629614
vn -0.766256 -0.128207 -0.629614
vn -0.666760 -0.173411 -0.724817
vn -0.693396 -0.148561 -0.705076
vn -0.624505 -0.194929 -0.756304
vn -0.624505 -0.194929 -0.756304
vn -0.593519 -0.197264 -0.780271
vn -0.611334 -0.180361 -0.770546
vn -0.382832 0.603333 -0.699592
vn -0.382832 0.603333 -0.699592
vn -0.382832 0.603333 -0.699592
vn -0.424473 0.548875 -0.720110
vn -0.398915 0.641995 -0.654759
vn -0.366497 0.683345 -0.631442
vn -0.504061 0.554975 -0.661759
vn -0.504061 0.554975 -0.661759
vn -0.504568 0.486956 -0.712941
vn -0.611377 0.389619 -0.688778
vn -0.444028 -0.154475 -0.882596
vn -0.444028 -0.154475 -0.882596
vn -0.272332 -0.158193 -0.949110
vn -0.272332 -0.158193 -0.949110
vn -0.250020 -0.162249 -0.954550
vn -0.354548 -0.182587 -0.917037
vn -0.237906 -0.164506 -0.957256
vn -0.250020 -0.162249 -0.954550
vn -0.249827 -0.151831 -0.956313
vn -0.260908 -0.140649 -0.955063
vn -0.835606 -0.022140 -0.548883
vn -0.835606 -0.022140 -0.548883
vn -0.802640 -0.054568 -0.593962
vn -0.819015 -0.029923 -0.572991
vn -0.753466 -0.087816 -0.651596
vn -0.753466 -0.087816 -0.651596
vn -0.663070 -0.097049 -0.742239
vn -0.662197 -0.097988 -0.742895
vn -0.631671 -0.115207 -0.766628
vn -0.631671 -0.115207 -0.766628
vn -0.587580 -0.124850 -0.799476
vn -0.587580 -0.124850 -0.799476
vn -0.494513 -0.163557 -0.853643
vn -0.470869 0.824135 0.314775
vn -0.470869 0.824135 0.314775
vn -0.470869 0.824135 0.314775
vn -0.484746 0.837585 0.251936
vn -0.448372 0.711494 -0.541053
vn -0.448372 0.711494 -0.541053
vn -0.448372 0.711494 -0.541053
vn -0.380972 0.741181 -0.552731
vn -0.380972 0.741181 -0.552731
vn -0.421269 0.861991 -0.281966
vn -0.370916 0.904480 -0.210564
vn -0.330421 0.919653 -0.212275
vn -0.494513 -0.163557 -0.853643
vn -0.393478 -0.150219 -0.906978
vn -0.305794 -0.125895 -0.943738
vn -0.305794 -0.125895 -0.943738
vn -0.392732 -0.108822 -0.913192
vn -0.252108 -0.128948 -0.959069
vn -0.261205 -0.117742 -0.958076
vn -0.357782 -0.093762 -0.929086
vn -0.241300 -0.125152 -0.962347
vn -0.241300 -0.125152 -0.962347
vn -0.838024 -0.026539 -0.544988
vn -0.838024 -0.026539 -0.544988
vn -0.802151 -0.018230 -0.596843
vn -0.803276 -0.016262 -0.595385
vn -0.739832 -0.025361 -0.672314
vn -0.739832 -0.025361 -0.672314
vn -0.790930 0.015911 -0.611699
vn -0.693585 -0.018265 -0.720143
vn -0.672252 -0.040742 -0.739200
vn -0.720211 -0.033931 -0.692924
vn -0.585344 -0.064331 -0.808229
vn -0.585344 -0.064331 -0.808229
vn -0.582165 -0.064182 -0.810533
vn -0.557103 -0.097768 -0.824668
vn -0.573165 -0.059743 -0.817259
vn -0.313254 0.637880 -0.703548
vn -0.263711 0.632883 -0.727953
vn -0.479124 -0.106931 -0.871209
vn -0.479124 -0.106931 -0.871209
vn -0.392732 -0.108822 -0.913192
vn -0.357782 -0.093762 -0.929086
vn -0.282038 -0.102664 -0.953894
vn -0.270530 -0.115607 -0.955745
vn -0.176568 -0.156287 -0.971801
vn -0.241425 -0.087165 -0.966497
vn -0.839204 0.048067 -0.541689
vn -0.790930 0.015911 -0.611699
vn -0.720211 -0.033931 -0.692924
vn -0.660522 -0.036267 -0.749930
vn -0.644686 -0.057082 -0.762314
vn -0.573165 -0.059743 -0.817259
vn -0.505377 -0.045566 -0.861695
vn -0.482713 -0.062727 -0.873529
vn -0.286897 0.945571 -0.153573
vn -0.306481 0.810408 -0.499309
vn -0.293756 0.795832 -0.529489
vn -0.306481 0.810407 -0.499309
vn -0.351485 0.921804 -0.163511
vn -0.308622 0.805935 -0.505195
vn -0.434545 -0.076559 -0.897390
vn -0.434545 -0.076559 -0.897390
vn -0.417359 -0.075064 -0.905636
vn -0.396800 -0.096146 -0.912856
vn -0.339232 -0.081306 -0.937182
vn -0.339232 -0.081306 -0.937182
vn -0.241425 -0.087165 -0.966497
vn -0.189875 -0.064654 -0.979677
vn -0.189875 -0.064654 -0.979677
vn -0.170405 0.000545 -0.985374
vn -0.887259 0.085723 -0.453237
vn -0.887259 0.085723 -0.453237
vn -0.770996 0.115980 -0.626190
vn -0.754774 0.089532 -0.649847
vn -0.853320 0.150120 -0.499309
vn -0.642248 0.075138 -0.762805
vn -0.642248 0.075138 -0.762805
vn -0.714432 0.161236 -0.680875
vn -0.570808 0.083998 -0.816776
vn -0.551697 0.056647 -0.832119
vn -0.657098 0.245005 -0.712878
vn -0.529099 0.047552 -0.847227
vn -0.529099 0.047552 -0.847227
vn -0.518812 0.050591 -0.853390
vn -0.467929 0.006023 -0.883745
vn -0.220040 0.616805 -0.755734
vn -0.221955 0.584414 -0.780510
vn -0.159024 0.537352 -0.828230
vn -0.342636 -0.044961 -0.938392
vn -0.342636 -0.044961 -0.938392
vn -0.364735 -0.048019 -0.929872
vn -0.364132 -0.048609 -0.930078
vn -0.318791 -0.042172 -0.946886
vn -0.318791 -0.042172 -0.946886
vn -0.246073 -0.025775 -0.968908
vn -0.252923 -0.020097 -0.967278
vn -0.170405 0.000545 -0.985374
vn -0.126975 0.068422 -0.989543
vn -0.853320 0.150120 -0.499309
vn -0.742195 0.193926 -0.641513
vn -0.657098 0.245005 -0.712878
vn -0.528155 0.248619 -0.811937
vn -0.539847 0.261354 -0.800162
vn -0.387335 0.163809 -0.907270
vn -0.387335 0.163809 -0.907270
vn -0.345523 0.167179 -0.923399
vn -0.374916 0.195886 -0.906127
vn -0.357935 0.307048 -0.881819
vn -0.357935 0.307048 -0.881819
vn -0.387032 0.003087 -0.922061
vn -0.352870 0.326665 -0.876797
vn -0.353192 0.222527 -0.908701
vn -0.353192 0.222527 -0.908701
vn -0.326883 0.225034 -0.917882
vn -0.297864 0.197624 -0.933928
vn -0.220150 0.137576 -0.965716
vn -0.220150 0.137576 -0.965716
vn -0.214375 0.138035 -0.966949
vn -0.157047 0.083223 -0.984078
vn -0.126975 0.068422 -0.989543
vn -0.858388 0.046641 -0.510876
vn -0.763993 0.056017 -0.642788
vn -0.740453 0.091584 -0.665839
vn -0.679993 0.097181 -0.726750
vn -0.615876 0.191458 -0.764226
vn -0.405932 0.207967 -0.889926
vn -0.150614 0.375318 -0.914577
vn -0.094044 0.474744 -0.875085
vn 0.012385 0.467967 -0.883659
vn -0.727370 0.659240 -0.190620
vn -0.727370 0.659240 -0.190620
vn -0.727370 0.659240 -0.190620
vn -0.726078 0.660127 -0.192467
vn -0.691829 0.576225 -0.435130
vn -0.691829 0.576225 -0.435130
vn -0.691829 0.576225 -0.435130
vn -0.730191 0.545026 -0.412030
vn -0.637944 0.628986 -0.444301
vn -0.677172 0.716657 -0.166854
vn -0.650702 0.734064 -0.194261
vn -0.611377 0.389619 -0.688778
vn -0.611377 0.389619 -0.688778
vn -0.603910 0.393402 -0.693201
vn -0.387032 0.003087 -0.922061
vn -0.387032 0.003087 -0.922061
vn -0.401569 -0.010032 -0.915774
vn -0.713297 -0.478500 -0.512098
vn -0.713297 -0.478500 -0.512098
vn -0.728114 -0.628117 -0.274442
vn -0.587366 -0.521655 -0.618770
vn -0.426964 -0.330511 -0.841703
vn -0.596800 -0.373707 -0.710051
vn -0.946134 -0.323649 -0.009071
vn -0.946134 -0.323649 -0.009071
vn -0.946134 -0.323649 -0.009071
vn -0.872855 -0.478367 -0.096384
vn -0.851656 -0.431014 -0.298176
vn -0.851656 -0.431014 -0.298176
vn -0.731749 -0.372938 -0.570491
vn -0.901737 -0.415502 0.119281
vn -0.728114 -0.628117 -0.274442
vn -0.654180 -0.284440 -0.700815
vn -0.728114 -0.628118 -0.274442
vn -0.609109 -0.733873 -0.300695
vn -0.462774 -0.684612 -0.563157
vn -0.909126 -0.372447 0.186476
vn -0.924082 -0.280008 0.260130
vn -0.924082 -0.280008 0.260130
vn -0.924082 -0.280008 0.260130
vn -0.927190 -0.137180 0.348568
vn -0.931133 -0.202365 0.303381
vn -0.901737 -0.415502 0.119281
vn -0.901737 -0.415502 0.119281
vn -0.964627 -0.230383 0.128137
vn -0.870538 -0.250473 -0.423587
vn -0.833727 -0.276600 -0.477904
vn -0.934708 -0.199281 0.294292
vn -0.928550 -0.302818 0.214702
vn -0.987495 -0.135696 0.080257
vn -0.987495 -0.135696 0.080257
vn -0.987495 -0.135696 0.080257
vn -0.985802 -0.150092 0.075280
vn -0.939768 -0.315726 0.130967
vn -0.999456 -0.027683 -0.017922
vn -0.896289 -0.244751 0.369815
vn -0.896289 -0.244751 0.369815
vn -0.975399 0.019878 0.219548
vn -0.975399 0.019878 0.219548
vn -0.975399 0.019878 0.219548
vn -0.956482 0.028041 0.290441
vn -0.981262 0.182167 0.062764
vn -0.981262 0.182167 0.062764
vn -0.530766 -0.033671 -0.846849
vn -0.998296 -0.029105 -0.050573
vn -0.997064 -0.002962 -0.076513
vn -0.997028 -0.038787 -0.066561
vn -0.997028 -0.038787 -0.066561
vn -0.997028 -0.038787 -0.066561
vn -0.996631 0.042028 -0.070427
vn -0.522617 0.822652 -0.223865
vn -0.522617 0.822652 -0.223865
vn -0.445193 0.856469 -0.261274
vn -0.951261 0.161655 0.262622
vn -0.990915 0.075343 -0.111402
vn -0.951261 0.161655 0.262622
vn -0.984144 0.143076 0.104835
vn -0.943568 0.319372 -0.087645
vn -0.943568 0.319372 -0.087645
vn -0.931584 0.084969 0.353457
vn -0.970201 0.235883 0.055393
vn 0.127124 0.066794 -0.989635
vn 0.119972 0.026485 -0.992424
vn 0.247731 0.006911 -0.968804
vn 0.101752 0.002543 -0.994807
vn 0.028987 -0.147124 -0.988693
vn 0.099502 -0.041336 -0.994178
vn -0.128362 -0.066401 -0.989502
vn -0.128362 -0.066401 -0.989502
vn -0.122530 -0.113775 -0.985922
vn -0.081804 -0.097214 -0.991896
vn -0.113311 -0.144607 -0.982980
vn -0.113311 -0.144607 -0.982980
vn -0.174602 -0.194013 -0.965336
vn 0.028812 -0.028196 -0.999187
vn -0.175887 -0.164784 -0.970520
vn -0.231916 -0.254272 -0.938915
vn -0.305019 0.869525 0.388445
vn -0.305019 0.869525 0.388445
vn -0.305019 0.869525 0.388445
vn -0.300422 0.857961 0.416713
vn -0.308622 0.805935 -0.505195
vn -0.287035 0.813607 -0.505622
vn -0.218809 0.809644 -0.544609
vn -0.347351 0.926648 -0.143771
vn -0.371946 0.920406 -0.120450
vn -0.340232 -0.237020 -0.909980
vn -0.337946 -0.253242 -0.906455
vn -0.467653 -0.279783 -0.838464
vn -0.467653 -0.279783 -0.838464
vn -0.418963 -0.251627 -0.872441
vn -0.573353 -0.268535 -0.774051
vn -0.577380 -0.248633 -0.777698
vn -0.570754 -0.261384 -0.778407
vn -0.754958 -0.274372 -0.595616
vn -0.754958 -0.274372 -0.595616
vn -0.667608 -0.322088 -0.671237
vn -0.886556 -0.167952 -0.431058
vn 0.089402 -0.003736 -0.995989
vn 0.206936 -0.004347 -0.978345
vn 0.157232 0.032339 -0.987032
vn 0.066229 0.027760 -0.997418
vn 0.095535 0.036287 -0.994765
vn 0.045358 0.068362 -0.996629
vn 0.113478 0.102682 -0.988220
vn -0.052785 0.067479 -0.996323
vn -0.040889 0.059153 -0.997411
vn -0.024267 0.005566 -0.999690
vn 0.006520 0.037416 -0.999278
vn 0.028812 -0.028196 -0.999187
vn 0.016318 -0.094034 -0.995435
vn 0.016645 -0.104669 -0.994368
vn -0.100238 -0.145535 -0.984262
vn -0.100238 -0.145535 -0.984262
vn -0.654180 -0.284440 -0.700815
vn -0.314210 -0.229814 -0.921118
vn -0.315031 -0.224859 -0.922060
vn -0.418963 -0.251627 -0.872441
vn -0.561566 -0.296327 -0.772550
vn 0.029277 0.103201 -0.994230
vn 0.074940 0.129889 -0.988693
vn 0.013478 0.081407 -0.996590
vn 0.033204 0.116730 -0.992609
vn -0.025233 0.116287 -0.992895
vn -0.006230 0.103352 -0.994625
vn 0.051238 0.040051 -0.997883
vn 0.067319 0.093049 -0.993383
vn 0.160370 0.094088 -0.982562
vn 0.139079 0.010944 -0.990221
vn -0.051778 0.068337 -0.996318
vn -0.342021 0.928336 -0.145648
vn -0.342021 0.928336 -0.145648
vn -0.249807 0.823302 -0.509677
vn -0.268359 0.828526 -0.491455
vn -0.268359 0.828526 -0.491455
vn -0.268359 0.828526 -0.491455
vn -0.328495 0.798860 -0.503898
vn -0.354498 0.934355 0.036227
vn -0.354498 0.934355 0.036227
vn -0.354498 0.934355 0.036227
vn -0.343809 0.938709 0.024919
vn -0.175850 -0.027231 -0.984040
vn -0.324058 -0.052639 -0.944572
vn 0.018562 0.156580 -0.987491
vn 0.015035 0.235194 -0.971832
vn 0.063236 0.234508 -0.970055
vn 0.043316 0.248315 -0.967710
vn 0.059400 0.148204 -0.987171
vn 0.060345 0.249374 -0.966525
vn -0.044287 0.249523 -0.967356
vn -0.067511 0.265064 -0.961865
vn 0.030900 0.202191 -0.978859
vn -0.048679 0.319986 -0.946171
vn -0.079288 0.481541 -0.872830
vn -0.114535 0.402742 -0.908119
vn 0.009368 0.332945 -0.942900
vn 0.007560 0.441303 -0.897326
vn 0.041068 0.440426 -0.896849
vn 0.018376 0.455302 -0.890147
vn 0.067156 0.338371 -0.938614
vn 0.034634 0.480333 -0.876402
vn -0.063122 0.470577 -0.880098
vn -0.111199 0.472374 -0.874356
vn -0.139576 0.501717 -0.853697
vn -0.216199 0.557793 -0.801327
vn -0.200961 0.560790 -0.803199
vn -0.136419 0.520707 -0.842766
vn -0.272934 0.657916 -0.701892
vn -0.272934 0.657916 -0.701892
vn -0.159923 0.645308 -0.746995
vn -0.289105 0.671251 -0.682525
vn -0.138347 0.579211 -0.803352
vn -0.209860 0.643126 -0.736443
vn -0.209860 0.643126 -0.736443
vn -0.209860 0.643126 -0.736443
vn -0.291721 0.531600 -0.795173
vn -0.219431 0.720532 -0.657787
vn -0.071413 0.538541 -0.839568
vn -0.071413 0.538540 -0.839568
vn -0.024741 0.536440 -0.843576
vn -0.002612 0.510896 -0.859638
vn -0.035752 0.429192 -0.902505
vn -0.055739 0.497643 -0.865589
vn -0.120693 0.501100 -0.856932
vn -0.120693 0.501100 -0.856932
vn 0.002538 0.494149 -0.869374
vn 0.002538 0.494149 -0.869374
vn -0.001956 0.421804 -0.906685
vn -0.008233 0.407435 -0.913197
vn -0.045236 0.128661 -0.990656
vn -0.041870 0.160073 -0.986217
vn 0.011025 0.516300 -0.856337
vn 0.020216 0.510464 -0.859662
vn -0.054813 0.529410 -0.846593
vn -0.021725 0.504615 -0.863071
vn -0.086855 0.014789 0.996111
vn -0.086855 0.014789 0.996111
vn -0.086855 0.014789 0.996111
vn -0.121330 0.014537 0.992506
vn -0.146171 -0.034822 0.988646
vn -0.042441 0.005537 0.999084
vn -0.042441 0.005537 0.999084
vn -0.065311 0.005360 0.997851
vn -0.029216 0.035441 0.998945
vn -0.117440 -0.535439 0.836369
vn -0.121067 -0.508491 0.852514
vn -0.121067 -0.508491 0.852514
vn -0.121067 -0.508491 0.852514
vn -0.109395 -0.517235 0.848823
vn -0.109395 -0.517235 0.848823
vn -0.109395 -0.517235 0.848823
vn -0.147438 -0.475864 0.867073
vn -0.138326 -0.476100 0.868444
vn -0.131034 -0.509922 0.850182
vn -0.131034 -0.509921 0.850183
vn -0.125595 -0.525351 0.841565
vn -0.124129 -0.506859 0.853045
vn -0.212068 0.022170 0.977003
vn -0.212068 0.022170 0.977003
vn -0.212068 0.022170 0.977003
vn -0.225519 0.022051 0.973989
vn -0.263286 -0.017946 0.964551
vn -0.177619 0.021755 0.983859
vn -0.302993 0.015197 0.952872
vn -0.302993 0.015197 0.952872
vn -0.302994 0.015197 0.952871
vn -0.321850 0.000257 0.946791
vn -0.258087 0.019917 0.965916
vn -0.270504 0.015619 0.962592
vn -0.338499 0.001101 0.940966
vn -0.338499 0.001101 0.940966
vn -0.338499 0.001101 0.940966
vn -0.353420 -0.011376 0.935396
vn -0.275821 0.009459 0.961163
vn -0.281923 0.002029 0.959435
vn -0.287968 -0.008616 0.957601
vn -0.366182 -0.016175 0.930403
vn -0.366182 -0.016175 0.930403
vn -0.366182 -0.016175 0.930403
vn -0.380700 -0.027941 0.924276
vn -0.376140 -0.040956 0.925657
vn -0.278299 -0.017153 0.960341
vn -0.384056 -0.002447 0.923307
vn -0.384056 -0.002447 0.923307
vn -0.384056 -0.002447 0.923307
vn -0.361749 0.014433 0.932164
vn -0.301319 -0.023209 0.953241
vn -0.241700 -0.020502 0.970134
vn -0.246359 -0.003106 0.969174
vn -0.246359 -0.003106 0.969174
vn -0.246359 -0.003106 0.969174
vn -0.175920 0.039768 0.983601
vn -0.157784 -0.071630 0.984872
vn -0.051535 -0.053019 0.997263
vn -0.054490 -0.091520 0.994311
vn -0.054490 -0.091520 0.994311
vn -0.054490 -0.091520 0.994311
vn -0.057907 -0.089520 0.994300
vn 0.007271 -0.126539 0.991935
vn 0.014131 -0.158043 0.987331
vn 0.005804 -0.087777 0.996123
vn -0.116953 -0.000693 0.993137
vn -0.116953 -0.000693 0.993137
vn -0.116953 -0.000693 0.993137
vn -0.158437 -0.002800 0.987365
vn -0.176410 -0.045476 0.983266
vn -0.030810 -0.012075 0.999452
vn -0.156773 -0.071213 0.985064
vn 0.138362 0.150741 0.978843
vn -0.114728 -0.169056 0.978906
vn -0.114728 -0.169056 0.978906
vn -0.114728 -0.169056 0.978906
vn -0.141360 -0.146716 0.979026
vn -0.080860 -0.225362 0.970914
vn -0.065300 -0.149979 0.986530
vn -0.093091 0.305274 0.947703
vn -0.093091 0.305274 0.947703
vn -0.071879 0.010387 0.997359
vn -0.942036 -0.062758 0.329591
vn -0.942036 -0.062758 0.329591
vn -0.942036 -0.062758 0.329591
vn -0.881701 -0.038147 0.470263
vn -0.894764 0.030799 -0.445477
vn -0.894764 0.030799 -0.445477
vn -0.967439 -0.043494 0.249338
vn -0.967439 -0.043494 0.249338
vn -0.967439 -0.043494 0.249338
vn -0.957366 -0.090084 0.274472
vn -0.981996 -0.013415 0.188425
vn -0.959270 -0.126190 0.252740
vn -0.940767 -0.158952 0.299487
vn -0.906752 -0.170692 0.385572
vn -0.471039 -0.576326 -0.667810
vn -0.471039 -0.576326 -0.667810
vn -0.471039 -0.576326 -0.667810
vn -0.472080 -0.576280 -0.667114
vn -0.805998 0.590249 0.044425
vn -0.805998 0.590249 0.044425
vn -0.805998 0.590249 0.044425
vn -0.812173 0.580807 0.055111
vn -0.803370 0.579396 0.137467
vn -0.751898 0.628648 0.198625
vn -0.534627 -0.845033 -0.009651
vn -0.534627 -0.845033 -0.009651
vn -0.534627 -0.845033 -0.009651
vn -0.444078 -0.895652 -0.024550
vn -0.951337 -0.156031 0.265731
vn -0.951337 -0.156031 0.265731
vn -0.951337 -0.156031 0.265731
vn -0.937453 -0.171427 0.302977
vn -0.919076 -0.205912 0.336005
vn -0.905870 -0.175269 0.385591
vn -0.942947 -0.127278 0.307653
vn -0.969438 -0.077653 0.232724
vn -0.918433 -0.208449 -0.336198
vn -0.918433 -0.208449 -0.336198
vn -0.918433 -0.208449 -0.336198
vn -0.931437 -0.209517 -0.297535
vn -0.919096 -0.210014 -0.333402
vn -0.919096 -0.210014 -0.333402
vn -0.969438 -0.077653 0.232724
vn -0.960633 -0.155399 0.230294
vn -0.961453 -0.153905 0.227862
vn -0.970519 -0.200317 0.134036
vn -0.970519 -0.200317 0.134036
vn -0.970519 -0.200317 0.134036
vn -0.967038 -0.200512 0.156945
vn -0.968054 -0.189853 0.163792
vn -0.931821 -0.224075 0.285481
vn -0.931821 -0.224075 0.285481
vn -0.928209 -0.169204 0.331358
vn -0.940003 -0.182543 0.288224
vn -0.949475 -0.168160 0.264991
vn -0.920228 0.339113 0.195406
vn -0.920228 0.339113 0.195406
vn -0.920228 0.339113 0.195406
vn -0.986714 0.021239 0.161074
vn -0.921261 0.372418 0.112172
vn -0.862015 -0.120968 -0.492237
vn -0.921696 0.381714 0.069068
vn -0.968878 0.210473 0.130292
vn -0.946692 0.149720 -0.285232
vn -0.946692 0.149720 -0.285232
vn -0.946692 0.149720 -0.285232
vn -0.967389 0.155608 -0.199861
vn -0.880607 0.305873 -0.361902
vn -0.880607 0.305873 -0.361902
vn -0.905118 0.333402 -0.263826
vn -0.867693 0.403443 0.290419
vn -0.867693 0.403443 0.290419
vn -0.937475 0.177495 0.299393
vn -0.851950 0.522122 0.039611
vn -0.895139 0.084088 0.437784
vn -0.930657 0.137464 0.339089
vn -0.970979 -0.003357 -0.239141
vn -0.970979 -0.003357 -0.239141
vn -0.994200 -0.003413 -0.107493
vn -0.995315 -0.014927 -0.095522
vn -0.937111 -0.000298 -0.349032
vn -0.895231 -0.052181 0.442536
vn -0.895231 -0.052181 0.442536
vn -0.895425 -0.041000 0.443321
vn -0.928955 0.012543 0.369981
vn -0.941908 -0.029512 0.334573
vn -0.998925 0.045884 -0.006658
vn -0.998867 0.044632 -0.016494
vn -0.998867 0.044632 -0.016494
vn -0.996921 -0.022389 0.075150
vn -0.949140 0.202954 0.240712
vn -0.949140 0.202954 0.240712
vn -0.955179 0.171965 0.240959
vn -0.981716 0.084982 0.170329
vn -0.962856 0.236225 0.130790
vn -0.993668 -0.103667 -0.043316
vn -0.993668 -0.103667 -0.043316
vn -0.993668 -0.103667 -0.043316
vn -0.994613 0.101465 0.021218
vn -0.993680 -0.089875 -0.067250
vn -0.998916 -0.022557 0.040716
vn -0.997542 -0.065480 -0.024959
vn -0.986174 -0.158293 0.049036
vn -0.948492 0.294955 0.115608
vn -0.927533 0.067813 0.367537
vn -0.980542 0.119259 0.155934
vn -0.980542 0.119259 0.155934
vn -0.980542 0.119259 0.155934
vn -0.982602 0.173359 -0.066634
vn -0.969104 0.243606 -0.038638
vn -0.948492 0.294955 0.115608
vn -0.889721 -0.152003 0.430455
vn -0.998574 0.027848 0.045550
vn -0.995145 -0.019018 0.096568
vn -0.998263 -0.030249 -0.050562
vn -0.998263 -0.030249 -0.050562
vn -0.998263 -0.030249 -0.050562
vn -0.989078 -0.009577 -0.147081
vn -0.696495 0.142029 -0.703365
vn -0.818402 0.139159 -0.557541
vn -0.957092 0.261231 0.125435
vn -0.957092 0.261231 0.125435
vn -0.906752 -0.170692 0.385572
vn -0.906752 -0.170692 0.385572
vn -0.981862 -0.044767 0.184239
vn -0.912776 -0.165319 0.373509
vn -0.707831 0.588813 0.390223
vn -0.707831 0.588813 0.390223
vn -0.707831 0.588813 0.390223
vn -0.863133 0.411977 0.292020
vn -0.404850 -0.885204 0.229149
vn -0.356876 -0.911588 0.204075
vn -0.356876 -0.911588 0.204075
vn -0.356876 -0.911588 0.204075
vn -0.916458 -0.204490 0.343932
vn -0.916458 -0.204490 0.343932
vn -0.932222 -0.108033 0.345385
vn -0.938846 -0.096875 0.330430
vn -0.905407 -0.103312 0.411783
vn -0.942971 -0.027899 0.331705
vn -0.942971 -0.027899 0.331705
vn -0.900336 -0.206283 0.383200
vn -0.851731 -0.158270 0.499505
vn -0.893159 -0.244272 0.377623
vn -0.893159 -0.244272 0.377623
vn -0.917306 -0.112643 0.381917
vn -0.947110 -0.065499 0.314155
vn -0.968878 0.210473 0.130292
vn -0.982491 0.065445 0.174436
vn -0.883357 0.457228 0.103072
vn -0.886434 0.445960 0.123911
vn -0.930657 0.137464 0.339089
vn -0.934017 0.289259 0.209622
vn -0.939707 0.019044 0.341449
vn -0.921112 -0.015634 0.388983
vn -0.880990 0.024799 0.472485
vn -0.941908 -0.029512 0.334573
vn -0.940084 0.074415 0.332722
vn -0.942386 0.079785 0.324875
vn -0.920536 0.209225 0.329908
vn -0.920536 0.209225 0.329908
vn -0.874039 0.366539 0.318913
vn -0.862442 0.318091 0.393716
vn -0.809628 0.172815 0.560926
vn -0.872221 0.165727 0.460179
vn -0.872221 0.165727 0.460179
vn -0.972959 0.022426 0.229887
vn -0.901457 -0.010713 0.432736
vn -0.901457 -0.010713 0.432736
vn -0.993647 -0.015656 0.111450
vn -0.993647 -0.015656 0.111450
vn -0.856911 0.118647 0.501624
vn -0.671188 0.344504 0.656371
vn -0.856911 0.118647 0.501624
vn -0.817449 -0.222167 0.531431
vn -0.836947 -0.201003 0.509036
vn -0.836947 -0.201003 0.509036
vn -0.836947 -0.201003 0.509036
vn -0.877211 -0.136256 0.460365
vn -0.877211 -0.136256 0.460365
vn -0.842336 -0.048808 0.536738
vn -0.944450 -0.176431 0.277283
vn -0.814677 -0.183905 0.549982
vn -0.814677 -0.183905 0.549982
vn -0.814677 -0.183905 0.549982
vn -0.842336 -0.048808 0.536738
vn -0.792550 -0.131827 0.595387
vn -0.728815 -0.081937 0.679791
vn -0.830350 -0.024265 0.556714
vn -0.728815 -0.081937 0.679791
vn -0.728815 -0.081937 0.679791
vn -0.718432 -0.056108 0.693331
vn -0.718185 -0.065367 0.692775
vn -0.636193 -0.275318 0.720735
vn -0.718432 -0.056108 0.693331
vn -0.673476 -0.347179 0.652608
vn -0.285448 0.630898 0.721448
vn -0.285448 0.630898 0.721448
vn -0.285448 0.630898 0.721448
vn -0.364825 0.528529 0.766525
vn -0.201470 0.701726 0.683367
vn -0.364825 0.528529 0.766525
vn -0.290855 0.501272 0.814942
vn -0.290855 0.501272 0.814942
vn -0.221817 0.604387 0.765189
vn -0.433528 -0.023558 0.900832
vn -0.433528 -0.023558 0.900832
vn -0.433528 -0.023558 0.900832
vn -0.403422 0.008127 0.914978
vn -0.462925 -0.004791 0.886385
vn -0.462925 -0.004791 0.886385
vn -0.441117 0.025635 0.897084
vn -0.044127 0.006725 0.999003
vn -0.044127 0.006725 0.999003
vn -0.044127 0.006725 0.999003
vn -0.092876 -0.036239 0.995018
vn 0.015246 -0.008247 0.999850
vn 0.015246 -0.008247 0.999850
vn -0.071576 -0.048588 0.996251
vn -0.071576 -0.048588 0.996251
vn -0.110196 -0.065019 0.991781
vn -0.833280 0.362263 0.417624
vn -0.833280 0.362263 0.417624
vn -0.833280 0.362263 0.417624
vn -0.672134 0.554275 0.490933
vn -0.898605 -0.070782 0.433011
vn -0.899014 -0.089358 0.428707
vn -0.402999 0.555680 0.727194
vn -0.402999 0.555680 0.727194
vn -0.402999 0.555680 0.727194
vn -0.585404 0.384840 0.713583
vn -0.517073 -0.451421 0.727223
vn -0.490547 -0.569574 0.659507
vn -0.490548 -0.569574 0.659506
vn -0.490547 -0.569574 0.659507
vn -0.654213 -0.618586 0.435151
vn -0.217947 0.248204 0.943872
vn -0.217947 0.248204 0.943872
vn -0.217947 0.248204 0.943872
vn -0.421622 0.058589 0.904877
vn -0.258350 -0.068929 0.963589
vn -0.250441 -0.109493 0.961920
vn -0.199224 0.598972 0.775592
vn -0.199224 0.598972 0.775592
vn -0.199224 0.598972 0.775592
vn -0.218863 0.642210 0.734619
vn -0.169560 0.564027 0.808160
vn -0.095216 0.494443 0.863979
vn -0.218863 0.642210 0.734619
vn -0.130733 0.772309 0.621649
vn -0.130733 0.772309 0.621649
vn -0.130733 0.772309 0.621649
vn -0.115812 0.797727 0.591793
vn -0.102112 0.769397 0.630556
vn -0.102308 0.772267 0.627007
vn -0.284992 -0.244912 0.926713
vn -0.284991 -0.244912 0.926714
vn -0.284992 -0.244912 0.926713
vn -0.254606 -0.471573 0.844272
vn -0.369510 -0.087239 0.925123
vn -0.254606 -0.471573 0.844272
vn -0.254606 -0.471573 0.844272
vn -0.252491 -0.442943 0.860261
vn -0.298727 -0.377845 0.876353
vn -0.298727 -0.377845 0.876353
vn -0.298727 -0.377845 0.876354
vn -0.270504 -0.514109 0.813953
vn -0.268713 -0.340093 0.901183
vn -0.270363 -0.491132 0.828066
vn -0.270363 -0.491132 0.828066
vn -0.270363 -0.491132 0.828066
vn -0.232694 -0.354334 0.905705
vn -0.137462 -0.466723 0.873655
vn -0.905407 -0.103312 0.411783
vn -0.911232 -0.038111 0.410127
vn -0.911383 -0.037855 0.409814
vn -0.830350 -0.024265 0.556714
vn -0.742611 -0.092956 0.663241
vn -0.742611 -0.092955 0.663241
vn -0.728765 -0.136401 0.671041
vn -0.728765 -0.136401 0.671041
vn -0.833871 -0.187146 0.519265
vn -0.833871 -0.187146 0.519265
vn 0.004838 0.564883 0.825157
vn 0.004838 0.564883 0.825157
vn 0.004838 0.564883 0.825157
vn -0.011389 0.579018 0.815235
vn -0.034147 0.741230 0.670382
vn -0.011607 0.701371 0.712702
vn -0.011607 0.701371 0.712702
vn -0.011607 0.701371 0.712702
vn -0.019192 0.741130 0.671087
vn -0.441117 0.025635 0.897084
vn -0.354604 0.014359 0.934906
vn -0.354604 0.014359 0.934906
vn 0.057009 -0.046614 0.997285
vn 0.057009 -0.046614 0.997285
vn 0.038200 -0.099013 0.994353
vn 0.038200 -0.099013 0.994353
vn -0.169129 -0.066281 0.983363
vn -0.217528 -0.051687 0.974685
vn -0.851731 -0.158270 0.499505
vn -0.837899 -0.226853 0.496451
vn -0.842399 -0.222080 0.490962
vn -0.767477 -0.169957 0.618138
vn -0.767477 -0.169957 0.618138
vn -0.878928 -0.147054 0.453718
vn -0.878928 -0.147054 0.453718
vn -0.894769 0.001749 0.446527
vn -0.894769 0.001749 0.446527
vn -0.806283 0.163171 0.568580
vn -0.806283 0.163171 0.568580
vn -0.095216 0.494443 0.863979
vn -0.114631 0.423972 0.898392
vn -0.188698 0.484365 0.854274
vn -0.052876 0.376444 0.924929
vn 0.001644 0.414424 0.910082
vn -0.188698 0.484365 0.854274
vn -0.300560 0.632638 0.713746
vn -0.233296 -0.043480 0.971433
vn -0.233296 -0.043480 0.971433
vn -0.197279 -0.141154 0.970132
vn -0.197279 -0.141154 0.970132
vn -0.026712 -0.116081 0.992881
vn -0.026712 -0.116081 0.992881
vn -0.096361 -0.111173 0.989118
vn -0.096361 -0.111173 0.989118
vn -0.165760 -0.108629 0.980165
vn -0.258883 -0.036421 0.965222
vn -0.292010 -0.022792 0.956144
vn -0.321418 -0.025288 0.946600
vn -0.908312 -0.130723 0.397343
vn -0.908312 -0.130723 0.397343
vn -0.955698 0.084846 0.281854
vn -0.982491 0.065445 0.174436
vn -0.955698 0.084846 0.281854
vn -0.934404 0.243826 0.259690
vn -0.878738 0.100164 0.466677
vn -0.800440 0.120252 0.587227
vn -0.700096 0.111821 0.705239
vn -0.700096 0.111821 0.705239
vn -0.601806 -0.141309 0.786042
vn -0.601806 -0.141309 0.786042
vn -0.582920 -0.108853 0.805205
vn 0.001644 0.414424 0.910082
vn 0.025082 0.359146 0.932944
vn -0.001688 0.359245 0.933242
vn -0.005009 0.361645 0.932302
vn -0.217423 -0.177011 0.959893
vn -0.217423 -0.177011 0.959893
vn -0.241531 -0.161929 0.956787
vn -0.241531 -0.161929 0.956787
vn -0.165760 -0.108629 0.980165
vn -0.223768 -0.105152 0.968954
vn -0.223768 -0.105152 0.968954
vn -0.268503 -0.101345 0.957933
vn -0.268503 -0.101345 0.957933
vn -0.349248 -0.032228 0.936476
vn -0.926710 0.314516 0.205639
vn -0.926710 0.314516 0.205639
vn -0.894788 0.128325 0.427653
vn -0.800440 0.120252 0.587227
vn -0.799363 0.041188 0.599435
vn -0.755940 -0.003508 0.654631
vn -0.726457 -0.034142 0.686363
vn -0.880990 0.024799 0.472485
vn -0.582920 -0.108853 0.805205
vn -0.570461 -0.057300 0.819324
vn -0.502360 -0.112672 0.857286
vn -0.726457 -0.034142 0.686363
vn -0.396771 0.627929 0.669536
vn -0.396771 0.627929 0.669536
vn -0.396771 0.627929 0.669536
vn -0.392811 0.633961 0.666178
vn -0.297339 0.680962 0.669239
vn -0.294624 0.684736 0.666584
vn -0.278416 0.457585 0.844453
vn -0.278416 0.457585 0.844453
vn -0.242784 0.732765 0.635697
vn -0.323128 0.386406 0.863874
vn -0.271440 -0.130599 0.953553
vn -0.271440 -0.130599 0.953553
vn -0.262501 -0.104175 0.959292
vn -0.265479 -0.102027 0.958703
vn -0.315908 -0.101614 0.943333
vn -0.315908 -0.101614 0.943333
vn -0.397115 -0.043817 0.916722
vn -0.880228 -0.045753 0.472341
vn -0.862169 -0.072280 0.501439
vn -0.725408 -0.069502 0.684801
vn -0.725431 -0.069478 0.684780
vn -0.465811 -0.090638 0.880230
vn -0.465811 -0.090638 0.880230
vn -0.466308 -0.067965 0.882008
vn -0.453334 -0.078120 0.887911
vn -0.348992 0.875004 -0.335520
vn -0.348992 0.875004 -0.335520
vn -0.348992 0.875004 -0.335520
vn -0.241500 0.915573 0.321566
vn -0.241500 0.915573 0.321566
vn -0.241500 0.915573 0.321566
vn -0.168782 0.913686 0.369717
vn -0.252476 0.842029 0.476700
vn -0.420921 0.841180 0.339474
vn -0.492493 0.859363 0.137642
vn -0.492493 0.859363 0.137642
vn -0.505681 0.859004 0.079989
vn -0.280279 -0.068819 0.957448
vn -0.280279 -0.068819 0.957448
vn -0.336858 -0.032493 0.940995
vn -0.275921 -0.052266 0.959758
vn -0.322739 -0.018418 0.946309
vn -0.336858 -0.032493 0.940995
vn -0.370786 -0.001797 0.928717
vn -0.370786 -0.001797 0.928717
vn -0.397778 0.102567 0.911731
vn -0.407094 -0.027009 0.912987
vn -0.388029 0.033646 0.921033
vn -0.848996 -0.050177 0.526012
vn -0.848996 -0.050177 0.526012
vn -0.845930 0.073276 0.528236
vn -0.840808 0.065251 0.537386
vn -0.722201 -0.043898 0.690288
vn -0.722201 -0.043898 0.690288
vn -0.717766 0.056370 0.693998
vn -0.674139 0.008847 0.738552
vn -0.450532 -0.041530 0.891794
vn -0.450532 -0.041530 0.891794
vn -0.447732 0.007264 0.894138
vn -0.467296 0.024072 0.883773
vn -0.497205 0.076065 0.864292
vn -0.242784 0.732765 0.635697
vn -0.267821 0.590160 0.761566
vn -0.374211 0.061499 0.925302
vn -0.374211 0.061499 0.925302
vn -0.427840 0.091936 0.899167
vn -0.427840 0.091936 0.899167
vn -0.476475 0.114616 0.871685
vn -0.397778 0.102567 0.911731
vn -0.423007 0.153403 0.893047
vn -0.423007 0.153403 0.893047
vn -0.328944 0.102211 0.938802
vn -0.223560 0.128925 0.966126
vn -0.157207 0.014166 0.987464
vn -0.809628 0.172815 0.560926
vn -0.789545 0.255408 0.558019
vn -0.759909 0.196532 0.619608
vn -0.603997 0.060646 0.794676
vn -0.603997 0.060646 0.794676
vn -0.573508 0.086067 0.814666
vn -0.573508 0.086067 0.814666
vn -0.497205 0.076065 0.864292
vn -0.517265 0.046816 0.854544
vn -0.517265 0.046816 0.854544
vn -0.342706 0.881967 -0.323552
vn -0.347347 0.903258 -0.251941
vn -0.347347 0.903258 -0.251941
vn -0.252476 0.842029 0.476700
vn -0.252476 0.842029 0.476700
vn -0.150712 0.829965 0.537070
vn -0.179945 0.945640 0.270897
vn -0.309451 0.889753 0.335528
vn -0.250813 0.946685 0.202191
vn -0.476475 0.114616 0.871685
vn -0.417837 0.152657 0.895605
vn -0.477997 0.081380 0.874583
vn -0.477997 0.081380 0.874583
vn -0.417837 0.152657 0.895605
vn -0.327647 0.041629 0.943883
vn -0.327647 0.041629 0.943883
vn -0.130954 -0.073272 0.988677
vn -0.726473 0.037253 0.686185
vn -0.726473 0.037253 0.686185
vn -0.735063 -0.065523 0.674826
vn -0.676945 -0.125132 0.725319
vn -0.596392 -0.000005 0.802694
vn -0.596392 -0.000005 0.802693
vn -0.608905 -0.062224 0.790799
vn -0.622885 -0.051022 0.780648
vn -0.518402 0.007451 0.855105
vn -0.518402 0.007451 0.855105
vn -0.467598 -0.019221 0.883732
vn -0.521441 -0.000337 0.853287
vn -0.521441 -0.000337 0.853287
vn -0.633138 0.019082 0.773804
vn -0.135250 0.822963 0.551760
vn -0.135250 0.822963 0.551760
vn -0.289394 0.750239 0.594468
vn -0.467598 -0.019221 0.883732
vn -0.471069 -0.028882 0.881623
vn -0.432413 -0.064028 0.899399
vn -0.400108 -0.056862 0.914702
vn -0.499463 -0.012478 0.866245
vn -0.275006 -0.059120 0.959623
vn -0.275006 -0.059120 0.959623
vn -0.276068 -0.076189 0.958114
vn -0.276068 -0.076189 0.958114
vn -0.158196 -0.063503 0.985364
vn -0.694763 0.016263 0.719055
vn -0.694763 0.016263 0.719055
vn -0.671188 0.344504 0.656371
vn -0.633138 0.019082 0.773804
vn -0.461185 0.189126 0.866914
vn -0.461186 0.189126 0.866914
vn -0.499463 -0.012478 0.866245
vn -0.443906 -0.085807 0.891955
vn -0.443906 -0.085807 0.891955
vn -0.400108 -0.056862 0.914702
vn -0.547691 0.003222 0.836675
vn -0.467968 0.291895 0.834148
vn -0.467968 0.291895 0.834148
vn -0.511873 0.008319 0.859021
vn -0.511873 0.008319 0.859021
vn -0.266802 0.053325 0.962275
vn -0.376227 0.549163 0.746240
vn -0.266802 0.053325 0.962275
vn -0.273868 0.128473 0.953148
vn -0.381201 -0.203333 0.901854
vn -0.302886 -0.250685 0.919466
vn -0.261184 -0.179828 0.948391
vn -0.261184 -0.179828 0.948391
vn -0.325720 -0.326970 0.887129
vn -0.325720 -0.326970 0.887129
vn -0.190392 -0.201376 0.960832
vn -0.142969 -0.178816 0.973440
vn -0.784762 -0.250755 0.566807
vn -0.784762 -0.250755 0.566807
vn -0.547691 0.003222 0.836675
vn -0.462624 -0.025920 0.886176
vn -0.462624 -0.025920 0.886176
vn -0.331949 0.372748 0.866527
vn -0.588751 0.236668 0.772891
vn -0.353417 -0.062326 0.933387
vn -0.353417 -0.062326 0.933387
vn -0.309991 0.000439 0.950739
vn -0.309991 0.000439 0.950739
vn -0.187572 -0.010170 0.982198
vn -0.601748 0.648025 -0.466864
vn -0.604701 0.654490 -0.453850
vn -0.604701 0.654490 -0.453850
vn -0.604701 0.654490 -0.453850
vn -0.653004 0.672164 0.348971
vn -0.653004 0.672164 0.348971
vn -0.609119 0.726465 0.318156
vn -0.724719 0.598754 0.340993
vn -0.724719 0.598754 0.340993
vn -0.724719 0.598754 0.340993
vn -0.734128 0.587466 0.340500
vn -0.783829 0.616796 0.071935
vn -0.719975 0.691625 0.057371
vn -0.571873 0.478967 0.665997
vn -0.422912 0.330611 0.843707
vn -0.472696 0.292037 0.831428
vn -0.480187 0.283078 0.830233
vn -0.592237 0.454682 0.665222
vn -0.607733 0.438263 0.662258
vn -0.275404 -0.000541 0.961329
vn -0.203934 0.050735 0.977669
vn -0.203934 0.050735 0.977669
vn -0.203934 0.050735 0.977669
vn -0.238630 0.023990 0.970814
vn -0.305089 0.114230 0.945448
vn -0.315014 0.105506 0.943204
vn -0.315014 0.105506 0.943204
vn -0.503410 0.149505 0.851015
vn -0.503410 0.149505 0.851015
vn -0.487449 0.010354 0.873090
vn -0.487449 0.010354 0.873090
vn -0.759806 -0.202176 0.617915
vn -0.829078 -0.149428 0.538796
vn -0.650466 -0.135446 0.747361
vn -0.829078 -0.149428 0.538796
vn -0.715511 0.153892 0.681440
vn -0.340638 0.082645 0.936555
vn -0.487449 0.010354 0.873090
vn -0.273644 0.078483 0.958624
vn -0.527597 -0.058728 0.847463
vn -0.880463 -0.317744 0.351886
vn -0.863632 -0.398157 0.309210
vn 0.406756 0.037755 0.912756
vn -0.670986 -0.447984 0.590836
vn -0.670986 -0.447984 0.590836
vn -0.581394 -0.290035 0.760172
vn -0.770548 -0.572260 0.280667
vn -0.801595 -0.555099 0.222058
vn -0.933161 -0.356259 0.047853
vn -0.922435 -0.351238 0.160455
vn -0.922073 -0.352675 0.159378
vn -0.922435 -0.351238 0.160455
vn -0.968871 -0.212177 0.127556
vn -0.944450 -0.176431 0.277283
vn -0.933161 -0.356259 0.047853
vn -0.933161 -0.356259 0.047853
vn -0.849626 -0.507162 0.144642
vn -0.907028 -0.420132 0.028090
vn -0.830251 -0.526062 0.184235
vn -0.801595 -0.555099 0.222058
vn -0.801595 -0.555100 0.222058
vn -0.988504 -0.107318 0.106500
vn -0.988504 -0.107318 0.106500
vn -0.980475 -0.196643 0.000739
vn -0.992178 -0.119927 0.034638
vn -0.995718 -0.089978 0.021208
vn -0.996383 -0.025663 0.081014
vn -0.981862 -0.044767 0.184239
vn -0.993816 -0.027556 -0.107562
vn -0.959018 -0.280952 -0.036758
vn -0.959018 -0.280952 -0.036758
vn -0.793534 -0.590527 0.146907
vn -0.999158 0.028244 0.029748
vn -0.999158 0.028244 0.029748
vn -0.993063 0.067615 0.096196
vn -0.986545 -0.064904 -0.150052
vn -0.949434 0.082588 -0.302909
vn -0.949434 0.082588 -0.302909
vn -0.949434 0.082588 -0.302909
vn -0.984641 0.147123 -0.094009
vn -0.988575 -0.052328 -0.141356
vn -0.988575 -0.052328 -0.141356
vn -0.993816 -0.027556 -0.107562
vn -0.993816 -0.027556 -0.107562
vn -0.983512 -0.155209 -0.092818
vn -0.987512 0.012698 -0.157030
vn -0.978357 -0.170335 -0.117490
vn -0.447957 0.775301 -0.445245
vn -0.449946 0.780779 -0.433511
vn -0.399520 0.854401 0.332239
vn -0.993063 0.067615 0.096196
vn -0.994223 0.084261 -0.066483
vn -0.839232 0.057918 -0.540680
vn -0.011682 0.000120 0.999932
vn -0.011682 0.000120 0.999932
vn -0.011682 0.000120 0.999932
vn 0.017274 -0.023416 0.999577
vn -0.009787 0.010705 0.999895
vn -0.009787 0.010705 0.999895
vn -0.029709 0.050127 0.998301
vn -0.045374 -0.073558 0.996258
vn -0.045374 -0.073558 0.996258
vn -0.045374 -0.073558 0.996258
vn -0.015620 -0.095418 0.995315
vn -0.162156 -0.085114 0.983087
vn -0.162156 -0.085114 0.983088
vn -0.162156 -0.085114 0.983088
vn -0.196563 -0.116498 0.973546
vn -0.381091 -0.157174 0.911079
vn -0.381091 -0.157174 0.911079
vn -0.381091 -0.157174 0.911079
vn -0.425079 -0.209194 0.880651
vn -0.360879 0.890838 -0.275995
vn -0.360879 0.890838 -0.275995
vn -0.360879 0.890838 -0.275995
vn -0.327195 0.740075 0.587565
vn -0.327195 0.740075 0.587565
vn -0.327195 0.740075 0.587565
vn -0.309178 0.740562 0.596638
vn -0.353022 0.888520 0.293101
vn -0.636193 -0.275318 0.720735
vn -0.636193 -0.275318 0.720735
vn -0.623527 0.137367 0.769639
vn -0.856743 -0.355341 0.373796
vn -0.856743 -0.355341 0.373796
vn -0.856743 -0.355341 0.373796
vn -0.839894 -0.276723 0.466908
vn -0.892825 -0.221414 0.392225
vn 0.040914 0.284556 0.957786
vn 0.040914 0.284556 0.957786
vn 0.040914 0.284556 0.957786
vn 0.018533 0.300748 0.953524
vn 0.017132 0.273653 0.961676
vn 0.017132 0.273653 0.961676
vn -0.018440 0.306941 0.951550
vn -0.018440 0.306941 0.951550
vn -0.018440 0.306941 0.951550
vn 0.033837 0.268840 0.962590
vn -0.193409 0.261968 0.945498
vn -0.193409 0.261968 0.945498
vn -0.193409 0.261968 0.945498
vn -0.175046 0.275360 0.945270
vn -0.370708 0.262549 0.890867
vn -0.370708 0.262549 0.890867
vn -0.370708 0.262549 0.890867
vn -0.410009 0.228249 0.883060
vn -0.289394 0.750239 0.594468
vn -0.288829 0.748914 0.596411
vn -0.301757 0.748559 0.590426
vn -0.305727 0.648406 0.697209
vn -0.575226 0.189342 0.795779
vn -0.575226 0.189342 0.795779
vn -0.575226 0.189342 0.795779
vn -0.804311 0.025601 0.593657
vn -0.804311 0.025601 0.593657
vn -0.804311 0.025601 0.593657
vn -0.787718 0.154613 0.596318
vn -0.878319 -0.108337 0.465638
vn -0.892825 -0.221414 0.392225
vn -0.651509 0.344173 0.676078
vn -0.880463 -0.317744 0.351886
vn 0.016257 0.424578 0.905245
vn 0.016257 0.424578 0.905245
vn 0.016257 0.424578 0.905245
vn 0.005005 0.431562 0.902069
vn 0.006768 0.422169 0.906492
vn 0.006768 0.422169 0.906492
vn 0.012336 0.443209 0.896334
vn 0.012336 0.443209 0.896334
vn 0.012336 0.443209 0.896334
vn -0.019217 0.463678 0.885795
vn -0.162957 0.454805 0.875556
vn -0.162957 0.454805 0.875556
vn -0.162957 0.454805 0.875556
vn -0.154927 0.449970 0.879502
vn -0.368032 0.420787 0.829151
vn -0.368032 0.420787 0.829151
vn -0.368032 0.420787 0.829151
vn -0.353016 0.432594 0.829604
vn -0.300560 0.632638 0.713746
vn -0.300560 0.632638 0.713746
vn -0.298190 0.636510 0.711293
vn -0.252185 0.561975 0.787773
vn -0.181987 0.490118 0.852446
vn -0.446950 0.432216 0.783214
vn -0.446950 0.432216 0.783214
vn -0.446950 0.432216 0.783214
vn -0.398205 0.473070 0.785899
vn -0.651509 0.344173 0.676078
vn -0.651509 0.344173 0.676078
vn -0.787659 0.237270 0.568592
vn -0.588751 0.236668 0.772891
vn -0.005394 0.396592 0.917979
vn -0.005394 0.396592 0.917979
vn -0.033620 0.426058 0.904071
vn -0.000214 0.394915 0.918718
vn -0.033620 0.426058 0.904071
vn -0.181987 0.490118 0.852446
vn -0.367599 0.481963 0.795350
vn -0.367599 0.481963 0.795351
vn -0.367599 0.481963 0.795350
vn -0.301823 0.737701 0.603904
vn -0.301823 0.737701 0.603904
vn -0.269430 0.759423 0.592186
vn -0.347948 0.677359 0.648165
vn -0.169093 0.799125 0.576894
vn -0.211385 0.755382 0.620253
vn -0.374652 0.454940 0.807877
vn -0.487304 0.332922 0.807278
vn -0.649038 0.195623 0.735174
vn -0.821263 0.038119 0.569276
vn -0.692797 0.691403 0.204925
vn -0.692797 0.691403 0.204925
vn -0.692797 0.691403 0.204925
vn -0.631951 0.745804 0.210746
vn -0.417143 0.697565 0.582576
vn -0.417143 0.697565 0.582577
vn -0.351797 0.738364 0.575376
vn -0.349406 0.721286 0.598049
vn -0.349479 0.721272 0.598023
vn -0.357425 0.878923 0.315818
vn -0.357425 0.878923 0.315818
vn -0.357425 0.878923 0.315818
vn -0.385191 0.686139 0.617123
vn -0.385191 0.686139 0.617123
vn -0.385191 0.686139 0.617123
vn -0.399392 0.674433 0.620988
vn -0.336041 0.720329 0.606797
vn -0.675426 0.463709 0.573387
vn -0.675426 0.463709 0.573387
vn -0.029709 0.050127 0.998301
vn 0.012826 0.049247 0.998704
vn 0.012826 0.049247 0.998704
vn 0.015046 0.076369 0.996966
vn 0.021360 0.071123 0.997239
vn 0.037180 -0.445361 0.894579
vn 0.037180 -0.445361 0.894579
vn 0.009021 -0.260145 0.965527
vn 0.009021 -0.260145 0.965527
vn 0.002804 -0.395457 0.918480
vn 0.015190 -0.430887 0.902278
vn 0.016341 -0.598262 0.801134
vn -0.081112 0.082654 0.993272
vn 0.027589 0.077939 0.996576
vn 0.027184 0.073368 0.996934
vn 0.026918 0.073571 0.996927
vn -0.126080 0.059231 0.990250
vn 0.017902 0.064259 0.997773
vn 0.016243 0.036766 0.999192
vn 0.007932 0.042972 0.999045
vn -0.153669 0.021470 0.987889
vn -0.003490 0.028823 0.999578
vn -0.005250 0.012277 0.999911
vn -0.014653 0.019507 0.999702
vn -0.161946 0.002623 0.986796
vn -0.019716 0.012029 0.999733
vn -0.020905 0.004353 0.999772
vn 0.008563 -0.016976 0.999819
vn -0.155966 -0.047564 0.986617
vn 0.000395 -0.069580 0.997576
vn 0.050991 -0.060857 0.996843
vn 0.050991 -0.060857 0.996843
vn -0.118021 -0.108578 0.987057
vn 0.038122 -0.138154 0.989677
vn 0.107635 -0.168845 0.979748
vn 0.107635 -0.168845 0.979748
vn 0.107561 -0.164861 0.980434
vn 0.093087 -0.092335 0.991367
vn 0.093087 -0.092335 0.991367
vn 0.053860 -0.011665 0.998480
vn 0.107936 -0.010599 0.994101
vn 0.138362 0.150741 0.978843
vn -0.001692 -0.279329 0.960194
vn 0.081473 -0.279332 0.956732
vn 0.132051 -0.184655 0.973892
vn 0.132051 -0.184655 0.973892
vn 0.021199 -0.046766 0.998681
vn 0.153130 -0.048638 0.987008
vn 0.967268 -0.063392 0.245710
vn 0.967268 -0.063392 0.245710
vn 0.967268 -0.063392 0.245710
vn 0.965802 -0.081359 0.246186
vn 0.961479 -0.068616 0.266177
vn 0.970815 -0.036234 0.237077
vn 0.971964 -0.036187 0.232327
vn 0.971964 -0.036187 0.232327
vn 0.959016 -0.088230 0.269265
vn 0.959016 -0.088230 0.269265
vn 0.966110 -0.102250 0.237015
vn 0.954688 -0.095338 0.281925
vn 0.949750 -0.107097 0.294118
vn 0.968434 0.101799 0.227537
vn 0.968434 0.101799 0.227537
vn 0.968434 0.101799 0.227537
vn 0.971154 0.161702 0.175249
vn 0.995240 0.097335 -0.004907
vn 0.996844 0.067003 0.042571
vn 0.999876 0.012167 -0.009962
vn 0.999816 -0.013809 0.013285
vn 0.986798 -0.007733 0.161773
vn 0.953603 -0.110720 0.279970
vn 0.954695 -0.127112 0.269072
vn 0.948416 -0.118197 0.294171
vn 0.949750 -0.107097 0.294118
vn 0.966110 -0.102250 0.237015
vn 0.966110 -0.102250 0.237015
vn 0.969282 -0.127591 0.210269
vn 0.968100 -0.101415 0.229124
vn 0.962645 -0.125581 0.239882
vn 0.962645 -0.125581 0.239882
vn 0.947337 -0.127803 0.293631
vn 0.946333 -0.129229 0.296233
vn 0.956228 -0.117972 0.267788
vn 0.945496 -0.134946 0.296355
vn 0.954695 -0.127112 0.269072
vn 0.964972 -0.148977 0.215953
vn 0.964972 -0.148977 0.215953
vn 0.958689 -0.232423 0.163997
vn 0.863800 -0.213601 -0.456315
vn 0.947460 -0.174551 0.268051
vn 0.954158 -0.164112 0.250299
vn 0.926900 -0.284669 0.244581
vn 0.955700 -0.242296 0.167126
vn 0.946805 -0.318069 -0.048902
vn 0.970875 -0.034953 0.237022
vn 0.970875 -0.034953 0.237022
vn 0.988871 -0.035511 0.144479
vn 0.984836 0.006730 0.173356
vn 0.990036 0.026383 0.138322
vn 0.950974 0.277806 0.135914
vn 0.944484 0.292973 0.148716
vn 0.948839 0.243032 0.201593
vn 0.980100 0.062263 0.188487
vn 0.944484 0.292973 0.148716
vn 0.944484 0.292973 0.148716
vn 0.918396 0.275151 0.284324
vn 0.918396 0.275151 0.284324
vn 0.963557 0.030717 0.265733
vn 0.952527 0.289554 0.094075
vn 0.927874 0.130097 0.349464
vn 0.946252 0.253464 0.200907
vn 0.924211 0.167402 0.343235
vn 0.952090 0.027686 0.304563
vn 0.935515 -0.007752 0.353202
vn 0.924174 0.084608 0.372484
vn 0.954650 0.045295 0.294265
vn 0.967320 -0.076512 0.241739
vn 0.967320 -0.076512 0.241739
vn 0.967320 -0.076512 0.241739
vn 0.938609 -0.049042 0.341479
vn 0.953778 -0.053457 0.295718
vn 0.967099 0.011448 0.254141
vn 0.942009 0.041810 0.332973
vn 0.960821 0.063679 0.269754
vn 0.979020 0.112739 0.169733
vn 0.988146 -0.028114 0.150918
vn 0.988146 -0.028114 0.150918
vn 0.977596 0.172402 0.120766
vn 0.965943 0.199456 0.164839
vn 0.960877 0.224982 0.161552
vn 0.961143 0.227496 0.156364
vn 0.935404 0.316684 0.157258
vn 0.935574 0.309608 0.169835
vn 0.950903 0.308828 -0.020231
vn 0.977242 0.212092 0.003798
vn 0.941466 0.318774 0.109655
vn 0.947658 0.182081 0.262280
vn 0.971450 0.157254 0.177642
vn 0.978528 0.137149 0.153862
vn 0.974502 0.109993 0.195569
vn 0.942577 0.038551 0.331756
vn 0.982960 -0.062471 0.172877
vn 0.979809 -0.071745 0.186619
vn 0.985036 -0.054134 -0.163625
vn 0.985036 -0.054134 -0.163625
vn 0.985036 -0.054134 -0.163625
vn 0.997985 0.020832 -0.059929
vn 0.980455 0.000080 0.196741
vn 0.976969 0.024564 0.211963
vn 0.967521 -0.038202 0.249887
vn 0.958682 0.093455 0.268690
vn 0.971860 0.168698 0.164403
vn 0.979660 0.017840 0.199870
vn 0.979660 0.017840 0.199870
vn 0.998198 0.040104 0.044637
vn 0.972190 0.234141 -0.004932
vn 0.972190 0.234141 -0.004932
vn 0.976854 0.201870 0.070748
vn 0.958214 0.234663 0.163581
vn 0.990324 0.026590 0.136207
vn 0.976805 -0.026562 0.212479
vn 0.997217 0.068716 -0.028926
vn 0.997217 0.068716 -0.028926
vn 0.997217 0.068716 -0.028926
vn 0.997286 0.060603 0.041816
vn 0.997866 0.051115 0.040634
vn 0.997866 0.051115 0.040634
vn 0.945086 -0.111670 0.307152
vn 0.945086 -0.111670 0.307152
vn 0.951164 -0.090359 0.295166
vn 0.952976 -0.100258 0.285982
vn 0.977455 -0.060858 0.202185
vn 0.953197 -0.002966 0.302336
vn 0.957911 0.049216 0.282814
vn 0.940325 0.051658 0.336333
vn 0.942290 0.085901 0.323589
vn 0.936278 0.104771 0.335271
vn 0.936278 0.104771 0.335271
vn 0.934224 -0.135911 0.329778
vn 0.934224 -0.135911 0.329778
vn 0.928056 -0.131753 0.348359
vn 0.911363 -0.153453 0.381928
vn 0.934379 -0.111923 0.338244
vn 0.934803 -0.164750 0.314643
vn 0.934803 -0.164750 0.314643
vn 0.929920 -0.163035 0.329649
vn 0.920353 -0.176157 0.349168
vn 0.980100 0.062263 0.188487
vn 0.965284 0.077200 0.249533
vn 0.965284 0.077200 0.249534
vn 0.924174 0.084608 0.372484
vn 0.950650 0.034771 0.308311
vn 0.950650 0.034771 0.308311
vn 0.895654 -0.047172 0.442242
vn 0.960132 0.071531 0.270240
vn 0.942009 0.041810 0.332973
vn 0.927847 0.035700 0.371249
vn 0.936840 0.057823 0.344945
vn 0.937633 0.221591 0.267846
vn 0.937633 0.221591 0.267846
vn 0.892254 0.233538 0.386448
vn 0.870417 0.178741 0.458722
vn 0.942577 0.038551 0.331756
vn 0.856085 0.062294 0.513067
vn 0.863344 0.072159 0.499430
vn 0.962709 -0.015310 0.270107
vn 0.962709 -0.015310 0.270107
vn 0.904469 -0.017346 0.426187
vn 0.925203 0.022402 0.378812
vn 0.931806 0.179044 0.315723
vn 0.931806 0.179044 0.315723
vn 0.914696 0.176751 0.363444
vn 0.886851 0.098832 0.451362
vn 0.966067 0.059061 0.251449
vn 0.931559 0.061928 0.358278
vn 0.934379 -0.111923 0.338244
vn 0.900750 -0.129170 0.414687
vn 0.900750 -0.129170 0.414687
vn 0.903846 -0.111699 0.413020
vn 0.874816 -0.054902 0.481335
vn 0.812445 -0.226276 0.537338
vn 0.812445 -0.226276 0.537338
vn 0.702229 -0.168268 0.691781
vn 0.702229 -0.168268 0.691781
vn 0.721587 -0.066976 0.689077
vn 0.785613 -0.197422 0.586377
vn 0.710347 -0.119649 0.693608
vn 0.710347 -0.119649 0.693608
vn 0.668257 0.000401 0.743930
vn 0.668257 0.000401 0.743930
vn 0.625712 -0.229487 0.745533
vn 0.588455 -0.171400 0.790153
vn 0.698378 -0.377376 0.608158
vn 0.403769 0.508737 0.760366
vn 0.403769 0.508737 0.760366
vn 0.403769 0.508737 0.760366
vn 0.285314 0.484083 0.827200
vn 0.279467 0.550600 0.786599
vn 0.364352 0.569336 0.736956
vn 0.197651 0.644584 0.738543
vn 0.197651 0.644584 0.738543
vn 0.236067 0.596298 0.767269
vn 0.689713 0.064527 0.721202
vn 0.689713 0.064527 0.721202
vn 0.533561 0.028984 0.845265
vn 0.533561 0.028984 0.845265
vn 0.530073 -0.012325 0.847862
vn 0.498750 0.022960 0.866442
vn 0.240698 -0.002859 0.970596
vn 0.240698 -0.002859 0.970596
vn 0.108558 0.013383 0.994000
vn 0.108558 0.013383 0.994000
vn 0.109670 0.027671 0.993583
vn 0.126131 0.013113 0.991927
vn 0.093874 0.042334 0.994684
vn 0.093874 0.042334 0.994684
vn 0.060127 0.030215 0.997733
vn 0.878589 0.092968 0.468442
vn 0.880887 0.118705 0.458200
vn 0.794544 -0.232384 0.560979
vn 0.794544 -0.232384 0.560979
vn 0.788684 -0.263203 0.555609
vn 0.807866 0.132096 0.574372
vn 0.807866 0.132096 0.574372
vn 0.803532 0.140085 0.578543
vn 0.683525 0.130353 0.718194
vn 0.683525 0.130353 0.718194
vn 0.495552 0.158832 0.853933
vn 0.495552 0.158832 0.853933
vn 0.504070 0.088126 0.859155
vn 0.545259 0.032816 0.837625
vn 0.425048 0.040948 0.904244
vn 0.425048 0.040948 0.904244
vn 0.323400 -0.057022 0.944543
vn 0.323400 -0.057022 0.944543
vn 0.378261 0.002886 0.925695
vn 0.378261 0.002886 0.925695
vn 0.329404 -0.181678 0.926545
vn 0.283933 0.593660 0.752960
vn 0.283933 0.593660 0.752961
vn 0.283933 0.593660 0.752960
vn 0.236343 0.667823 0.705800
vn 0.187347 0.610516 0.769527
vn 0.187347 0.610516 0.769527
vn 0.187347 0.610516 0.769527
vn 0.196453 0.484120 0.852663
vn 0.207449 0.646371 0.734281
vn 0.203692 0.609574 0.766113
vn 0.173260 0.574068 0.800267
vn 0.111689 0.421526 0.899912
vn 0.122531 0.768149 0.628437
vn 0.122531 0.768149 0.628437
vn 0.124381 0.760846 0.636901
vn 0.268192 -0.119974 0.955866
vn 0.268192 -0.119974 0.955866
vn 0.328686 -0.613736 0.717840
vn 0.328686 -0.613736 0.717840
vn 0.340050 -0.478071 0.809824
vn 0.329404 -0.181678 0.926545
vn 0.401058 -0.056603 0.914302
vn 0.370022 -0.408479 0.834403
vn 0.370022 -0.408479 0.834403
vn 0.188842 -0.438202 0.878816
vn 0.188842 -0.438202 0.878816
vn 0.189112 -0.048363 0.980764
vn 0.258621 -0.131445 0.956994
vn 0.180085 -0.728209 0.661272
vn 0.180085 -0.728209 0.661272
vn 0.179931 -0.729576 0.659806
vn 0.101922 -0.677450 0.728473
vn 0.118377 -0.140813 0.982934
vn 0.118377 -0.140813 0.982934
vn 0.904063 -0.145837 0.401748
vn 0.904063 -0.145837 0.401748
vn 0.873363 -0.135904 0.467725
vn 0.880484 -0.126916 0.456771
vn 0.866222 -0.096565 0.490239
vn 0.866222 -0.096565 0.490239
vn 0.786013 -0.016272 0.617996
vn 0.786013 -0.016272 0.617996
vn 0.792264 0.010820 0.610083
vn 0.792264 0.010820 0.610083
vn 0.810079 0.013183 0.586172
vn 0.810079 0.013183 0.586172
vn 0.082549 0.746942 0.659745
vn 0.082549 0.746942 0.659745
vn 0.102462 0.553696 0.826391
vn 0.102462 0.553696 0.826391
vn -0.024648 0.701251 0.712489
vn -0.000597 0.747794 0.663931
vn 0.731599 -0.033216 0.680925
vn 0.731599 -0.033216 0.680925
vn 0.393056 -0.065572 0.917174
vn 0.393056 -0.065572 0.917174
vn 0.176972 -0.022813 0.983951
vn 0.176972 -0.022813 0.983951
vn 0.168270 0.025160 0.985420
vn 0.168270 0.025160 0.985420
vn 0.188449 0.055026 0.980540
vn 0.188449 0.055026 0.980540
vn 0.254456 0.040953 0.966217
vn 0.928110 -0.151679 0.340007
vn 0.928110 -0.151679 0.340007
vn 0.889878 -0.141363 0.433743
vn 0.921034 -0.096917 0.377232
vn 0.892810 -0.058582 0.446608
vn 0.892810 -0.058582 0.446608
vn 0.819907 -0.007554 0.572448
vn 0.819907 -0.007554 0.572448
vn 0.804257 0.016718 0.594046
vn 0.804257 0.016718 0.594046
vn 0.785359 -0.039979 0.617749
vn 0.785359 -0.039979 0.617748
vn 0.111689 0.421526 0.899912
vn 0.111689 0.421526 0.899912
vn 0.119772 0.421072 0.899085
vn 0.061694 0.377351 0.924013
vn 0.603473 -0.095336 0.791664
vn 0.603473 -0.095336 0.791664
vn 0.344142 -0.048888 0.937644
vn 0.344142 -0.048888 0.937644
vn 0.283556 0.000646 0.958955
vn 0.283556 0.000646 0.958955
vn 0.283742 0.030912 0.958402
vn 0.283742 0.030912 0.958402
vn 0.254456 0.040953 0.966217
vn 0.960132 0.071531 0.270240
vn 0.921505 0.044225 0.385841
vn 0.928849 0.065318 0.364656
vn 0.872025 -0.012921 0.489291
vn 0.872025 -0.012921 0.489291
vn 0.865283 -0.013154 0.501112
vn 0.829800 -0.069376 0.553731
vn 0.792122 -0.131283 0.596077
vn 0.794877 -0.127288 0.593269
vn 0.794877 -0.127288 0.593269
vn 0.654087 -0.140280 0.743298
vn 0.663640 -0.130189 0.736636
vn 0.025082 0.359146 0.932944
vn 0.545976 -0.077488 0.834210
vn 0.545976 -0.077488 0.834210
vn 0.654907 -0.150959 0.740478
vn 0.443078 -0.022511 0.896200
vn 0.443078 -0.022511 0.896200
vn 0.388316 0.013582 0.921426
vn 0.566641 -0.097630 0.818161
vn 0.388316 0.013582 0.921426
vn 0.341950 0.025372 0.939376
vn 0.341950 0.025372 0.939376
vn 0.267101 0.026263 0.963311
vn 0.267101 0.026263 0.963311
vn 0.895654 -0.047172 0.442242
vn 0.875919 -0.041738 0.480649
vn 0.823689 -0.109951 0.556279
vn 0.792122 -0.131283 0.596077
vn 0.750737 -0.162558 0.640288
vn 0.773865 -0.132042 0.619433
vn 0.713593 -0.184970 0.675701
vn 0.713593 -0.184970 0.675701
vn 0.685350 -0.184522 0.704448
vn 0.681887 -0.188200 0.706832
vn 0.232931 0.521368 0.820925
vn 0.232931 0.521368 0.820925
vn 0.232931 0.521368 0.820925
vn 0.320975 0.566388 0.759065
vn 0.282787 0.439088 0.852780
vn 0.314278 0.672160 0.670396
vn 0.309806 0.678681 0.665893
vn 0.443619 0.592051 0.672813
vn 0.443619 0.592051 0.672813
vn 0.354610 0.361274 0.862399
vn 0.654907 -0.150959 0.740478
vn 0.566641 -0.097630 0.818161
vn 0.462239 -0.051571 0.885254
vn 0.462239 -0.051571 0.885254
vn 0.475442 -0.097546 0.874323
vn 0.386976 -0.040003 0.921222
vn 0.386976 -0.040003 0.921222
vn 0.242811 -0.020829 0.969850
vn 0.242811 -0.020829 0.969850
vn 0.305286 -0.116681 0.945085
vn 0.887708 0.046576 0.458045
vn 0.887708 0.046576 0.458045
vn 0.848349 0.069662 0.524834
vn 0.818592 0.035630 0.573269
vn 0.753996 0.013827 0.656734
vn 0.753996 0.013827 0.656734
vn 0.728307 0.015319 0.685079
vn 0.704210 -0.015046 0.709832
vn 0.681370 -0.028105 0.731400
vn 0.681370 -0.028105 0.731400
vn 0.669437 -0.027945 0.742343
vn 0.670135 -0.027084 0.741745
vn 0.417088 0.833804 0.361676
vn 0.417088 0.833804 0.361676
vn 0.444131 0.828757 0.340455
vn 0.305915 0.883936 0.353657
vn 0.239173 0.885315 0.398766
vn 0.336526 0.929549 0.150631
vn 0.390932 0.916047 0.089607
vn 0.497547 0.861778 0.098921
vn 0.496134 0.864974 0.075306
vn 0.496135 0.864974 0.075306
vn 0.657906 -0.015780 0.752935
vn 0.657906 -0.015780 0.752935
vn 0.658580 -0.015943 0.752342
vn 0.603188 -0.054353 0.795745
vn 0.475442 -0.097546 0.874323
vn 0.529130 -0.143858 0.836257
vn 0.453169 -0.089457 0.886925
vn 0.368990 -0.124352 0.921077
vn 0.305286 -0.116681 0.945085
vn 0.851080 0.119706 0.511208
vn 0.851080 0.119706 0.511208
vn 0.784083 0.114776 0.609951
vn 0.762939 0.085745 0.640759
vn 0.694086 0.066375 0.716826
vn 0.694086 0.066375 0.716826
vn 0.672788 0.068754 0.736633
vn 0.655530 0.041747 0.754015
vn 0.673840 0.004798 0.738862
vn 0.673840 0.004798 0.738862
vn 0.673284 0.004629 0.739370
vn 0.624473 -0.062098 0.778574
vn 0.555645 -0.145141 0.818653
vn 0.320975 0.566388 0.759065
vn 0.230050 0.634958 0.737500
vn 0.555645 -0.145141 0.818653
vn 0.443235 -0.216285 0.869922
vn 0.357791 -0.246299 0.900734
vn 0.357791 -0.246299 0.900734
vn 0.318796 -0.232453 0.918877
vn 0.338447 -0.221523 0.914539
vn 0.297225 -0.199069 0.933825
vn 0.297225 -0.199069 0.933825
vn 0.807867 0.093100 0.581965
vn 0.807867 0.093100 0.581965
vn 0.754175 0.086186 0.650994
vn 0.754175 0.086186 0.650994
vn 0.692864 0.072696 0.717394
vn 0.692864 0.072696 0.717394
vn 0.758845 0.068924 0.647614
vn 0.641356 0.073241 0.763740
vn 0.628067 0.057365 0.776042
vn 0.660642 0.048788 0.749114
vn 0.574979 0.033447 0.817484
vn 0.574979 0.033447 0.817484
vn 0.562657 0.033116 0.826027
vn 0.544059 0.014073 0.838929
vn 0.507465 -0.012680 0.861579
vn 0.034652 0.896511 0.441665
vn 0.034652 0.896511 0.441665
vn 0.214392 0.858610 0.465645
vn 0.134956 0.848290 0.512046
vn 0.239579 0.920366 0.309078
vn 0.292510 0.921407 0.255826
vn 0.270321 0.885296 -0.378387
vn 0.270321 0.885296 -0.378387
vn 0.507465 -0.012680 0.861579
vn 0.445045 -0.008798 0.895465
vn 0.436711 -0.015555 0.899467
vn 0.344415 -0.031235 0.938298
vn 0.344415 -0.031235 0.938298
vn 0.321452 -0.030476 0.946435
vn 0.313298 -0.037149 0.948928
vn 0.257908 -0.059921 0.964310
vn 0.257908 -0.059921 0.964310
vn 0.863466 0.063473 0.500397
vn 0.863466 0.063473 0.500397
vn 0.754542 0.063317 0.653190
vn 0.660642 0.048788 0.749114
vn 0.640881 0.017540 0.767440
vn 0.611584 0.053358 0.789379
vn 0.598536 0.039141 0.800139
vn 0.548997 0.031302 0.835238
vn 0.548997 0.031302 0.835238
vn 0.527967 0.030869 0.848704
vn 0.537248 0.040341 0.842459
vn 0.260866 0.688430 0.676766
vn 0.106459 0.731060 0.673957
vn 0.232212 0.763515 0.602597
vn 0.526653 0.073490 0.846898
vn 0.526653 0.073490 0.846898
vn 0.421624 0.072822 0.903842
vn 0.494600 0.143150 0.857251
vn 0.384873 0.180158 0.905216
vn 0.384873 0.180158 0.905216
vn 0.314938 0.179036 0.932073
vn 0.271503 0.142703 0.951799
vn 0.175267 0.119915 0.977191
vn 0.175267 0.119915 0.977191
vn 0.847041 0.018831 0.531194
vn 0.847041 0.018831 0.531194
vn 0.702570 -0.009354 0.711553
vn 0.702570 -0.009354 0.711553
vn 0.640881 0.017540 0.767440
vn 0.566391 0.017100 0.823960
vn 0.531266 -0.021827 0.846924
vn 0.492428 -0.065347 0.867896
vn 0.492428 -0.065347 0.867896
vn 0.427424 0.319913 0.845556
vn 0.513671 -0.063450 0.855638
vn 0.408902 -0.176469 0.895353
vn 0.339754 -0.312621 0.887037
vn 0.399812 0.040843 0.915687
vn 0.399812 0.040843 0.915687
vn 0.399812 0.040843 0.915687
vn 0.420328 0.157115 0.893666
vn 0.238752 0.040562 0.970233
vn 0.231901 0.045095 0.971694
vn 0.420328 0.157115 0.893666
vn 0.614911 0.190557 0.765227
vn 0.425972 0.329644 0.842545
vn 0.339754 -0.312621 0.887037
vn 0.428712 -0.308046 0.849302
vn 0.343849 -0.378053 0.859560
vn 0.366348 -0.347588 0.863117
vn 0.366348 -0.347588 0.863117
vn 0.284729 0.378433 0.880748
vn 0.269704 -0.350064 0.897059
vn 0.336774 -0.301147 0.892129
vn 0.295715 -0.247844 0.922565
vn 0.295715 -0.247844 0.922565
vn 0.866467 0.134630 0.480738
vn 0.750344 0.195177 0.631578
vn 0.615897 0.262187 0.742919
vn 0.363770 0.399682 0.841383
vn 0.277276 0.392258 0.877070
vn 0.249154 0.375966 0.892509
vn 0.614911 0.190557 0.765227
vn 0.289275 0.361860 0.886215
vn 0.278672 0.361535 0.889738
vn 0.203061 0.271659 0.940727
vn 0.781457 0.540313 0.312068
vn 0.781457 0.540313 0.312068
vn 0.781457 0.540313 0.312068
vn 0.768729 0.558807 0.311110
vn 0.710102 0.610524 0.350735
vn 0.754888 0.646781 0.108712
vn 0.705235 0.707052 0.052160
vn 0.811049 0.575529 0.104716
vn 0.470505 0.281652 0.836240
vn 0.470505 0.281652 0.836240
vn 0.470505 0.281652 0.836240
vn 0.486467 0.264850 0.832589
vn 0.446451 0.292741 0.845567
vn 0.607343 0.441128 0.660712
vn 0.202799 -0.009353 0.979176
vn 0.202799 -0.009353 0.979176
vn 0.202799 -0.009353 0.979176
vn 0.223678 -0.029569 0.974215
vn 0.275416 -0.035481 0.960670
vn 0.295768 0.099512 0.950062
vn 0.550152 0.029242 0.834552
vn 0.303434 0.090895 0.948507
vn 0.482669 -0.042086 0.874791
vn 0.595346 -0.148962 0.789540
vn 0.595346 -0.148962 0.789540
vn 0.595346 -0.148962 0.789540
vn 0.381299 -0.112274 0.917609
vn 0.415262 -0.080479 0.906135
vn 0.550152 0.029242 0.834553
vn 0.550152 0.029242 0.834552
vn 0.673138 -0.221196 0.705661
vn 0.783616 -0.012718 0.621115
vn 0.881224 -0.234730 0.410300
vn 0.881224 -0.234730 0.410300
vn 0.881224 -0.234730 0.410300
vn 0.907017 -0.258295 0.332572
vn 0.839258 -0.200057 0.505592
vn 0.846187 -0.054769 0.530064
vn 0.752529 -0.404242 0.519892
vn 0.803541 -0.403357 0.437749
vn 0.593383 -0.499020 0.631566
vn 0.752529 -0.404242 0.519892
vn 0.927673 -0.306684 0.212999
vn 0.927673 -0.306684 0.212999
vn 0.927673 -0.306684 0.212999
vn 0.957072 -0.219383 0.189430
vn 0.979073 -0.160833 0.124695
vn 0.918859 -0.317746 0.233955
vn 0.901617 -0.240549 0.359477
vn 0.911021 -0.383671 0.151121
vn 0.911021 -0.383671 0.151121
vn 0.911021 -0.383671 0.151121
vn 0.794662 -0.515553 0.320495
vn 0.849619 -0.481948 0.214181
vn 0.982135 -0.173667 0.072461
vn 0.982135 -0.173667 0.072461
vn 0.982135 -0.173667 0.072461
vn 0.987692 -0.148846 0.048061
vn 0.967001 -0.243155 0.076051
vn 0.951230 -0.280752 0.127829
vn 0.979073 -0.160833 0.124695
vn 0.979073 -0.160833 0.124695
vn 0.983117 -0.097618 0.154762
vn 0.971466 -0.103847 0.213235
vn 0.969315 -0.100747 0.224228
vn 0.993359 -0.112304 0.025012
vn 0.993359 -0.112304 0.025012
vn 0.993359 -0.112304 0.025012
vn 0.993897 -0.104375 0.035711
vn 0.998666 -0.013265 0.049898
vn 0.998666 -0.013265 0.049898
vn 0.998666 -0.013265 0.049898
vn 0.995250 0.010320 0.096805
vn 0.988922 -0.103760 0.106151
vn 0.990689 -0.092121 0.100246
vn 0.988570 -0.057973 0.139168
vn 0.528963 0.774492 0.346931
vn 0.472194 0.880934 0.031421
vn 0.992388 -0.014358 0.122309
vn 0.985475 -0.016561 0.169014
vn 0.985475 -0.016561 0.169014
vn 0.977455 -0.060858 0.202185
vn 0.976359 -0.037747 0.212836
vn 0.992388 -0.014358 0.122309
vn 0.913128 -0.130482 0.386227
vn -0.004001 0.007500 0.999964
vn -0.005987 0.009071 0.999941
vn 0.004441 0.008973 0.999950
vn -0.020372 -0.011068 0.999731
vn 0.020810 0.009199 0.999741
vn -0.026018 -0.047519 0.998532
vn 0.054149 -0.049655 0.997298
vn -0.001538 -0.090266 0.995917
vn 0.108824 -0.018185 0.993895
vn 0.100044 -0.097654 0.990179
vn 0.205431 -0.127481 0.970333
vn 0.205431 -0.127481 0.970333
vn 0.342829 -0.072519 0.936594
vn 0.327116 -0.171725 0.929250
vn 0.408149 -0.221721 0.885581
vn 0.408149 -0.221721 0.885581
vn 0.241019 0.787589 0.567110
vn 0.241019 0.787589 0.567110
vn 0.336941 0.747984 0.571831
vn 0.322583 0.748633 0.579214
vn 0.381422 0.865405 0.324947
vn 0.372723 0.866230 0.332751
vn 0.359185 0.871994 0.332585
vn 0.364550 0.876117 0.315473
vn 0.572263 -0.305337 0.761107
vn 0.575386 -0.295558 0.762612
vn 0.698378 -0.377376 0.608158
vn 0.767356 -0.251693 0.589759
vn 0.737690 -0.337589 0.584677
vn 0.848375 -0.252352 0.465379
vn 0.848375 -0.252352 0.465379
vn 0.900809 -0.182723 0.393898
vn -0.005050 0.113875 0.993482
vn 0.000747 0.283666 0.958923
vn -0.040879 0.283691 0.958044
vn -0.020370 0.298225 0.954278
vn -0.042645 0.108827 0.993146
vn -0.039466 0.308840 0.950295
vn 0.009297 0.309158 0.950965
vn -0.029838 0.281389 0.959130
vn 0.134726 0.120075 0.983581
vn 0.101495 0.258305 0.960717
vn 0.171433 0.275667 0.945843
vn 0.171433 0.275667 0.945843
vn 0.291310 0.114507 0.949751
vn 0.298908 0.258420 0.918626
vn 0.412854 0.221312 0.883500
vn 0.412854 0.221312 0.883500
vn 0.232212 0.763515 0.602597
vn 0.283173 0.668137 0.688045
vn 0.280686 0.746573 0.603195
vn 0.291323 0.746278 0.598498
vn 0.221402 0.793326 0.567111
vn 0.501713 0.071877 0.862043
vn 0.629182 0.115869 0.768573
vn 0.511432 0.185005 0.839173
vn 0.629182 0.115869 0.768573
vn 0.429647 0.478292 0.765925
vn 0.785589 -0.150225 0.600235
vn 0.805836 -0.042330 0.590624
vn 0.598842 0.177433 0.780964
vn 0.884843 -0.165322 0.435571
vn 0.884843 -0.165322 0.435571
vn 0.903754 -0.233442 0.358794
vn 0.814100 0.187750 0.549537
vn -0.005348 0.387630 0.921800
vn -0.001696 0.425152 0.905120
vn -0.017219 0.425104 0.904981
vn -0.004651 0.432716 0.901518
vn -0.023987 0.410665 0.911471
vn -0.003974 0.446018 0.895015
vn -0.003644 0.446022 0.895015
vn 0.021429 0.461822 0.886714
vn 0.092585 0.433500 0.896385
vn 0.082535 0.456670 0.885799
vn 0.165198 0.453564 0.875779
vn 0.157534 0.449099 0.879485
vn 0.279003 0.407630 0.869480
vn 0.265503 0.432658 0.861577
vn 0.364759 0.429933 0.825899
vn 0.364759 0.429933 0.825898
vn 0.258057 0.566186 0.782841
vn 0.258057 0.566186 0.782841
vn 0.115331 0.457428 0.881736
vn 0.270646 0.641504 0.717791
vn 0.300688 0.637097 0.709714
vn 0.179998 0.577175 0.796536
vn 0.419496 0.378344 0.825154
vn 0.419328 0.434995 0.796833
vn 0.429647 0.478292 0.765925
vn 0.607460 0.421838 0.673086
vn 0.814100 0.187750 0.549537
vn 0.001347 0.418700 0.908123
vn 0.006675 0.397851 0.917426
vn 0.007206 0.429256 0.903154
vn 0.042613 0.433798 0.900002
vn 0.184658 0.489214 0.852391
vn 0.288453 0.475451 0.831108
vn 0.308442 0.497503 0.810774
vn 0.373607 0.482501 0.792219
vn 0.175849 0.820963 0.543229
vn 0.199926 0.791754 0.577196
vn 0.270671 0.748676 0.605162
vn 0.417105 0.445197 0.792353
vn 0.490550 0.327487 0.807535
vn 0.600585 0.370611 0.708481
vn 0.621365 0.219972 0.752010
vn 0.675012 0.340512 0.654530
vn 0.764859 0.200619 0.612163
vn 0.358061 0.724238 0.589297
vn 0.358061 0.724238 0.589297
vn 0.657302 0.523781 0.541855
vn 0.600380 0.573503 0.557350
vn 0.600380 0.573503 0.557350
vn 0.600380 0.573503 0.557350
vn 0.251806 0.917738 -0.307165
vn 0.251806 0.917738 -0.307165
vn 0.348413 0.901850 -0.255490
vn 0.348413 0.901850 -0.255490
vn 0.313172 0.732813 0.604077
vn 0.525966 0.557186 0.642576
vn 0.525966 0.557186 0.642576
vn 0.576020 0.506142 0.641889
vn 0.307474 0.714036 0.628977
vn 0.349039 0.687157 0.637171
vn -0.993210 -0.113582 -0.025165
vn -0.993210 -0.113582 -0.025165
vn -0.993210 -0.113582 -0.025165
vn -0.994357 -0.104952 -0.015446
vn -0.989605 -0.132748 0.055319
vn -0.989203 -0.119571 0.084735
vn -0.977497 -0.139948 0.157841
vn -0.971053 -0.164376 0.173313
vn -0.977497 -0.139948 0.157841
vn -0.977497 -0.139948 0.157841
vn -0.985311 -0.144110 0.091626
vn -0.988135 -0.152365 -0.019349
vn -0.986869 -0.159140 -0.027658
vn -0.927341 -0.103357 0.359662
vn -0.927341 -0.103357 0.359662
vn -0.927341 -0.103357 0.359662
vn -0.931614 -0.106991 0.347345
vn -0.938159 -0.057333 0.341426
vn -0.868295 -0.139297 0.476089
vn -0.868295 -0.139297 0.476089
vn -0.868295 -0.139297 0.476089
vn -0.871743 -0.145435 0.467881
vn -0.863497 -0.131114 0.487014
vn -0.856212 -0.218571 0.468111
vn -0.871743 -0.145435 0.467881
vn -0.880320 -0.146474 0.451201
vn -0.914767 -0.134209 0.381037
vn -0.970758 -0.185959 0.151814
vn -0.970758 -0.185959 0.151813
vn -0.970758 -0.185959 0.151814
vn -0.974337 -0.175945 0.140394
vn -0.906114 -0.137961 0.399904
vn -0.891485 -0.098320 0.442254
vn -0.891485 -0.098320 0.442254
vn -0.879971 -0.135794 0.455204
vn -0.960409 -0.189574 0.204148
vn -0.960409 -0.189574 0.204148
vn -0.960409 -0.189574 0.204148
vn -0.952141 -0.212272 0.219929
vn -0.924634 -0.160858 0.345219
vn -0.924634 -0.160858 0.345219
vn -0.924634 -0.160858 0.345219
vn -0.912257 -0.194870 0.360295
vn -0.922212 -0.233244 0.308421
vn -0.880224 0.474068 -0.021569
vn -0.880224 0.474068 -0.021569
vn -0.880224 0.474068 -0.021569
vn -0.875944 0.482412 -0.000391
vn 0.840290 0.519577 -0.154764
vn 0.840290 0.519577 -0.154764
vn 0.840290 0.519578 -0.154764
vn 0.840742 0.518804 -0.154905
vn 0.691468 -0.698200 0.185442
vn 0.691468 -0.698200 0.185442
vn 0.691468 -0.698200 0.185442
vn 0.988918 0.054241 -0.138200
vn 0.188941 -0.425349 0.885087
vn 0.227666 -0.652359 0.722908
vn 0.227666 -0.652359 0.722908
vn 0.227666 -0.652359 0.722908
vn 0.389055 -0.671393 0.630767
vn -0.308320 -0.306638 0.900507
vn -0.308320 -0.306638 0.900507
vn -0.308320 -0.306638 0.900507
vn -0.059099 -0.569005 0.820208
vn -0.120486 -0.486580 0.865288
vn -0.507338 -0.496996 0.703991
vn -0.554885 -0.395792 0.731745
vn -0.554885 -0.395792 0.731745
vn -0.311233 -0.461647 0.830672
vn -0.064238 -0.755367 0.652145
vn -0.324382 -0.644542 0.692345
vn 0.226125 -0.219316 0.949088
vn 0.226125 -0.219316 0.949088
vn 0.226125 -0.219316 0.949088
vn 0.311919 -0.216100 0.925207
vn 0.218188 -0.427980 0.877056
vn 0.461433 -0.336936 0.820703
vn 0.461433 -0.336936 0.820703
vn 0.461433 -0.336936 0.820703
vn 0.560811 -0.347856 0.751324
vn 0.240724 -0.127086 0.962238
vn 0.240724 -0.127086 0.962238
vn 0.240724 -0.127086 0.962238
vn 0.237246 -0.020484 0.971234
vn 0.269874 -0.121664 0.955178
vn 0.230684 0.052346 0.971620
vn 0.351137 -0.156904 0.923084
vn 0.406900 -0.143896 0.902068
vn 0.406900 -0.143896 0.902068
vn 0.428089 -0.325631 0.843033
vn 0.475298 -0.156507 0.865793
vn 0.233620 -0.036093 0.971658
vn 0.233620 -0.036093 0.971658
vn -0.873954 0.321571 -0.364413
vn -0.873954 0.321571 -0.364413
vn -0.873954 0.321571 -0.364413
vn -0.874468 0.323196 -0.361732
vn -0.870049 0.327268 -0.368659
vn -0.854948 0.296100 -0.425898
vn -0.749044 0.639378 0.173577
vn -0.875524 0.247982 -0.414683
vn -0.749044 0.639378 0.173577
vn -0.835148 -0.032427 -0.549068
vn -0.749044 0.639378 0.173577
vn 0.684577 0.296903 0.665735
vn -0.452839 0.852946 0.259653
vn 0.004776 0.844760 0.535124
vn -0.137775 0.868140 0.476814
vn -0.834287 0.213560 -0.508288
vn -0.834287 0.213560 -0.508288
vn -0.862609 0.284055 -0.418591
vn -0.627495 0.092269 -0.773134
vn 0.067050 -0.246230 -0.966889
vn -0.586458 0.179290 -0.789888
vn -0.629367 0.087305 -0.772189
vn 0.157291 -0.270292 -0.949843
vn -0.774842 0.264340 -0.574234
vn -0.779998 0.172856 -0.601435
vn -0.779998 0.172856 -0.601435
vn -0.779998 0.172856 -0.601435
vn -0.785421 0.182680 -0.591390
vn 0.061457 -0.188583 -0.980132
vn 0.061457 -0.188583 -0.980132
vn -0.520235 0.140163 -0.842443
vn -0.520235 0.140163 -0.842443
vn 0.680642 -0.345801 -0.645870
vn 0.555531 -0.280014 -0.782929
vn 0.707922 -0.228446 -0.668325
vn 0.769094 -0.230019 -0.596310
vn 0.147007 0.208152 -0.966986
vn -0.520235 0.140163 -0.842443
vn 0.515464 -0.348067 -0.783036
vn 0.081469 -0.208669 -0.974587
vn 0.505195 -0.260811 -0.822651
vn 0.268260 -0.107470 -0.957333
vn 0.268260 -0.107470 -0.957333
vn -0.554221 -0.127155 -0.822600
vn 0.459795 -0.063969 -0.885718
vn 0.580576 -0.031021 -0.813615
vn 0.023374 -0.056395 0.998135
vn 0.023374 -0.056395 0.998135
vn 0.023374 -0.056395 0.998135
vn -0.015799 -0.060323 0.998054
vn -0.022199 -0.128622 0.991445
vn -0.022199 -0.128622 0.991445
vn 0.312705 -0.023622 0.949557
vn 0.312705 -0.023622 0.949557
vn 0.312705 -0.023622 0.949557
vn 0.170976 -0.105778 0.979581
vn 0.485374 0.073556 0.871207
vn 0.440138 0.093031 0.893098
vn 0.170976 -0.105778 0.979581
vn 0.158070 -0.060837 0.985552
vn 0.230684 0.052346 0.971620
vn -0.982371 -0.182174 0.041951
vn -0.982371 -0.182174 0.041951
vn -0.982371 -0.182174 0.041951
vn -0.983709 -0.176935 0.031796
vn -0.983102 -0.173467 0.058478
vn -0.981786 -0.179247 0.062984
vn -0.982373 -0.179522 -0.052114
vn -0.982373 -0.179522 -0.052114
vn -0.982373 -0.179522 -0.052114
vn -0.975927 -0.202989 -0.079768
vn -0.974550 -0.209730 -0.079152
vn -0.973605 -0.162063 0.160714
vn -0.973605 -0.162063 0.160714
vn -0.973605 -0.162063 0.160715
vn -0.976016 -0.186306 0.112620
vn 0.912590 0.156214 -0.377858
vn 0.912590 0.156214 -0.377858
vn 0.912590 0.156214 -0.377858
vn 0.914437 0.145885 -0.377522
vn 0.896179 0.116574 -0.428104
vn 0.859826 0.138702 -0.491387
vn 0.923273 0.166644 -0.346117
vn 0.892124 0.117782 -0.436168
vn 0.759000 0.137713 -0.636360
vn 0.759000 0.137713 -0.636360
vn 0.728183 0.064931 -0.682301
vn 0.701799 0.124967 -0.701329
vn 0.637363 0.109946 -0.762680
vn -0.414382 -0.121438 0.901965
vn -0.414382 -0.121438 0.901965
vn -0.414382 -0.121438 0.901965
vn -0.465115 -0.012468 0.885162
vn -0.054896 -0.069446 0.996074
vn -0.054896 -0.069446 0.996074
vn 0.066464 -0.208840 0.975689
vn 0.056950 -0.148164 0.987322
vn 0.066464 -0.208840 0.975689
vn 0.066464 -0.208840 0.975689
vn -0.430456 0.009783 0.902559
vn -0.430456 0.009783 0.902559
vn 0.389183 0.274046 -0.879452
vn 0.389183 0.274046 -0.879452
vn 0.389183 0.274046 -0.879452
vn 0.392416 0.264108 -0.881054
vn 0.159938 0.219111 -0.962502
vn 0.159938 0.219111 -0.962502
vn 0.236322 -0.035594 -0.971023
vn 0.235381 -0.034748 -0.971282
vn 0.466517 0.038225 -0.883686
vn 0.466826 0.036657 -0.883589
vn 0.466826 0.036657 -0.883589
vn -0.181149 0.180790 -0.966695
vn -0.181149 0.180790 -0.966695
vn -0.417475 -0.248223 -0.874128
vn -0.427140 -0.212755 -0.878798
vn -0.427140 -0.212755 -0.878798
vn -0.427140 -0.212755 -0.878798
vn -0.420631 -0.187086 -0.887732
vn -0.420631 -0.187086 -0.887732
vn -0.420631 -0.187086 -0.887732
vn -0.426828 -0.170986 -0.888021
vn -0.042381 -0.132303 -0.990303
vn -0.054896 -0.069446 0.996074
vn 0.159603 -0.108141 0.981240
vn 0.159603 -0.108141 0.981240
vn 0.165666 -0.123566 0.978410
vn 0.113635 -0.029711 0.993078
vn 0.113635 -0.029711 0.993078
vn 0.125842 -0.080119 0.988810
vn 0.125842 -0.080119 0.988810
vn 0.125842 -0.080119 0.988810
vn 0.082238 -0.046454 0.995529
vn 0.117703 -0.084453 0.989451
vn 0.318536 0.026288 -0.947546
vn 0.316512 0.064239 -0.946411
vn 0.488676 0.077811 -0.868989
vn 0.467869 0.124940 -0.874922
vn 0.467869 0.124940 -0.874922
vn 0.546600 0.079751 -0.833588
vn 0.624763 0.032871 -0.780122
vn 0.624763 0.032871 -0.780122
vn 0.624763 0.032871 -0.780122
vn 0.778056 0.052455 -0.626001
vn 0.627859 0.156861 -0.762357
vn 0.816986 0.152564 -0.556110
vn 0.859826 0.138702 -0.491387
vn 0.540418 0.051754 0.839803
vn 0.540418 0.051754 0.839803
vn 0.442094 0.113910 0.889706
vn 0.714361 0.148121 0.683922
vn 0.540418 0.051754 0.839803
vn 0.738707 0.067789 0.670609
vn 0.738707 0.067789 0.670609
vn 0.618353 0.172195 0.766804
vn 0.787719 0.123203 0.603589
vn 0.442510 0.092020 0.892030
vn -0.554221 -0.127155 -0.822600
vn -0.554221 -0.127155 -0.822600
vn -0.546586 -0.048088 -0.836021
vn -0.833028 0.028585 -0.552492
vn -0.880543 -0.024694 -0.473322
vn -0.511432 -0.146563 0.846733
vn -0.511432 -0.146563 0.846733
vn -0.511432 -0.146563 0.846733
vn -0.424521 -0.257281 0.868095
vn -0.543315 -0.213132 0.812024
vn -0.390495 -0.155835 0.907320
vn -0.382753 -0.177219 0.906694
vn -0.411682 -0.142742 0.900079
vn -0.581216 -0.220612 0.783274
vn 0.858884 0.261583 0.440333
vn 0.858884 0.261583 0.440333
vn 0.858884 0.261583 0.440333
vn 0.844114 0.280598 0.456877
vn 0.861564 0.269833 0.429997
vn 0.861564 0.269833 0.429997
vn 0.939567 0.297608 -0.169246
vn 0.939567 0.297608 -0.169246
vn 0.928583 0.335181 -0.159334
vn 0.816986 0.152564 -0.556110
vn 0.816986 0.152564 -0.556110
vn 0.812912 0.129379 -0.567834
vn 0.796222 0.114298 -0.594110
vn 0.536919 0.074894 -0.840303
vn 0.936761 0.181296 0.299350
vn 0.936761 0.181296 0.299350
vn 0.936761 0.181296 0.299350
vn 0.912441 0.197003 0.358665
vn 0.948970 0.219339 0.226597
vn 0.908648 0.211494 0.360039
vn 0.908649 0.211494 0.360039
vn 0.867171 0.240784 0.435932
vn 0.805295 0.197107 0.559150
vn 0.714361 0.148121 0.683922
vn 0.324572 -0.048243 0.944630
vn 0.440857 0.030196 0.897069
vn 0.440857 0.030196 0.897069
vn 0.440857 0.030196 0.897069
vn 0.316473 0.092788 0.944053
vn 0.567821 -0.057022 0.821174
vn 0.442510 0.092020 0.892030
vn 0.856766 0.226574 -0.463267
vn 0.736443 0.284219 -0.613899
vn 0.736443 0.284219 -0.613899
vn 0.736443 0.284219 -0.613899
vn 0.682705 0.474207 -0.555915
vn 0.713019 0.290715 -0.638035
vn 0.804567 0.375967 -0.459696
vn 0.715167 0.475712 -0.512089
vn 0.808026 0.426481 -0.406458
vn 0.856766 0.226574 -0.463267
vn 0.831488 0.438898 -0.340584
vn 0.715037 0.291142 -0.635577
vn 0.877730 0.264917 -0.399261
vn 0.877730 0.264917 -0.399261
vn 0.888824 0.308122 -0.339196
vn 0.888824 0.308122 -0.339196
vn 0.864684 0.378888 -0.329797
vn 0.906891 0.336490 -0.253621
vn 0.939711 0.322516 -0.113695
vn 0.892124 0.117782 -0.436168
vn 0.892124 0.117782 -0.436168
vn 0.935498 0.176166 -0.306282
vn 0.937463 0.164249 -0.306898
vn 0.823836 0.147630 -0.547265
vn 0.969614 0.141600 -0.199495
vn 0.953297 0.223000 -0.203703
vn 0.928587 0.341975 0.144150
vn 0.928587 0.341975 0.144150
vn 0.928587 0.341975 0.144150
vn 0.931816 0.336636 0.135627
vn 0.938216 0.343802 0.039375
vn 0.938216 0.343802 0.039375
vn 0.953628 0.298357 0.039719
vn 0.951223 0.304469 0.049733
vn 0.733741 0.424192 0.530740
vn 0.832560 0.297312 0.467386
vn 0.832560 0.297312 0.467386
vn 0.832560 0.297312 0.467386
vn 0.844389 0.458450 0.277183
vn 0.653911 0.458039 0.602163
vn 0.840451 0.358778 0.406103
vn 0.841477 0.413859 0.347329
vn 0.594698 0.208393 0.776471
vn 0.594698 0.208393 0.776471
vn 0.756625 -0.072128 -0.649859
vn 0.756625 -0.072128 -0.649859
vn 0.147007 0.208152 -0.966986
vn 0.721959 -0.036031 -0.690997
vn 0.688622 0.063734 -0.722314
vn 0.721959 -0.036031 -0.690997
vn 0.805912 -0.083486 -0.586119
vn 0.778056 0.052455 -0.626001
vn 0.754643 0.223311 -0.616965
vn 0.693969 0.262600 -0.670409
vn 0.837229 0.162113 0.522270
vn 0.693393 0.218023 0.686784
vn 0.061365 -0.163765 0.984589
vn 0.061365 -0.163765 0.984589
vn 0.061365 -0.163765 0.984589
vn 0.037667 -0.080489 0.996044
vn 0.292752 -0.086114 0.952303
vn 0.293029 -0.085175 0.952302
vn 0.228589 -0.182835 0.956200
vn 0.228589 -0.182835 0.956200
vn 0.888142 0.447108 0.106292
vn 0.888142 0.447108 0.106292
vn 0.888142 0.447108 0.106292
vn 0.901821 0.422630 0.090015
vn 0.909721 0.410763 0.060671
vn 0.898006 0.403693 0.174975
vn 0.844389 0.458450 0.277183
vn 0.844389 0.458450 0.277183
vn 0.827078 0.482947 0.287584
vn 0.239763 0.921258 -0.306262
vn 0.239763 0.921258 -0.306262
vn 0.889140 0.405954 -0.211260
vn 0.889140 0.405954 -0.211260
vn 0.851006 0.508377 -0.131687
vn 0.902060 0.422453 -0.088433
vn 0.908558 0.404284 -0.105244
vn 0.831488 0.438898 -0.340584
vn 0.831488 0.438898 -0.340584
vn 0.773810 0.509184 -0.376763
vn -0.948490 -0.316543 0.012916
vn -0.948490 -0.316543 0.012916
vn -0.948490 -0.316543 0.012916
vn -0.936390 -0.350599 -0.015917
vn -0.930094 -0.345732 -0.124073
vn -0.930094 -0.345732 -0.124073
vn -0.930094 -0.345732 -0.124073
vn -0.914764 -0.383385 -0.127369
vn -0.962714 -0.248573 -0.106741
vn -0.961697 -0.251456 -0.109124
vn -0.981327 -0.187388 0.043399
vn -0.981239 -0.190235 0.031330
vn -0.982505 -0.185311 0.018530
vn -0.582288 -0.143389 0.800237
vn -0.582288 -0.143389 0.800237
vn -0.393750 -0.022452 0.918943
vn -0.201568 -0.163504 0.965731
vn -0.598195 -0.067348 0.798516
vn 0.847602 0.264102 0.460241
vn 0.847602 0.264102 0.460241
vn 0.847602 0.264102 0.460241
vn 0.845325 0.270597 0.460655
vn 0.735617 0.512858 0.442543
vn 0.735617 0.512858 0.442543
vn 0.735617 0.512858 0.442543
vn 0.735837 0.512521 0.442567
vn 0.809130 0.571681 -0.135977
vn 0.809130 0.571681 -0.135977
vn 0.942437 0.297341 -0.152976
vn 0.909721 0.410763 0.060671
vn 0.908558 0.404284 -0.105244
vn 0.963334 0.142052 -0.227617
vn 0.963334 0.142052 -0.227617
vn 0.963333 0.142053 -0.227617
vn 0.964139 0.210697 -0.161378
vn 0.953847 0.157726 -0.255534
vn 0.945235 0.230458 -0.231128
vn 0.969255 0.139020 -0.203023
vn 0.977469 0.183884 -0.103638
vn 0.984845 0.157637 -0.072332
vn 0.967720 0.209571 -0.139992
vn 0.796222 0.114298 -0.594110
vn 0.796222 0.114298 -0.594110
vn 0.771808 0.023521 -0.635421
vn 0.550045 0.066897 -0.832451
vn 0.604044 0.064195 -0.794362
vn 0.871381 0.295912 0.391320
vn 0.871381 0.295912 0.391320
vn 0.894531 0.263645 0.360978
vn 0.894531 0.263645 0.360978
vn 0.958143 0.241134 -0.154324
vn 0.908328 0.301089 0.290320
vn 0.967950 0.235779 -0.086497
vn 0.982884 0.177660 -0.048753
vn 0.939711 0.322516 -0.113695
vn 0.379676 0.107326 -0.918873
vn 0.379676 0.107326 -0.918873
vn 0.047180 0.050751 -0.997596
vn 0.098222 0.113897 -0.988625
vn 0.098222 0.113897 -0.988625
vn 0.134960 -0.008013 -0.990819
vn 0.169292 0.074390 -0.982755
vn 0.708683 0.103325 -0.697920
vn 0.701471 0.139812 -0.698849
vn 0.701471 0.139812 -0.698849
vn 0.701471 0.139812 -0.698849
vn 0.636669 0.378502 -0.671855
vn 0.659816 0.319720 -0.680016
vn 0.659816 0.319720 -0.680016
vn 0.659816 0.319720 -0.680016
vn 0.648727 -0.136532 -0.748674
vn 0.647390 -0.106532 -0.754677
vn 0.647390 -0.106532 -0.754677
vn 0.647390 -0.106532 -0.754677
vn -0.743223 0.656016 0.131386
vn -0.743223 0.656016 0.131386
vn -0.743223 0.656016 0.131385
vn -0.639118 0.691883 0.335897
vn -0.646206 0.696933 0.310969
vn 0.105462 0.994087 -0.025859
vn -0.278852 0.904725 0.322046
vn -0.278852 0.904725 0.322046
vn -0.278852 0.904725 0.322046
vn -0.392162 0.880250 0.267151
vn 0.991704 0.099785 -0.081032
vn 0.991704 0.099785 -0.081032
vn 0.991704 0.099785 -0.081032
vn 0.995516 0.045856 -0.082735
vn 0.817456 0.485171 -0.310443
vn 0.817456 0.485171 -0.310443
vn 0.817456 0.485171 -0.310443
vn 0.901530 0.415880 -0.119527
vn -0.959485 -0.161213 0.231083
vn -0.959485 -0.161213 0.231083
vn -0.959485 -0.161213 0.231083
vn -0.964888 -0.155618 0.211599
vn -0.880320 -0.146474 0.451201
vn -0.882860 -0.138133 0.448863
vn -0.870340 -0.150008 0.469047
vn -0.958910 -0.169335 0.227634
vn -0.940674 -0.159819 0.299317
vn -0.971404 -0.173413 0.162177
vn -0.257052 0.067591 -0.964031
vn -0.257052 0.067591 -0.964031
vn -0.543767 0.009957 -0.839177
vn -0.543767 0.009957 -0.839177
vn -0.498678 -0.051845 -0.865235
vn -0.498678 -0.051845 -0.865235
vn 0.698869 0.125940 0.704075
vn 0.698869 0.125940 0.704075
vn 0.698869 0.125940 0.704075
vn 0.768591 0.267028 0.581346
vn 0.856578 0.221122 0.466239
vn 0.602827 0.093388 0.792388
vn 0.365647 0.030141 0.930266
vn 0.232205 -0.058292 0.970919
vn 0.143921 0.001056 0.989589
vn 0.182276 -0.190064 0.964703
vn 0.294667 0.034040 0.954994
vn 0.365647 0.030141 0.930266
vn 0.903191 0.261700 -0.340235
vn 0.904175 0.219446 -0.366484
vn 0.108060 -0.036884 0.993460
vn 0.108060 -0.036884 0.993460
vn 0.096302 -0.006201 0.995333
vn 0.170099 -0.157871 0.972699
vn 0.170099 -0.157871 0.972699
vn 0.456909 -0.055489 0.887781
vn 0.456909 -0.055489 0.887781
vn 0.411452 0.108308 0.904973
vn 0.862332 0.316237 -0.395445
vn 0.862469 0.259067 -0.434778
vn 0.842140 0.266762 -0.468656
vn 0.842355 0.241218 -0.481925
vn 0.830460 0.306545 -0.465151
vn 0.846431 0.256783 -0.466494
vn 0.846431 0.256783 -0.466494
vn 0.779167 0.220053 -0.586920
vn -0.997580 -0.014277 0.068046
vn -0.975860 -0.066033 0.208174
vn -0.993447 -0.103453 -0.048577
vn -0.910591 0.014560 0.413053
vn -0.910591 0.014560 0.413053
vn -0.910591 0.014560 0.413053
vn -0.890260 0.015710 0.455181
vn -0.936104 0.035443 0.349934
vn -0.967731 -0.041397 0.248561
vn -0.967731 -0.041397 0.248561
vn -0.942245 -0.006954 0.334854
vn -0.942245 -0.006954 0.334854
vn -0.942245 -0.006954 0.334854
vn -0.856212 -0.218571 0.468112
vn -0.938159 -0.057333 0.341426
vn 0.047180 0.050751 -0.997596
vn -0.546586 -0.048088 -0.836021
vn 0.929536 0.302712 0.210541
vn 0.952435 0.251559 0.172005
vn 0.856578 0.221121 0.466239
vn 0.952435 0.251559 0.172005
vn 0.966089 0.241664 0.090938
vn 0.841477 0.413859 0.347329
vn 0.939188 0.256968 0.227800
vn -0.793461 -0.065873 -0.605045
vn -0.774097 0.001116 -0.633066
vn -0.825748 0.143527 -0.545473
vn -0.805918 -0.140099 0.575212
vn -0.805918 -0.140099 0.575212
vn -0.779190 -0.162236 0.605427
vn -0.119850 -0.979152 0.164003
vn 0.169130 -0.985459 0.016321
vn -0.800655 0.014884 0.598941
vn -0.905444 -0.001391 0.424463
vn -0.814047 0.068957 0.576691
vn -0.805173 -0.058584 0.590140
vn -0.682142 -0.043240 0.729940
vn -0.846410 -0.292625 0.444927
vn -0.820746 -0.359232 0.444217
vn -0.789045 -0.374377 0.487084
vn -0.447592 -0.690408 0.568330
vn -0.519303 -0.648181 0.556943
vn -0.855262 0.428630 -0.291210
vn -0.855262 0.428630 -0.291210
vn 0.684577 0.296903 0.665735
vn 0.940994 0.268249 0.206334
vn -0.732445 -0.122096 -0.669789
vn -0.732445 -0.122096 -0.669789
vn -0.691945 -0.221025 -0.687284
vn -0.691945 -0.221025 -0.687284
vn -0.766848 0.106302 -0.632965
vn -0.766848 0.106302 -0.632965
vn -0.766848 0.106302 -0.632965
vn -0.766888 0.114082 -0.631560
vn -0.923082 -0.211210 -0.321418
vn -0.991287 0.015724 -0.130777
vn -0.913375 -0.253937 -0.318217
vn -0.832900 -0.110381 0.542305
vn -0.795972 -0.143074 0.588182
vn -0.770231 -0.214478 0.600619
vn 0.328072 0.861071 -0.388492
vn 0.328072 0.861071 -0.388492
vn 0.391625 0.863479 -0.317859
vn 0.356014 0.776989 -0.519175
vn 0.398973 0.910221 -0.110989
vn 0.398973 0.910221 -0.110989
vn 0.398973 0.910221 -0.110989
vn 0.339545 0.668217 -0.661963
vn 0.378648 0.673059 -0.635309
vn 0.388718 0.881513 0.268016
vn 0.388718 0.881513 0.268016
vn 0.388718 0.881513 0.268016
vn 0.385127 0.883256 0.267462
vn 0.264073 0.578709 -0.771597
vn 0.325963 0.665604 -0.671356
vn 0.356899 0.753920 0.551569
vn 0.356899 0.753920 0.551569
vn 0.157976 0.505696 -0.848125
vn 0.194905 0.504785 -0.840954
vn 0.295598 0.700750 0.649285
vn 0.295598 0.700750 0.649285
vn 0.103705 0.461230 -0.881199
vn 0.137113 0.458148 -0.878237
vn 0.228212 0.721041 0.654232
vn 0.228213 0.721041 0.654232
vn 0.042122 0.431547 -0.901106
vn 0.075870 0.456445 -0.886511
vn 0.158158 0.757991 0.632799
vn 0.158158 0.757991 0.632799
vn 0.006845 0.418743 -0.908079
vn 0.009241 0.425059 -0.905119
vn 0.127620 0.793108 0.595560
vn 0.127620 0.793108 0.595560
vn 0.005110 0.417056 -0.908867
vn -0.027053 0.423620 -0.905436
vn 0.175444 0.794429 0.581466
vn 0.175444 0.794429 0.581466
vn -0.061148 0.417550 -0.906594
vn -0.092221 0.449682 -0.888415
vn 0.152406 0.768534 0.621392
vn 0.152406 0.768534 0.621392
vn -0.130520 0.445765 -0.885584
vn -0.144885 0.493673 -0.857494
vn 0.112083 0.748221 0.653913
vn 0.112083 0.748221 0.653913
vn -0.175750 0.493278 -0.851932
vn -0.257489 0.571947 -0.778830
vn 0.063379 0.743919 0.665258
vn 0.062613 0.722465 0.688567
vn -0.376072 0.567963 -0.732112
vn -0.362062 0.673301 -0.644653
vn -0.057435 0.743709 0.666032
vn -0.057436 0.743709 0.666032
vn -0.426268 0.677269 -0.599669
vn -0.372735 0.786137 -0.493008
vn -0.095381 0.767624 0.633763
vn -0.095381 0.767624 0.633763
vn -0.378204 0.869475 -0.317764
vn -0.316898 0.871910 -0.373294
vn -0.112328 0.779108 0.616744
vn -0.112328 0.779108 0.616744
vn -0.391810 0.915492 -0.091428
vn -0.376394 0.915228 -0.143823
vn -0.129339 0.769976 0.624826
vn -0.129339 0.769976 0.624826
vn -0.395645 0.881075 0.259177
vn -0.395645 0.881075 0.259177
vn -0.400175 0.890121 0.218045
vn -0.396426 0.793649 0.461484
vn -0.178424 0.704452 0.686959
vn -0.178424 0.704452 0.686959
vn -0.395456 0.719511 0.570893
vn -0.362702 0.758608 0.541258
vn -0.267870 0.628620 0.730125
vn -0.267870 0.628620 0.730125
vn -0.395792 0.698921 0.595700
vn -0.380656 0.685663 0.620457
vn -0.380264 0.654238 0.653737
vn -0.787909 0.474127 0.392942
vn -0.753462 0.563471 0.338815
vn -0.787909 0.474127 0.392942
vn -0.890150 0.410681 0.197418
vn -0.551744 0.627203 0.549722
vn -0.518293 0.717324 0.465638
vn -0.919346 0.388789 0.060382
vn -0.919346 0.388789 0.060382
vn -0.378071 0.742177 0.553386
vn -0.352618 0.801872 0.482351
vn -0.903864 0.427149 -0.023949
vn -0.201806 0.857084 0.474006
vn -0.208924 0.816900 0.537611
vn -0.890109 0.446486 -0.091407
vn -0.112012 0.863064 0.492519
vn -0.110095 0.886008 0.450410
vn -0.867089 0.455508 -0.201665
vn -0.059701 0.887730 0.456476
vn -0.060446 0.901392 0.428764
vn -0.809776 0.471993 -0.348548
vn -0.014328 0.908051 0.418614
vn -0.012995 0.902251 0.431015
vn -0.724596 0.499600 -0.474721
vn 0.017379 0.907935 0.418750
vn 0.017860 0.905953 0.423001
vn -0.583633 0.556976 -0.590890
vn 0.067170 0.893412 0.444188
vn 0.062825 0.904736 0.421314
vn -0.427902 0.614742 -0.662565
vn 0.121028 0.869417 0.479027
vn 0.121028 0.869417 0.479027
vn -0.302175 0.651789 -0.695602
vn 0.202377 0.862882 0.463119
vn 0.223635 0.820906 0.525453
vn -0.144244 0.667584 -0.730428
vn 0.393895 0.738318 0.547478
vn 0.393895 0.738318 0.547479
vn 0.151597 0.665349 -0.730978
vn 0.575182 0.616403 0.537786
vn 0.575182 0.616402 0.537786
vn 0.317133 0.629919 -0.708963
vn 0.793174 0.463161 0.395419
vn 0.793174 0.463161 0.395419
vn 0.435781 0.601481 -0.669564
vn 0.892489 0.402137 0.204325
vn 0.892489 0.402137 0.204325
vn 0.583665 0.581305 -0.566939
vn 0.915479 0.396676 0.067425
vn 0.915479 0.396676 0.067425
vn 0.915479 0.396676 0.067425
vn 0.911948 0.404078 0.071215
vn 0.721254 0.519367 -0.458313
vn 0.881483 0.471971 0.015213
vn 0.881483 0.471971 0.015213
vn 0.796862 0.518125 -0.310737
vn 0.863468 0.503137 -0.035731
vn -0.342977 -0.851717 0.396163
vn -0.342977 -0.851717 0.396163
vn -0.491899 -0.847939 0.197575
vn -0.491899 -0.847939 0.197575
vn -0.479801 -0.866279 0.139112
vn -0.309983 -0.759235 0.572252
vn -0.453100 -0.857850 -0.242473
vn -0.453100 -0.857850 -0.242473
vn -0.453100 -0.857850 -0.242473
vn -0.462147 -0.848149 -0.258967
vn -0.320726 -0.673001 0.666487
vn -0.379776 -0.743221 -0.550811
vn -0.389173 -0.741841 -0.546092
vn -0.175578 -0.571952 0.801276
vn -0.320345 -0.700678 -0.637519
vn -0.320345 -0.700678 -0.637519
vn -0.128856 -0.509504 0.850766
vn -0.276985 -0.721978 -0.634056
vn -0.276985 -0.721978 -0.634056
vn -0.074792 -0.463420 0.882977
vn -0.231235 -0.748415 -0.621615
vn -0.231235 -0.748415 -0.621615
vn -0.008167 -0.434424 0.900672
vn -0.203962 -0.765084 -0.610775
vn -0.203962 -0.765084 -0.610775
vn -0.006172 -0.422882 0.906164
vn -0.204247 -0.764395 -0.611542
vn -0.204247 -0.764395 -0.611542
vn 0.059800 -0.428807 0.901415
vn -0.166124 -0.742953 -0.648401
vn -0.144528 -0.750968 -0.644328
vn 0.127685 -0.454833 0.881376
vn -0.101847 -0.721121 -0.685283
vn -0.101847 -0.721121 -0.685283
vn 0.155075 -0.562507 0.812119
vn -0.053842 -0.708782 -0.703370
vn -0.053842 -0.708782 -0.703370
vn 0.366075 -0.584905 0.723792
vn 0.046849 -0.709281 -0.703367
vn 0.059520 -0.719178 -0.692272
vn 0.344731 -0.775877 0.528370
vn 0.097010 -0.722927 -0.684080
vn 0.107560 -0.735747 -0.668661
vn 0.429159 -0.796214 0.426457
vn 0.135077 -0.742057 -0.656586
vn 0.135077 -0.742057 -0.656586
vn 0.433733 -0.887448 0.155920
vn 0.195513 -0.736684 -0.647358
vn 0.195513 -0.736684 -0.647358
vn 0.205378 -0.740521 -0.639882
vn 0.217449 -0.682349 -0.697937
vn 0.420586 -0.870917 -0.254188
vn 0.420586 -0.870917 -0.254188
vn 0.376665 -0.753484 -0.538874
vn 0.310383 -0.656443 -0.687564
vn 0.310383 -0.656443 -0.687564
vn 0.378755 -0.709725 -0.593999
vn 0.358781 -0.695722 -0.622292
vn -0.980717 -0.159759 -0.112570
vn -0.822067 0.009681 -0.569309
vn -0.822067 0.009681 -0.569309
vn -0.822067 0.009681 -0.569309
vn -0.826043 0.039653 -0.562211
vn -0.985654 -0.127772 -0.110279
vn -0.985654 -0.127772 -0.110279
vn -0.985654 -0.127772 -0.110279
vn -0.982596 0.058860 -0.176186
vn -0.985387 -0.080133 -0.150306
vn -0.650608 -0.673540 0.350790
vn -0.698258 -0.640527 0.319626
vn -0.831112 -0.544372 0.113631
vn 0.291780 -0.709263 0.641724
vn 0.291780 -0.709263 0.641724
vn 0.406756 0.037755 0.912756
vn 0.406756 0.037755 0.912756
vn -0.555968 -0.384063 0.737153
vn -0.465502 -0.328681 0.821752
vn -0.465502 -0.328681 0.821752
vn -0.465502 -0.328681 0.821752
vn -0.679831 -0.363132 0.637154
vn -0.706252 -0.372302 0.602162
vn -0.630018 -0.133686 0.764987
vn -0.630018 -0.133686 0.764987
vn -0.517071 -0.078579 0.852328
vn -0.925028 -0.119044 0.360765
vn -0.925028 -0.119044 0.360765
vn -0.925028 -0.119044 0.360765
vn -0.926678 -0.300601 0.225627
vn -0.242451 0.640995 0.728247
vn -0.242451 0.640995 0.728247
vn 0.516940 -0.449384 -0.728579
vn 0.321656 -0.489365 -0.810592
vn 0.321656 -0.489366 -0.810592
vn -0.533847 -0.742276 -0.405010
vn -0.533847 -0.742276 -0.405010
vn 0.451462 -0.195644 -0.870578
vn 0.252050 -0.399985 -0.881183
vn -0.183254 -0.408162 -0.894328
vn -0.183254 -0.408162 -0.894328
vn 0.353464 -0.140783 -0.924794
vn -0.618511 -0.429860 -0.657773
vn -0.618511 -0.429860 -0.657773
vn 0.628144 0.386053 -0.675573
vn -0.018618 -0.121057 -0.992471
vn -0.361764 0.077228 0.929066
vn -0.361764 0.077228 0.929065
vn -0.361764 0.077228 0.929065
vn -0.149273 0.211840 0.965837
vn -0.093285 0.247144 0.964478
vn -0.093285 0.247144 0.964478
vn -0.779709 0.228782 -0.582849
vn -0.779709 0.228782 -0.582849
vn -0.779709 0.228782 -0.582849
vn -0.782532 0.225766 -0.580236
vn -0.465012 0.483087 -0.741883
vn -0.452055 0.489952 -0.745381
vn -0.698227 0.422688 -0.577767
vn -0.671924 0.448253 -0.589565
vn -0.671924 0.448253 -0.589565
vn -0.644660 0.402132 0.650156
vn -0.644660 0.402132 0.650156
vn -0.644660 0.402132 0.650156
vn -0.630998 0.415766 0.654966
vn 0.628144 0.386053 -0.675573
vn 0.628144 0.386053 -0.675573
vn -0.880863 0.108804 -0.460698
vn -0.225224 0.156669 -0.961628
vn -0.840778 0.540812 0.024774
vn -0.840778 0.540812 0.024774
vn -0.840778 0.540812 0.024774
vn -0.763642 0.645349 0.019389
vn -0.717806 0.691050 0.084880
vn -0.697206 0.712006 0.083380
vn -0.768236 0.547344 0.332007
vn -0.760061 0.557233 0.334364
vn -0.764266 0.512444 -0.391534
vn -0.764266 0.512444 -0.391534
vn -0.763639 0.617413 -0.188833
vn -0.769769 0.609968 -0.188132
vn -0.720440 0.679275 -0.139828
vn -0.720440 0.679275 -0.139828
vn -0.709678 0.689260 -0.145868
vn -0.974984 0.135815 -0.175955
vn -0.974984 0.135815 -0.175955
vn -0.990602 0.135281 -0.020160
vn -0.958075 -0.212029 -0.192707
vn -0.958075 -0.212029 -0.192707
vn -0.958075 -0.212029 -0.192707
vn -0.957802 -0.214608 -0.191203
vn -0.995642 0.062309 -0.069390
vn -0.995642 0.062309 -0.069390
vn -0.995642 0.062309 -0.069390
vn -0.995923 0.055691 -0.070966
vn -0.886076 -0.433507 -0.164137
vn -0.965525 -0.221557 -0.136653
vn -0.923286 -0.383687 -0.018088
vn -0.923286 -0.383687 -0.018088
vn -0.923286 -0.383687 -0.018088
vn -0.936976 -0.344569 -0.057857
vn -0.548863 -0.808010 0.214171
vn -0.830889 -0.041890 0.554859
vn -0.830889 -0.041890 0.554859
vn -0.936387 -0.079477 0.341851
vn 0.444691 0.782815 -0.435260
vn 0.444691 0.782815 -0.435260
vn 0.894902 0.309036 -0.321943
vn 0.894902 0.309036 -0.321943
vn 0.544945 0.816192 -0.192004
vn 0.618594 0.764152 -0.182795
vn 0.941935 0.303188 -0.144347
vn 0.941935 0.303188 -0.144347
vn 0.257139 0.582792 -0.770865
vn 0.257139 0.582792 -0.770865
vn 0.284926 0.572272 -0.768974
vn 0.795733 0.201375 -0.571189
vn 0.795733 0.201375 -0.571189
vn 0.795733 0.201375 -0.571189
vn 0.662288 0.463850 -0.588403
vn 0.694921 -0.149508 -0.703372
vn 0.180889 0.163640 -0.969794
vn -0.774842 0.264340 -0.574234
vn 0.516096 -0.617068 -0.594031
vn 0.516096 -0.617068 -0.594031
vn 0.524613 -0.637586 -0.564150
vn 0.265992 -0.568218 -0.778702
vn -0.875524 0.247982 -0.414683
vn 0.607809 -0.746948 -0.269510
vn 0.607809 -0.746948 -0.269510
vn 0.607809 -0.746948 -0.269511
vn 0.868898 -0.481409 0.115157
vn 0.629918 -0.685447 -0.365193
vn 0.004776 0.844760 0.535124
vn 0.892307 -0.326941 0.311283
vn 0.892307 -0.326941 0.311283
vn 0.892307 -0.326941 0.311283
vn 0.988072 -0.153614 0.010780
vn 0.988072 -0.153614 0.010780
vn 0.997157 -0.039154 0.064386
vn 0.992675 0.037323 0.114907
vn 0.992675 0.037323 0.114907
vn -0.474890 0.754874 0.452377
vn 0.994581 -0.037891 -0.096810
vn 0.994581 -0.037891 -0.096810
vn 0.994581 -0.037891 -0.096810
vn 0.983839 0.018451 -0.178101
vn 0.964783 -0.242433 -0.102075
vn 0.964783 -0.242433 -0.102075
vn 0.964783 -0.242433 -0.102075
vn 0.964672 -0.240016 -0.108626
vn 0.959391 -0.246417 -0.137290
vn 0.364130 0.781361 -0.506837
vn 0.328072 0.861071 -0.388492
vn 0.456622 0.697568 -0.552173
vn 0.456622 0.697568 -0.552173
vn -0.021750 0.951733 -0.306155
vn -0.021750 0.951733 -0.306155
vn -0.021750 0.951733 -0.306155
vn -0.092793 0.959322 -0.266627
vn 0.577764 0.786248 -0.219097
vn 0.577764 0.786248 -0.219097
vn -0.052427 0.982889 0.176578
vn -0.052427 0.982889 0.176578
vn -0.198710 0.946431 0.254524
vn 0.378648 0.673059 -0.635309
vn 0.330292 0.454410 -0.827296
vn 0.330292 0.454410 -0.827296
vn 0.291854 0.569795 -0.768215
vn 0.116978 0.848971 -0.515329
vn 0.116978 0.848971 -0.515329
vn 0.116978 0.848971 -0.515329
vn 0.036200 0.918387 -0.394023
vn 0.194905 0.504785 -0.840954
vn 0.116292 0.280323 -0.952835
vn 0.116292 0.280323 -0.952835
vn 0.137113 0.458148 -0.878237
vn 0.025568 0.830872 -0.555877
vn 0.040731 0.789532 -0.612357
vn 0.040731 0.789532 -0.612357
vn 0.040731 0.789532 -0.612357
vn 0.002027 0.417065 -0.908874
vn 0.050795 0.425917 -0.903335
vn 0.004558 0.200776 -0.979627
vn 0.004558 0.200776 -0.979627
vn -0.004801 0.771580 -0.636115
vn -0.004801 0.771580 -0.636115
vn -0.261334 0.751857 -0.605322
vn -0.521271 0.632513 -0.572891
vn -0.521271 0.632513 -0.572891
vn -0.316897 0.871910 -0.373294
vn 0.111413 0.960062 -0.256648
vn 0.031988 0.953099 -0.300964
vn -0.584831 0.773699 -0.243645
vn -0.376394 0.915228 -0.143823
vn -0.476459 0.766235 0.431127
vn -0.476459 0.766235 0.431127
vn -0.476459 0.766235 0.431127
vn -0.255102 0.648116 -0.717544
vn -0.119383 0.537736 -0.834618
vn -0.366152 0.357799 -0.859018
vn -0.366152 0.357799 -0.859018
vn -0.045224 0.913599 -0.404093
vn -0.045224 0.913599 -0.404093
vn -0.087656 0.485899 -0.869608
vn -0.036858 0.441434 -0.896537
vn -0.115496 0.223322 -0.967878
vn -0.115496 0.223322 -0.967878
vn -0.020153 0.822020 -0.569102
vn -0.020153 0.822020 -0.569102
vn -0.025323 0.779507 -0.625881
vn 0.003968 0.415875 -0.909413
vn -0.000366 0.192498 -0.981297
vn 0.010863 0.763229 -0.646037
vn 0.010863 0.763229 -0.646037
vn -0.276710 0.619322 0.734759
vn -0.276710 0.619322 0.734759
vn -0.276710 0.619322 0.734759
vn -0.266287 0.631913 0.727858
vn 0.153126 0.951762 0.265899
vn 0.161526 0.954041 0.252418
vn -0.201812 0.613614 0.763381
vn -0.206382 0.606274 0.768010
vn 0.104149 0.961084 0.255872
vn 0.104149 0.961084 0.255872
vn -0.149080 0.573129 0.805790
vn -0.139711 0.593220 0.792825
vn 0.076468 0.954388 0.288610
vn -0.065582 0.541911 0.837873
vn -0.060145 0.562136 0.824855
vn 0.041102 0.940045 0.338566
vn -0.404159 0.590899 0.698208
vn -0.485447 0.514345 0.706959
vn -0.485447 0.514345 0.706959
vn -0.485447 0.514345 0.706959
vn 0.210586 0.902032 0.376818
vn 0.062507 0.870118 0.488864
vn -0.405972 0.871941 0.273689
vn -0.395645 0.881075 0.259177
vn -0.599085 0.759846 0.252452
vn -0.599085 0.759846 0.252452
vn 0.014086 0.973939 0.226374
vn 0.014086 0.973939 0.226374
vn 0.083059 0.972298 0.218490
vn -0.405506 0.715846 0.568445
vn -0.556537 0.616402 0.557060
vn 0.001182 0.848630 0.528986
vn -0.405526 0.687356 0.602570
vn -0.576014 0.524012 0.627391
vn 0.000047 0.856559 0.516050
vn 0.281690 0.650681 0.705170
vn 0.290778 0.636608 0.714268
vn 0.290778 0.636608 0.714267
vn 0.290778 0.636608 0.714267
vn -0.158304 0.963719 0.214907
vn -0.158304 0.963719 0.214907
vn -0.158304 0.963719 0.214907
vn 0.223692 0.598363 0.769366
vn 0.223692 0.598363 0.769366
vn -0.084446 0.961835 0.260272
vn 0.160858 0.572375 0.804060
vn 0.160858 0.572375 0.804060
vn -0.059741 0.963049 0.262619
vn 0.537398 0.773199 0.336701
vn 0.476518 0.809399 0.343226
vn 0.920596 0.303259 0.246042
vn 0.920596 0.303259 0.246042
vn 0.920596 0.303259 0.246042
vn 0.927340 0.285218 0.242263
vn 0.600334 0.790064 0.124088
vn 0.600334 0.790064 0.124088
vn 0.600334 0.790064 0.124088
vn 0.593780 0.794588 0.126710
vn 0.940081 0.324056 0.106000
vn 0.940081 0.324056 0.106000
vn 0.940081 0.324056 0.106000
vn 0.938032 0.330561 0.104049
vn 0.145887 0.488281 0.860406
vn 0.026381 0.538311 0.842333
vn 0.683354 0.078846 0.725817
vn 0.683354 0.078846 0.725817
vn -0.012895 0.115754 0.993194
vn 0.084756 0.060857 0.994542
vn 0.340581 -0.106561 0.934157
vn 0.340581 -0.106561 0.934157
vn 0.595642 -0.196909 0.778741
vn 0.381299 -0.112274 0.917609
vn 0.611193 -0.368230 0.700607
vn 0.660262 -0.321919 0.678544
vn 0.660262 -0.321919 0.678544
vn 0.576733 -0.517209 0.632355
vn 0.593383 -0.499020 0.631566
vn 0.515188 -0.648647 0.560212
vn 0.186823 -0.776580 0.601682
vn 0.861315 -0.480234 0.165866
vn 0.636482 -0.725864 0.260793
vn 0.960084 -0.279693 0.003293
vn 0.976064 -0.216462 0.021062
vn 0.976064 -0.216462 0.021062
vn 0.976064 -0.216462 0.021062
vn 0.946407 -0.317113 0.061269
vn 0.999146 0.038204 0.015760
vn 0.999146 0.038204 0.015760
vn 0.999146 0.038204 0.015760
vn 0.997748 0.065913 0.012453
vn 0.980203 -0.178300 0.086086
vn 0.980203 -0.178300 0.086086
vn 0.980203 -0.178300 0.086086
vn 0.985724 -0.128263 0.109071
vn 0.996039 -0.068828 -0.056288
vn 0.988747 -0.147705 0.023732
vn 0.988747 -0.147705 0.023732
vn 0.326359 0.668615 0.668164
vn 0.355814 0.635503 0.685224
vn -0.171336 0.938223 0.300635
vn -0.171336 0.938223 0.300635
vn 0.429420 0.598826 0.676022
vn 0.378045 0.649202 0.660014
vn -0.131988 0.901969 0.411133
vn -0.131988 0.901969 0.411133
vn 0.552941 0.623635 0.552572
vn 0.552941 0.623635 0.552572
vn 0.552941 0.623635 0.552572
vn 0.537101 0.636167 0.553909
vn -0.105120 0.863595 0.493106
vn -0.105120 0.863595 0.493106
vn -0.105120 0.863595 0.493106
vn 0.593133 0.768037 0.241479
vn 0.590755 0.769862 0.241498
vn -0.070840 0.962841 0.260613
vn -0.070840 0.962841 0.260613
vn 0.446393 0.614306 0.650662
vn 0.492724 0.573054 0.654852
vn -0.097958 0.862276 0.496874
vn -0.846195 -0.111242 -0.521133
vn -0.846195 -0.111242 -0.521133
vn -0.531418 -0.576316 -0.620850
vn -0.796935 0.589940 -0.129868
vn -0.987208 -0.041810 -0.153858
vn -0.995076 -0.054830 -0.082563
vn 0.864638 0.474024 -0.166442
vn 0.877765 0.451195 -0.161096
vn 0.937934 -0.141664 -0.316562
vn 0.937934 -0.141664 -0.316562
vn 0.937934 -0.141664 -0.316562
vn 0.938400 -0.097134 -0.331617
vn 0.582081 0.807521 -0.095354
vn 0.607305 0.788677 -0.095757
vn -0.969757 0.026704 -0.242607
vn 0.993112 -0.052845 0.104579
vn 0.338223 0.791927 -0.508386
vn 0.286807 0.818450 -0.497877
vn 0.618214 0.750915 -0.232247
vn 0.618214 0.750915 -0.232247
vn -0.259570 0.817731 -0.513750
vn -0.226958 0.867669 0.442312
vn -0.226958 0.867669 0.442312
vn -0.257929 0.529134 -0.808387
vn -0.266675 0.605133 0.750133
vn -0.104712 0.769329 0.630213
vn 0.223409 0.583957 0.780437
vn 0.186620 0.790563 0.583253
vn 0.380056 0.883250 0.274641
vn 0.363111 0.891937 0.269441
vn -0.235525 0.967311 0.094010
vn 0.253136 0.949965 -0.183002
vn 0.253136 0.949965 -0.183002
vn -0.607394 0.773153 -0.182502
vn 0.644618 0.758602 0.094820
vn 0.409729 0.909366 -0.071940
vn 0.362559 0.804196 0.470977
vn 0.392835 0.891320 0.226338
vn 0.327473 0.727523 0.602887
vn 0.285258 0.703350 0.651096
vn 0.230853 0.726575 0.647144
vn 0.177450 0.762229 0.622510
vn 0.073693 0.759398 0.646440
vn -0.068567 0.710285 0.700567
vn -0.154099 0.687684 0.709467
vn -0.189519 0.691970 0.696606
vn 0.002685 0.713409 0.700743
vn 0.196555 0.690395 0.696220
vn 0.170488 0.683511 0.709751
vn 0.097150 0.691395 0.715916
vn -0.056875 0.723085 0.688414
vn -0.194520 0.705593 0.681396
vn -0.297023 0.676373 0.674016
vn -0.421858 -0.735895 0.529618
vn -0.281702 -0.686550 0.670293
vn -0.272767 -0.609182 0.744645
vn -0.135498 -0.512861 0.847711
vn -0.094823 -0.456334 0.884742
vn -0.051271 -0.413452 0.909081
vn 0.002414 -0.386271 0.922382
vn -0.009386 -0.375485 0.926781
vn 0.040950 -0.380930 0.923697
vn 0.088961 -0.445349 0.890927
vn 0.114489 -0.502157 0.857164
vn 0.272406 -0.608736 0.745142
vn 0.312586 -0.703805 0.637925
vn 0.422052 -0.741525 0.521548
vn 0.479168 -0.851624 0.212450
vn 0.473977 -0.844807 -0.248289
vn 0.473977 -0.844807 -0.248289
vn 0.411882 -0.726122 -0.550545
vn 0.972087 0.233800 -0.019611
vn -0.911721 -0.306881 0.273111
vn -0.867442 0.089585 -0.489406
vn 0.980854 0.091744 0.171778
vn 0.990799 0.107787 0.081851
vn 0.990870 0.107145 0.081834
vn 0.849049 0.360900 -0.385833
vn 0.849049 0.360900 -0.385833
vn 0.989492 0.137793 -0.043804
vn 0.921843 0.173148 -0.346734
vn 0.921844 0.173148 -0.346734
vn 0.921844 0.173148 -0.346734
vn 0.930723 0.152831 -0.332261
vn 0.949571 0.162607 -0.268092
vn 0.751790 0.523210 -0.401327
vn 0.831807 0.525188 -0.179653
vn 0.831807 0.525188 -0.179653
vn 0.819481 0.535637 -0.203823
vn 0.961922 -0.030590 -0.271607
vn 0.945158 -0.133502 -0.298084
vn 0.945158 -0.133502 -0.298084
vn 0.945158 -0.133502 -0.298084
vn 0.917619 -0.166458 -0.360925
vn 0.269381 0.900618 0.341060
vn 0.269381 0.900618 0.341060
vn 0.337719 0.934230 0.114716
vn 0.350595 0.086848 0.932492
vn 0.273054 0.837056 -0.474108
vn 0.990872 0.107149 0.081806
vn 0.990888 0.106978 0.081833
vn 0.832223 0.507425 -0.223439
vn 0.799947 0.447931 -0.399302
vn 0.802963 0.450429 -0.390339
vn 0.989210 -0.133690 0.059924
vn 0.395318 0.890305 -0.226009
vn 0.932782 -0.259129 -0.250541
vn 0.920514 -0.230707 -0.315322
vn -0.620317 0.699425 0.354981
vn -0.620317 0.699425 0.354981
vn -0.625444 0.702529 0.339519
vn -0.730715 0.549995 -0.404427
vn -0.730715 0.549995 -0.404427
vn -0.730715 0.549995 -0.404427
vn -0.693047 0.585176 -0.421016
vn -0.612329 0.385813 -0.690073
vn -0.603619 0.391268 -0.694660
vn -0.304613 0.109056 -0.946212
vn -0.991428 0.000665 -0.130656
vn -0.991428 0.000665 -0.130656
vn -0.991428 0.000665 -0.130656
vn -0.993879 -0.006042 -0.110308
vn -0.982180 -0.167847 -0.084552
vn -0.563683 0.741438 0.364047
vn -0.563683 0.741438 0.364047
vn -0.696515 0.564467 -0.442995
vn -0.848087 -0.059770 -0.526476
vn -0.848087 -0.059770 -0.526476
vn -0.834810 -0.067655 -0.546365
vn -0.990745 -0.090551 -0.101117
vn -0.990608 -0.092354 -0.100830
vn -0.973416 -0.058988 -0.221320
vn -0.973416 -0.058988 -0.221320
vn -0.969220 -0.071208 -0.235675
vn -0.558973 0.804297 -0.201631
vn -0.550016 0.833183 0.057352
vn -0.960605 -0.088371 -0.263492
vn -0.986629 -0.023895 -0.161223
vn -0.986629 -0.023895 -0.161223
vn -0.544672 -0.350955 0.761684
vn -0.955417 0.294338 0.023324
vn -0.937059 0.120616 0.327677
vn -0.937059 0.120616 0.327677
vn -0.932399 0.116058 0.342290
vn -0.980932 -0.183200 -0.064888
vn -0.849941 -0.132688 -0.509896
vn -0.917530 0.188647 0.350073
vn 0.809233 0.576807 0.111517
vn -0.474655 -0.879900 0.021891
vn -0.493077 -0.866637 0.076262
vn 0.462029 0.824262 0.327294
vn 0.322648 0.930235 -0.174819
vn 0.554743 0.801593 -0.222954
vn 0.357121 0.856460 0.372749
vn 0.878998 0.457216 -0.135337
vn 0.692715 0.719303 0.052437
vn 0.476307 0.876170 0.073877
vn 0.411807 0.789945 -0.454314
vn 0.914284 0.224732 -0.337017
vn -0.415000 -0.909821 0.000436
vn -0.899180 0.408851 0.155936
vn 0.403120 0.910789 0.089208
vn 0.388770 0.921313 -0.006382
vn -0.981229 0.182737 -0.061614
vn -0.981229 0.182737 -0.061614
vn -0.647496 0.761672 0.024571
vn -0.643186 0.765439 0.020381
vn -0.708148 0.703697 0.057776
vn -0.708148 0.703697 0.057776
vn -0.473145 0.880560 0.027350
vn -0.403856 0.746828 -0.528345
vn -0.243720 0.676630 0.694818
vn -0.344978 0.936347 0.065152
vn -0.360318 0.908640 -0.211056
vn -0.278009 0.948175 -0.153869
vn -0.645967 0.738143 -0.194606
vn -0.564226 0.795367 -0.221449
vn -0.371143 0.910308 -0.183282
vn -0.763551 0.629971 -0.141867
vn -0.396595 0.914868 0.075686
vn -0.378709 0.925164 -0.025501
vn 0.908896 0.382129 0.166992
vn 0.908896 0.382129 0.166992
vn 0.413329 -0.910274 0.023655
vn -0.378709 0.925164 -0.025501
vn 0.473459 -0.879757 0.043166
vn -0.088225 0.937690 0.336086
vn -0.802142 0.440184 -0.403492
vn -0.695957 0.566796 -0.440892
vn -0.695957 0.566796 -0.440892
vn 0.964722 -0.143980 0.220410
vn 0.854746 -0.116771 -0.505740
vn 0.840596 -0.112624 -0.529825
vn 0.437497 -0.086683 -0.895032
vn 0.987714 -0.155689 0.013510
vn 0.954300 -0.252984 -0.159093
vn -0.729133 0.223806 0.646743
vn -0.747941 0.034222 -0.662882
vn 0.665683 -0.210520 -0.715924
vn 0.919925 -0.337921 0.198865
vn 0.919925 -0.337921 0.198865
vn 0.919663 -0.338387 0.199285
vn 0.911307 -0.333680 0.241198
vn -0.972332 -0.188408 0.138103
vn -0.839596 -0.103713 0.533219
vn -0.896347 -0.133068 0.422912
vn -0.130121 -0.242983 0.961264
vn 0.467055 0.011949 -0.884147
vn 0.227589 -0.006433 -0.973736
vn -0.966642 -0.228713 -0.115296
vn -0.966642 -0.228713 -0.115296
vn -0.973839 -0.213758 -0.077106
vn -0.977891 -0.206823 -0.030890
vn -0.971763 -0.231818 -0.044005
vn -0.978907 -0.200585 0.038825
vn -0.978907 -0.200585 0.038825
vn -0.978907 -0.200585 0.038825
vn -0.979197 -0.194422 0.058076
vn 0.888281 0.101258 0.448000
vn 0.888228 0.101529 0.448043
vn 0.930264 0.336616 -0.145939
vn 0.750351 0.134830 -0.647143
vn 0.030109 0.258780 0.965467
vn 0.826074 0.250066 -0.505043
vn -0.731297 -0.132828 -0.669001
vn -0.970122 -0.190340 0.150446
vn -0.965726 -0.199487 0.166066
vn -0.514300 -0.084697 0.853418
vn 0.182264 -0.193293 0.964063
vn -0.979489 -0.200555 0.019460
vn -0.979489 -0.200555 0.019460
vn -0.979489 -0.200555 0.019460
vn -0.978879 -0.203899 0.014889
vn -0.694295 -0.064447 0.716799
vn -0.871970 -0.142388 0.468395
vn -0.867929 -0.148018 0.474120
vn 0.450163 0.065971 -0.890506
vn 0.207854 0.051178 -0.976820
vn 0.724774 0.126786 -0.677221
vn -0.978430 -0.196249 0.064511
vn -0.978430 -0.196249 0.064511
vn -0.978430 -0.196249 0.064511
vn -0.978088 -0.195339 0.072017
vn 0.982686 -0.184751 0.013945
vn 0.982686 -0.184751 0.013945
vn 0.982686 -0.184751 0.013945
vn 0.982020 -0.188129 0.015616
vn -0.099020 -0.082813 0.991634
vn -0.514820 0.015560 -0.857157
vn -0.514820 0.015560 -0.857157
vn -0.194093 -0.023906 0.980692
vn 0.994385 0.022389 -0.103423
vn -0.648372 0.421626 0.633913
vn -0.651855 0.058586 -0.756077
vn -0.651855 0.058586 -0.756077
vn -0.177080 -0.979544 -0.095581
vn -0.177080 -0.979544 -0.095581
vn -0.177080 -0.979544 -0.095581
vn -0.173504 -0.977609 -0.119068
vn -0.187995 -0.974705 -0.120861
vn -0.186359 -0.981325 -0.047668
vn -0.195923 -0.979609 0.044505
vn -0.195982 -0.979553 0.045465
vn -0.195982 -0.979553 0.045465
vn -0.195982 -0.979553 0.045465
vn -0.221925 -0.975050 0.005111
vn -0.244226 -0.969193 0.031925
vn -0.244226 -0.969193 0.031925
vn -0.291369 -0.955171 -0.052468
vn -0.291369 -0.955171 -0.052468
vn -0.254015 -0.967070 0.015889
vn -0.309250 -0.946789 -0.089193
vn -0.309250 -0.946789 -0.089193
vn -0.262608 -0.964603 0.024064
vn -0.313743 -0.946191 -0.079291
vn -0.311089 -0.946165 -0.089421
vn -0.269178 -0.961344 0.057977
vn -0.303694 -0.949617 -0.077440
vn -0.250567 -0.964136 0.087509
vn -0.298909 -0.953082 -0.047832
vn -0.235852 -0.966938 0.096976
vn -0.235852 -0.966938 0.096976
vn -0.294684 -0.955096 -0.030864
vn -0.220805 -0.969799 0.103609
vn -0.291304 -0.956494 -0.016182
vn -0.213332 -0.972086 0.097660
vn -0.281407 -0.959571 0.005755
vn -0.229933 -0.970816 0.068172
vn -0.229933 -0.970816 0.068172
vn -0.260637 -0.964867 0.033182
vn -0.260637 -0.964867 0.033182
vn -0.164401 -0.967581 0.191727
vn 0.826859 -0.398650 -0.396714
vn -0.164401 -0.967581 0.191727
vn 0.169130 -0.985459 0.016321
vn 0.214574 -0.972112 -0.094636
vn 0.214574 -0.972112 -0.094636
vn 0.214574 -0.972112 -0.094636
vn 0.194340 -0.976933 -0.088515
vn 0.358509 -0.907818 -0.217572
vn 0.358509 -0.907818 -0.217572
vn 0.272601 -0.910294 0.311534
vn 0.272601 -0.910294 0.311534
vn 0.272601 -0.910294 0.311534
vn 0.989443 0.137584 0.045535
vn 0.357449 -0.900217 0.248677
vn 0.334386 -0.882327 -0.331188
vn 0.328848 -0.943332 0.044549
vn 0.328848 -0.943332 0.044549
vn 0.303062 -0.939272 -0.161003
vn 0.316824 -0.948338 0.016646
vn 0.312426 -0.942659 -0.117408
vn 0.305452 -0.951985 0.020564
vn 0.307895 -0.948662 -0.072395
vn 0.301620 -0.952404 0.044186
vn 0.299508 -0.951404 -0.071594
vn 0.279091 -0.955419 0.096351
vn 0.293442 -0.955252 -0.037213
vn 0.251581 -0.963184 0.094787
vn 0.306536 -0.951821 -0.008541
vn 0.235621 -0.967613 0.090597
vn 0.299948 -0.953954 0.001794
vn 0.299948 -0.953954 0.001794
vn 0.228102 -0.970334 0.080129
vn 0.279880 -0.959761 0.022930
vn 0.225918 -0.971660 0.069559
vn -0.967050 0.184973 -0.174929
vn -0.967050 0.184973 -0.174929
vn -0.820142 0.195469 -0.537734
vn -0.820143 0.195469 -0.537734
vn -0.820142 0.195469 -0.537734
vn -0.813483 0.190066 -0.549655
vn -0.860776 0.117478 -0.495241
vn -0.831646 0.149084 0.534920
vn -0.831646 0.149084 0.534920
vn -0.831646 0.149084 0.534920
vn -0.847420 0.164571 0.504773
vn -0.634450 -0.012975 -0.772855
vn -0.955635 0.240920 0.169469
vn -0.955635 0.240920 0.169469
vn -0.955635 0.240920 0.169469
vn 0.092727 0.994878 -0.040245
vn -0.957041 0.226840 0.180601
vn -0.284741 -0.119352 -0.951145
vn -0.880004 0.228326 0.416485
vn -0.880004 0.228326 0.416485
vn 0.060737 -0.037142 -0.997463
vn -0.664533 0.207406 0.717898
vn -0.664533 0.207406 0.717898
vn -0.664533 0.207406 0.717898
vn -0.666167 0.169265 0.726340
vn 0.190091 0.016257 -0.981632
vn -0.396952 0.159249 0.903919
vn -0.396952 0.159249 0.903919
vn -0.002300 0.050999 0.998696
vn 0.164003 0.023355 -0.986183
vn -0.014897 0.086047 0.996180
vn -0.014897 0.086047 0.996180
vn 0.148241 0.006591 -0.988929
vn 0.246260 0.035612 0.968549
vn 0.246260 0.035612 0.968549
vn 0.246260 0.035612 0.968549
vn 0.286724 -0.056606 -0.956339
vn 0.508290 -0.027366 0.860751
vn 0.508290 -0.027366 0.860751
vn 0.733337 -0.212475 -0.645810
vn 0.651113 -0.075554 0.755211
vn 0.651113 -0.075554 0.755211
vn 0.953184 -0.288167 0.091647
vn 0.726724 -0.128084 0.674883
vn 0.726724 -0.128084 0.674883
vn 0.828626 -0.232454 0.509258
vn 0.762160 -0.179852 0.621904
vn 0.762160 -0.179852 0.621904
vn 0.873218 0.087106 -0.479483
vn 0.901100 -0.142988 -0.409357
vn 0.797499 -0.026627 -0.602732
vn 0.797499 -0.026627 -0.602732
vn 0.797499 -0.026627 -0.602732
vn 0.983185 0.137913 -0.119699
vn 0.983185 0.137913 -0.119699
vn 0.611789 0.048008 -0.789563
vn 0.611789 0.048008 -0.789563
vn 0.989443 0.137584 0.045535
vn 0.989443 0.137584 0.045535
vn 0.314710 -0.943716 0.101775
vn 0.986297 0.152402 0.063187
vn 0.318861 0.117078 -0.940543
vn 0.318861 0.117078 -0.940543
vn 0.975131 0.178023 0.132013
vn 0.975131 0.178023 0.132013
vn -0.005324 0.125598 -0.992067
vn -0.005324 0.125598 -0.992067
vn 0.917312 0.184050 0.353078
vn -0.124611 0.075829 -0.989304
vn -0.124611 0.075829 -0.989304
vn 0.691500 0.223127 0.687053
vn -0.107273 0.044068 -0.993253
vn -0.107273 0.044068 -0.993253
vn -0.121227 0.005651 -0.992609
vn 0.425956 0.175221 0.887614
vn -0.121227 0.005651 -0.992609
vn 0.052549 0.086595 0.994857
vn -0.427815 -0.116056 -0.896385
vn -0.427815 -0.116056 -0.896385
vn -0.231747 0.025606 0.972439
vn -0.300529 0.944191 0.134851
vn -0.849599 -0.267076 -0.454811
vn -0.849598 -0.267076 -0.454811
vn -0.467511 -0.034950 0.883296
vn -0.944695 -0.292428 0.148451
vn -0.944695 -0.292428 0.148451
vn -0.623602 -0.083711 0.777247
vn -0.853124 -0.234009 0.466282
vn -0.853124 -0.234009 0.466282
vn -0.706177 -0.120766 0.697661
vn -0.805545 -0.180927 0.564236
vn -0.008302 0.998627 0.051716
vn -0.008302 0.998627 0.051716
vn -0.008302 0.998627 0.051716
vn -0.349248 0.936756 -0.022688
vn 0.165695 0.896857 -0.410114
vn 0.165695 0.896857 -0.410114
vn -0.868716 0.078402 -0.489065
vn -0.448987 0.835219 -0.317522
vn 0.092727 0.994878 -0.040245
vn 0.092727 0.994878 -0.040245
vn 0.176262 0.983430 -0.042389
vn -0.694163 -0.158043 -0.702254
vn -0.215783 0.845672 -0.488136
vn -0.034161 0.999256 0.017902
vn -0.034161 0.999256 0.017902
vn -0.419311 -0.280262 -0.863499
vn 0.195420 0.938925 -0.283252
vn -0.271726 0.936138 0.223184
vn 0.230180 0.670569 -0.705234
vn 0.320227 0.946263 0.045166
vn -0.091665 0.937939 0.334466
vn 0.319478 0.946512 0.045259
vn 0.315296 0.946401 0.070095
vn 0.147361 0.967423 0.205857
vn 0.307791 0.949961 0.053283
vn 0.305414 0.949766 0.068315
vn 0.249728 0.968305 -0.004582
vn 0.300799 0.953031 0.035373
vn 0.298472 0.953015 0.051733
vn 0.237952 0.967178 -0.089134
vn 0.296893 0.954621 0.023526
vn 0.293935 0.955229 0.033774
vn 0.224123 0.969629 -0.097925
vn 0.288463 0.957309 0.018682
vn 0.289060 0.957140 0.018106
vn 0.222337 0.971045 -0.087393
vn 0.281002 0.959689 -0.005933
vn 0.271963 0.962286 -0.006535
vn 0.234711 0.969904 -0.064778
vn 0.277189 0.960522 -0.023750
vn 0.863480 -0.110795 -0.492063
vn 0.863480 -0.110795 -0.492063
vn 0.873941 0.096329 -0.476390
vn 0.768653 -0.141289 -0.623867
vn 0.960596 0.266480 -0.079022
vn 0.960596 0.266480 -0.079022
vn 0.960596 0.266480 -0.079022
vn 0.964015 0.236030 -0.122328
vn 0.586638 -0.020758 -0.809583
vn 0.965721 0.259519 -0.005764
vn 0.966461 0.255847 -0.022265
vn 0.966461 0.255847 -0.022265
vn 0.966461 0.255847 -0.022265
vn 0.291822 0.074228 -0.953588
vn 0.932970 0.342421 0.110975
vn 0.932970 0.342421 0.110975
vn 0.932970 0.342421 0.110975
vn 0.768826 0.613581 0.180067
vn -0.077806 0.260712 -0.962276
vn 0.878354 0.346711 0.329068
vn -0.195108 0.974443 0.111325
vn -0.338189 0.940995 -0.012534
vn -0.191380 0.977690 0.086586
vn -0.168918 0.979906 0.106069
vn -0.308862 0.948121 0.075306
vn -0.200093 0.968915 0.145490
vn -0.228841 0.968686 0.096327
vn -0.303038 0.951911 0.045101
vn -0.258822 0.957515 0.127184
vn -0.239745 0.938544 0.248308
vn -0.300592 0.953479 0.022835
vn -0.317986 0.908799 0.270128
vn -0.300190 0.953802 0.012154
vn -0.344070 0.929886 0.130107
vn -0.282264 0.959317 -0.006105
vn -0.291526 0.956558 -0.003227
vn -0.285820 0.958250 -0.007981
vn -0.248676 0.966919 -0.056820
vn -0.275734 0.960897 -0.025439
vn -0.243990 0.968356 -0.052500
vn 0.973144 0.228497 0.027931
vn 0.971052 0.235131 0.042091
vn -0.957861 -0.284258 0.041230
vn -0.957861 -0.284258 0.041230
vn -0.971166 -0.238193 -0.010049
vn -0.973743 -0.227319 0.012280
vn 0.981139 -0.187514 0.046948
vn 0.982254 -0.187193 -0.011650
vn 0.982511 -0.182377 0.037555
vn 0.982511 -0.182377 0.037555
vn -0.958073 0.178861 -0.223841
vn -0.956229 0.188269 -0.224012
vn -0.966926 0.179385 0.181313
vn -0.966926 0.179385 0.181313
vn -0.967172 0.178680 0.180698
vn -0.813173 0.244057 -0.528381
vn -0.783288 0.145088 0.604491
vn -0.783288 0.145088 0.604491
vn -0.801046 0.137172 0.582674
vn -0.615891 0.024430 -0.787452
vn -0.255568 0.080158 -0.963462
vn 0.062562 0.058414 -0.996330
vn 0.190383 0.014380 -0.981605
vn 0.176458 0.019125 -0.984122
vn 0.158777 0.003141 -0.987310
vn 0.257421 0.033516 0.965718
vn 0.289696 -0.069000 -0.954628
vn 0.513604 -0.028906 0.857540
vn 0.735540 -0.213192 -0.643063
vn 0.648497 -0.074757 0.757537
vn 0.953814 -0.288405 0.084033
vn 0.714227 -0.124069 0.688829
vn -0.798626 0.185471 -0.572535
vn -0.798626 0.185471 -0.572535
vn -0.968090 0.206201 -0.142421
vn -0.968090 0.206201 -0.142421
vn -0.968090 0.206201 -0.142421
vn -0.967324 0.205284 -0.148803
vn 0.004373 0.258991 -0.965870
vn 0.004373 0.258991 -0.965870
vn 0.004373 0.258991 -0.965870
vn 0.004377 0.260473 -0.965471
vn 0.004624 0.260488 -0.965466
vn 0.004633 0.260853 -0.965367
vn 0.803149 0.038347 0.594543
vn 0.803149 0.038347 0.594543
vn 0.803149 0.038347 0.594543
vn 0.796351 0.043779 0.603248
vn 0.985963 0.007837 -0.166780
vn 0.985963 0.007837 -0.166780
vn 0.985963 0.007837 -0.166780
vn 0.986050 -0.001296 -0.166445
vn 0.907277 -0.027182 -0.419654
vn 0.907212 -0.018884 -0.420250
vn 0.971433 -0.004154 -0.237280
vn 0.971406 -0.020302 -0.236553
vn 0.837221 -0.019615 -0.546512
vn 0.836073 0.014270 -0.548433
vn 0.873446 -0.020831 -0.486475
vn 0.873446 -0.020831 -0.486475
vn 0.873446 -0.020831 -0.486475
vn 0.873445 -0.018364 -0.486576
vn 0.756737 0.039271 -0.652538
vn 0.753523 0.084588 -0.651957
vn 0.642482 0.155412 -0.750376
vn 0.645475 0.126526 -0.753228
vn 0.740210 0.126894 -0.660294
vn 0.745583 0.084460 -0.661039
vn 0.745583 0.084460 -0.661039
vn 0.745583 0.084460 -0.661039
vn 0.396497 0.163082 -0.903435
vn 0.395591 0.177055 -0.901199
vn 0.395591 0.177055 -0.901199
vn 0.458014 0.500820 -0.734440
vn 0.450055 0.527743 -0.720373
vn 0.128283 0.431257 -0.893063
vn 0.132562 0.067337 -0.988885
vn 0.286029 0.201146 -0.936871
vn 0.286029 0.201146 -0.936871
vn 0.286029 0.201146 -0.936871
vn 0.283116 0.226696 -0.931909
vn 0.003420 0.247818 -0.968801
vn 0.003420 0.247818 -0.968801
vn 0.015089 0.522854 -0.852289
vn 0.015089 0.522854 -0.852289
vn 0.015488 0.529206 -0.848352
vn -0.003063 0.228548 -0.973528
vn -0.003347 0.226774 -0.973942
vn -0.001660 0.220589 -0.975366
vn -0.989257 0.042138 -0.139986
vn -0.989257 0.042138 -0.139986
vn -0.989257 0.042138 -0.139986
vn -0.989297 0.046135 -0.138433
vn -0.944867 -0.289645 -0.152746
vn -0.934040 -0.324754 -0.148676
vn -0.934040 -0.324754 -0.148676
vn -0.934040 -0.324754 -0.148676
vn -0.898369 -0.360004 -0.251655
vn -0.875436 0.016262 -0.483060
vn -0.875436 0.016262 -0.483060
vn -0.875468 0.012731 -0.483108
vn -0.808278 -0.344523 -0.477483
vn -0.808278 -0.344523 -0.477483
vn -0.804202 -0.349518 -0.480724
vn -0.749844 -0.339274 -0.568003
vn -0.764700 -0.278797 -0.580952
vn -0.761129 -0.209794 -0.613734
vn -0.761129 -0.209794 -0.613734
vn -0.761129 -0.209794 -0.613734
vn -0.747211 -0.275573 -0.604761
vn -0.688596 -0.199407 -0.697189
vn -0.694451 -0.143973 -0.704989
vn -0.605314 0.232805 -0.761181
vn -0.605314 0.232805 -0.761181
vn -0.588576 0.337934 -0.734425
vn -0.525591 0.082623 -0.846716
vn -0.383034 0.076580 -0.920555
vn -0.383034 0.076580 -0.920555
vn -0.383034 0.076580 -0.920555
vn -0.435140 0.146656 -0.888338
vn -0.186603 0.530868 -0.826655
vn -0.186603 0.530868 -0.826655
vn -0.186603 0.530868 -0.826655
vn -0.293568 -0.042147 -0.955009
vn -0.063633 0.621349 -0.780946
vn -0.011999 0.422042 -0.906497
vn -0.002981 0.249964 -0.968251
vn 0.002821 0.261472 -0.965207
vn 0.002821 0.261472 -0.965207
vn 0.002821 0.261472 -0.965207
vn 0.003022 0.263484 -0.964659
vn 0.042260 0.531757 -0.845842
vn -0.157135 -0.434237 0.886987
vn -0.157135 -0.434237 0.886987
vn -0.157135 -0.434237 0.886987
vn -0.151115 -0.391833 0.907541
vn -0.124538 -0.272733 0.953995
vn -0.124538 -0.272733 0.953995
vn -0.124538 -0.272733 0.953995
vn -0.123516 -0.279364 0.952208
vn -0.942975 -0.329628 -0.046290
vn -0.942975 -0.329628 -0.046290
vn -0.942670 -0.330495 -0.046332
vn -0.925978 -0.372541 0.061471
vn -0.925978 -0.372541 0.061471
vn -0.925978 -0.372541 0.061471
vn -0.935443 -0.337651 0.104591
vn -0.834455 -0.345562 0.429268
vn -0.886088 -0.127296 0.445694
vn -0.894643 0.022962 0.446192
vn -0.896936 -0.382181 0.222359
vn -0.890771 -0.164864 0.423495
vn -0.895619 -0.116123 0.429398
vn -0.895619 -0.116123 0.429398
vn -0.548387 -0.036783 0.835416
vn -0.546543 -0.222616 0.807300
vn -0.779495 0.080342 0.621235
vn -0.781146 -0.113784 0.613893
vn -0.763743 -0.195695 0.615143
vn -0.245847 -0.155557 0.956745
vn -0.245847 -0.155557 0.956745
vn -0.245847 -0.155557 0.956745
vn -0.249925 -0.226808 0.941326
vn -0.453171 0.057373 0.889575
vn -0.462279 -0.075006 0.883557
vn -0.457657 -0.191439 0.868275
vn -0.248145 -0.206341 0.946492
vn -0.250462 -0.332726 0.909155
vn -0.224866 -0.275108 0.934746
vn -0.224866 -0.275108 0.934746
vn -0.224866 -0.275109 0.934746
vn -0.231994 -0.330187 0.914962
vn -0.275760 -0.329554 0.902968
vn -0.272166 -0.400725 0.874840
vn -0.214802 -0.221653 0.951173
vn -0.212576 -0.245762 0.945734
vn -0.147157 -0.303766 0.941313
vn -0.147157 -0.303766 0.941313
vn -0.147157 -0.303766 0.941313
vn -0.152347 -0.279174 0.948078
vn -0.211690 -0.318071 0.924131
vn 0.021470 -0.395989 0.918004
vn 0.020434 -0.448439 0.893580
vn 0.021532 -0.468242 0.883338
vn 0.021532 -0.468242 0.883338
vn 0.021532 -0.468242 0.883338
vn 0.027383 -0.432019 0.901449
vn 0.999768 0.015042 0.015407
vn 0.999511 0.026989 0.015788
vn 0.999511 0.026989 0.015788
vn 0.999511 0.026989 0.015788
vn 0.986810 -0.009392 0.161608
vn 0.986813 -0.007813 0.161676
vn 0.986813 -0.007813 0.161676
vn 0.986813 -0.007813 0.161676
vn 0.973145 0.046474 0.225452
vn 0.973145 0.046474 0.225452
vn 0.973145 0.046474 0.225452
vn 0.973749 -0.005523 0.227557
vn 0.945399 0.050987 0.321902
vn 0.942784 0.085839 0.322165
vn 0.942784 0.085839 0.322165
vn 0.942784 0.085839 0.322165
vn 0.881317 0.118769 0.457355
vn 0.826777 0.120646 0.549440
vn 0.825121 0.144029 0.546289
vn 0.825121 0.144029 0.546289
vn 0.825121 0.144029 0.546289
vn 0.594592 0.480363 0.644757
vn 0.594592 0.480363 0.644757
vn 0.594592 0.480363 0.644757
vn 0.592395 0.485438 0.642977
vn 0.552026 0.117647 0.825486
vn 0.547601 0.164742 0.820361
vn 0.547602 0.164742 0.820361
vn 0.547602 0.164742 0.820361
vn 0.297628 0.024833 0.954359
vn 0.297628 0.024833 0.954359
vn 0.222514 -0.068469 0.972522
vn 0.222515 -0.068469 0.972522
vn 0.198610 -0.127104 0.971802
vn 0.198610 -0.127104 0.971802
vn 0.324932 0.084667 0.941940
vn 0.324932 0.084667 0.941940
vn 0.324932 0.084667 0.941940
vn 0.293472 0.247973 0.923246
vn 0.317599 -0.417750 0.851244
vn 0.317599 -0.417750 0.851244
vn 0.194759 -0.145458 0.970006
vn 0.194759 -0.145458 0.970006
vn 0.191328 -0.085436 0.977801
vn 0.212250 -0.480942 0.850673
vn 0.161087 -0.490015 0.856701
vn 0.161087 -0.490015 0.856701
vn 0.161087 -0.490015 0.856701
vn 0.215684 -0.143282 0.965894
vn 0.161050 -0.500278 0.850756
vn -0.009753 0.057640 -0.998290
vn 0.969033 -0.244827 -0.032165
vn 0.969033 -0.244827 -0.032165
vn 0.969033 -0.244827 -0.032165
vn 0.969456 -0.243224 -0.031565
vn 0.962431 -0.239276 -0.128350
vn 0.962431 -0.239276 -0.128350
vn -0.012772 -0.000695 -0.999918
vn -0.642266 -0.759915 -0.100115
vn -0.642266 -0.759915 -0.100115
vn -0.642266 -0.759915 -0.100115
vn -0.922407 -0.338627 0.185734
vn -0.922407 -0.338627 0.185734
vn -0.922521 -0.338520 0.185364
vn -0.139606 -0.508013 0.849961
vn 0.966247 -0.256748 0.021144
vn 0.969354 -0.245129 0.016240
vn 0.675387 -0.237214 0.698271
vn 0.526433 -0.248122 0.813206
vn 0.400658 -0.217916 0.889936
vn 0.304515 -0.330965 0.893159
vn -0.003944 0.163906 -0.986468
vn 0.000885 0.220223 -0.975449
vn 0.799907 0.023554 0.599661
vn 0.799907 0.023554 0.599661
vn 0.795792 0.038484 0.604346
vn 0.987575 0.008229 -0.156931
vn 0.987719 -0.000883 -0.156240
vn 0.760715 0.373393 -0.530934
vn 0.760715 0.373393 -0.530933
vn 0.779329 0.084908 -0.620835
vn 0.781448 0.039758 -0.622702
vn 0.727849 0.398554 -0.558024
vn 0.660782 0.155253 -0.734345
vn 0.646625 0.126532 -0.752241
vn 0.339392 0.514962 -0.787164
vn 0.115988 0.508303 -0.853332
vn 0.002514 0.261212 -0.965278
vn 0.002514 0.261212 -0.965278
vn 0.036299 0.537497 -0.842484
vn 0.036299 0.537497 -0.842484
vn -0.939467 -0.314119 -0.136862
vn -0.946768 -0.290727 -0.138235
vn -0.927457 -0.323207 -0.188045
vn -0.927457 -0.323206 -0.188045
vn -0.927457 -0.323207 -0.188045
vn -0.944603 -0.289608 -0.154442
vn -0.885138 -0.357710 -0.297614
vn -0.885138 -0.357710 -0.297614
vn -0.885138 -0.357710 -0.297614
vn -0.793660 0.086418 -0.602192
vn -0.729743 -0.147752 -0.667566
vn -0.729743 -0.147752 -0.667566
vn -0.199216 0.519492 -0.830928
vn -0.188564 0.234840 -0.953569
vn -0.188564 0.234840 -0.953569
vn -0.188564 0.234840 -0.953569
vn -0.190253 0.218894 -0.957021
vn -0.060577 0.255155 -0.965001
vn -0.060577 0.255155 -0.965001
vn 0.040735 0.517207 -0.854891
vn 0.040735 0.517207 -0.854891
vn -0.755773 0.080029 -0.649925
vn -0.755773 0.080029 -0.649925
vn -0.755574 0.080256 -0.650129
vn -0.940028 -0.335262 0.062825
vn -0.912992 -0.342454 0.221745
vn -0.966239 -0.117395 0.229348
vn -0.966239 -0.117395 0.229348
vn -0.966239 -0.117395 0.229348
vn -0.922223 -0.340194 0.183774
vn -0.892953 0.016429 0.449850
vn -0.909923 0.172401 0.377251
vn -0.267271 -0.196521 0.943369
vn -0.267271 -0.196521 0.943369
vn -0.237868 -0.220868 0.945852
vn -0.201032 -0.479631 0.854131
vn -0.201032 -0.479631 0.854131
vn -0.201032 -0.479631 0.854131
vn -0.211308 -0.396809 0.893248
vn 0.028172 -0.275678 0.960837
vn 0.028172 -0.275678 0.960837
vn 0.936931 0.349390 0.009337
vn 0.936931 0.349390 0.009337
vn 0.928418 0.371478 0.006707
vn 0.987116 -0.007797 0.159817
vn 0.987116 -0.007797 0.159817
vn 0.848343 0.440644 0.293509
vn 0.848343 0.440644 0.293509
vn 0.797868 0.445455 0.406173
vn 0.511212 0.160807 0.844277
vn 0.386610 0.036091 0.921537
vn 0.292767 -0.060806 0.954248
vn 0.193964 -0.296645 0.935083
vn 0.193964 -0.296645 0.935083
vn 0.020178 0.532310 -0.846309
vn 0.019800 0.529351 -0.848172
vn 0.922487 0.378843 -0.074130
vn 0.922487 0.378843 -0.074130
vn 0.922487 0.378843 -0.074130
vn 0.912350 0.367199 -0.181060
vn 0.915735 0.358596 -0.181213
vn 0.907441 0.342424 -0.243509
vn 0.804431 0.339525 -0.487457
vn 0.643110 0.437772 -0.628304
vn 0.541946 0.171384 -0.822753
vn 0.021530 0.236932 -0.971288
vn 0.022168 0.248346 -0.968418
vn -0.936834 -0.322684 -0.134968
vn -0.940015 -0.326214 -0.099780
vn -0.940015 -0.326214 -0.099780
vn -0.826568 -0.348490 -0.441972
vn -0.726839 0.162360 -0.667341
vn -0.692282 -0.030097 -0.720999
vn -0.763743 -0.195695 0.615143
vn -0.747931 -0.282010 0.600890
vn -0.455903 -0.238247 0.857549
vn -0.455903 -0.238247 0.857549
vn -0.210163 -0.323621 0.922551
vn -0.181244 -0.413577 0.892247
vn -0.192023 -0.473117 0.859818
vn 0.426859 0.500169 0.753407
vn 0.321127 0.393149 0.861575
vn 0.241712 0.302719 0.921920
vn 0.172726 -0.434285 0.884060
vn 0.172726 -0.434285 0.884060
vn 0.172633 -0.450667 0.875841
vn 0.853185 0.014667 -0.521402
vn 0.853185 0.014667 -0.521402
vn -0.798857 -0.283974 -0.530269
vn -0.099368 0.524810 -0.845400
vn -0.942565 -0.330047 -0.051379
vn -0.942565 -0.330047 -0.051379
vn -0.942930 -0.329716 -0.046586
vn -0.873330 -0.119228 0.472313
vn -0.747931 -0.282010 0.600890
vn 0.997919 0.025990 0.059015
vn 0.999686 0.017417 0.018012
vn 0.999686 0.017417 0.018012
vn 0.999686 0.017417 0.018012
vn 0.954015 0.083880 0.287785
vn 0.954015 0.083880 0.287785
vn 0.998339 0.023528 -0.052582
vn 0.998339 0.023528 -0.052582
vn 0.998339 0.023528 -0.052582
vn -0.438841 0.146167 -0.886597
vn -0.438841 0.146167 -0.886597
vn -0.920871 -0.375953 0.103225
vn 0.661810 0.155236 -0.733423
vn -0.927025 -0.323068 -0.190400
vn 0.987134 -0.007783 0.159709
vn 0.186335 -0.297255 0.936439
vn 0.542705 0.171198 -0.822291
vn -0.940164 -0.326221 -0.098342
vn -0.940164 -0.326221 -0.098342
vn -0.696171 -0.030441 -0.717231
vn -0.207197 -0.397189 0.894041
vn -0.942574 -0.329972 -0.051707
vn -0.942574 -0.329972 -0.051707
vn -0.862505 -0.197100 0.466087
vn 0.807164 0.000220 -0.590328
vn 0.807164 0.000220 -0.590328
vn -0.056810 -0.963923 -0.260050
vn -0.056810 -0.963923 -0.260050
vn -0.082848 -0.961919 -0.260478
vn -0.035666 -0.965879 -0.256526
vn -0.108691 -0.959310 -0.260595
vn -0.008717 -0.968682 -0.248150
vn -0.129753 -0.956505 -0.261271
vn 0.030199 -0.971244 -0.236163
vn -0.142388 -0.955089 -0.259866
vn 0.067012 -0.974519 -0.214062
vn -0.151719 -0.956221 -0.250246
vn 0.096543 -0.979266 -0.178096
vn -0.158387 -0.961391 -0.225035
vn 0.114378 -0.983961 -0.136892
vn -0.154639 -0.972163 -0.176026
vn 0.117116 -0.987842 -0.102238
vn -0.129099 -0.985993 -0.105596
vn 0.111282 -0.991778 -0.063183
vn -0.085252 -0.996040 -0.025213
vn 0.097559 -0.995124 -0.014496
vn -0.008115 -0.998729 0.049738
vn 0.076561 -0.996672 0.027993
vn 0.076387 -0.990962 0.110268
vn 0.053940 -0.996740 0.060007
vn 0.136665 -0.977211 0.162422
vn 0.035860 -0.995899 0.083057
vn 0.198742 -0.959286 0.200678
vn 0.025524 -0.994910 0.097479
vn 0.257338 -0.942835 0.211753
vn 0.016581 -0.994587 0.102575
vn 0.276866 -0.936854 0.213659
vn 0.015605 -0.995077 0.097870
vn 0.282662 -0.936657 0.206822
vn 0.012446 -0.997401 0.070967
vn 0.012531 -0.997355 0.071593
vn 0.291963 -0.944788 0.148774
vn 0.011630 -0.999680 0.022479
vn 0.011630 -0.999680 0.022479
vn 0.009451 -0.999670 0.023889
vn 0.295836 -0.950239 0.097608
vn 0.000474 -0.999947 -0.010274
vn 0.000474 -0.999947 -0.010274
vn 0.314844 -0.948241 0.041381
vn 0.314844 -0.948241 0.041381
vn 0.314844 -0.948241 0.041381
vn 0.316153 -0.947851 0.040314
vn 0.010876 -0.999642 -0.024458
vn 0.290519 -0.707966 -0.643726
vn 0.283416 -0.698273 -0.657336
vn 0.045537 -0.998962 -0.001271
vn 0.348520 -0.932671 -0.093049
vn 0.348520 -0.932671 -0.093049
vn 0.071574 -0.996026 0.053001
vn 0.279228 -0.954140 -0.107926
vn 0.091627 -0.992652 0.079033
vn 0.277927 -0.953856 -0.113645
vn 0.112431 -0.990875 0.074338
vn 0.105666 -0.990174 -0.091598
vn 0.129066 -0.988916 0.073404
vn 0.132065 -0.980764 -0.143740
vn 0.107048 -0.994252 -0.001956
vn 0.111611 -0.973097 -0.201556
vn 0.101367 -0.994849 -0.000423
vn 0.042273 -0.972520 -0.228949
vn 0.060695 -0.995157 -0.077321
vn -0.029275 -0.965860 -0.257407
vn 0.027054 -0.985979 -0.164659
vn -0.054639 -0.954528 -0.293071
vn -0.018664 -0.956166 -0.292230
vn -0.049259 -0.953150 -0.298462
vn -0.055489 -0.914632 -0.400460
vn -0.026552 -0.933718 -0.357023
vn -0.066221 -0.890004 -0.451118
vn 0.000053 -0.918258 -0.395982
vn -0.064066 -0.879255 -0.472023
vn 0.026414 -0.896066 -0.443134
vn -0.047549 -0.887178 -0.458971
vn 0.038652 -0.898483 -0.437304
vn -0.021670 -0.912364 -0.408807
vn 0.044267 -0.888717 -0.456314
vn 0.005934 -0.898257 -0.439430
vn -0.004023 -0.259527 0.965728
vn -0.004023 -0.259527 0.965728
vn -0.000148 -0.226684 0.973968
vn 0.001393 -0.195124 0.980778
vn 0.001393 -0.195125 0.980777
vn 0.001393 -0.195124 0.980778
vn -0.003123 -0.255486 0.966808
vn 0.003648 -0.208706 0.977972
vn 0.003648 -0.208706 0.977972
vn -0.021329 -0.247709 0.968600
vn 0.004995 -0.213663 0.976895
vn 0.004995 -0.213663 0.976895
vn -0.146491 -0.235647 0.960735
vn -0.000189 -0.243403 0.969925
vn -0.000189 -0.243403 0.969925
vn -0.283036 -0.220563 0.933404
vn -0.002955 -0.252596 0.967567
vn -0.002955 -0.252596 0.967567
vn 0.002566 -0.262888 0.964823
vn -0.423792 -0.174592 0.888773
vn -0.400005 -0.199985 0.894428
vn -0.400005 -0.199985 0.894428
vn 0.039795 -0.224874 0.973575
vn 0.039795 -0.224874 0.973575
vn 0.057511 -0.261094 0.963599
vn -0.522446 -0.148668 0.839612
vn -0.522446 -0.148668 0.839612
vn 0.145263 -0.199844 0.969000
vn 0.145263 -0.199844 0.969000
vn 0.182497 -0.249975 0.950898
vn -0.663644 -0.119710 0.738407
vn -0.640614 -0.151755 0.752718
vn 0.267991 -0.140318 0.953148
vn 0.267991 -0.140318 0.953148
vn -0.719332 -0.121440 0.683970
vn -0.743721 -0.082937 0.663326
vn -0.759538 -0.042414 0.649079
vn 0.364752 -0.074579 0.928113
vn 0.364752 -0.074579 0.928113
vn -0.777219 -0.084808 0.623489
vn 0.517814 0.035079 0.854774
vn 0.517814 0.035079 0.854774
vn -0.819566 -0.047966 0.570973
vn 0.629059 0.128073 0.766734
vn 0.629059 0.128073 0.766734
vn -0.851845 -0.016634 0.523530
vn 0.668955 0.209442 0.713185
vn 0.668955 0.209442 0.713185
vn -0.872296 0.006593 0.488934
vn 0.706490 0.276301 0.651560
vn 0.706490 0.276301 0.651560
vn -0.910226 0.015886 0.413808
vn 0.760982 0.323630 0.562289
vn 0.760982 0.323630 0.562289
vn -0.971210 0.005784 0.238153
vn 0.793350 0.344231 0.502097
vn 0.793350 0.344231 0.502097
vn -0.986048 -0.000808 0.166459
vn 0.829201 0.340905 0.442956
vn 0.829201 0.340905 0.442956
vn -0.997863 -0.007916 0.064853
vn -0.997863 -0.007916 0.064853
vn -0.997863 -0.007916 0.064853
vn -0.997563 -0.006950 0.069423
vn 0.899246 0.324290 0.293585
vn 0.899246 0.324290 0.293585
vn -0.998020 -0.011363 -0.061867
vn -0.998059 -0.012618 -0.060977
vn 0.931363 0.313761 0.184709
vn 0.931363 0.313761 0.184709
vn -0.986978 -0.005372 -0.160766
vn -0.986978 -0.005372 -0.160766
vn 0.941205 0.319799 0.108911
vn 0.941205 0.319799 0.108911
vn 0.941205 0.319799 0.108911
vn 0.940908 0.320594 0.109137
vn -0.966187 -0.012753 -0.257527
vn -0.966187 -0.012753 -0.257527
vn -0.972468 -0.045334 -0.228586
vn 0.785284 0.259060 -0.562332
vn 0.785284 0.259060 -0.562332
vn 0.785284 0.259060 -0.562332
vn 0.787175 0.268540 -0.555195
vn -0.944437 -0.043437 -0.325809
vn -0.953109 -0.082060 -0.291289
vn 0.932962 0.342461 -0.110915
vn 0.934269 0.338717 -0.111410
vn 0.934269 0.338717 -0.111410
vn 0.934269 0.338717 -0.111410
vn -0.895305 -0.082677 -0.437714
vn 0.924059 0.283768 -0.256108
vn 0.924059 0.283768 -0.256108
vn -0.827075 -0.115404 -0.550117
vn 0.927992 0.195618 -0.317120
vn 0.927992 0.195618 -0.317120
vn -0.672048 -0.131216 -0.728789
vn -0.672048 -0.131216 -0.728789
vn -0.674535 -0.136119 -0.725586
vn 0.905973 0.163342 -0.390554
vn 0.905973 0.163342 -0.390554
vn -0.554022 -0.128575 -0.822513
vn 0.869012 0.179984 -0.460896
vn 0.869011 0.179984 -0.460896
vn 0.868011 0.158189 -0.470673
vn -0.295040 -0.083529 -0.951827
vn 0.762531 0.195584 -0.616680
vn 0.762531 0.195584 -0.616680
vn -0.220663 -0.017618 -0.975191
vn 0.612711 0.100377 -0.783907
vn 0.612711 0.100377 -0.783907
vn -0.203094 0.065936 -0.976937
vn 0.438990 0.136646 -0.888040
vn 0.438990 0.136646 -0.888040
vn -0.203775 0.166849 -0.964695
vn 0.289489 0.251987 -0.923417
vn 0.289489 0.251987 -0.923417
vn -0.283994 0.382726 -0.879129
vn 0.038831 0.925936 0.375680
vn -0.283994 0.382726 -0.879129
vn -0.283994 0.382726 -0.879129
vn -0.286174 0.160187 -0.944693
vn 0.190888 0.956840 -0.219131
vn 0.254864 0.307038 -0.916936
vn 0.254864 0.307038 -0.916936
vn 0.223752 0.234165 -0.946098
vn -0.231180 0.443045 -0.866180
vn 0.059340 0.904024 0.423343
vn -0.231180 0.443045 -0.866180
vn 0.168143 0.964866 -0.201894
vn 0.254349 0.342551 -0.904414
vn 0.254349 0.342551 -0.904415
vn 0.224995 0.273358 -0.935229
vn -0.170675 0.459807 -0.871463
vn -0.184875 0.445166 -0.876155
vn 0.175045 0.946626 -0.270662
vn 0.242858 0.379008 -0.892958
vn 0.242858 0.379008 -0.892958
vn 0.212273 0.308174 -0.927345
vn -0.145672 0.460240 -0.875762
vn -0.164245 0.440852 -0.882425
vn 0.160784 0.940594 -0.299052
vn 0.235900 0.403711 -0.883951
vn 0.235900 0.403711 -0.883951
vn 0.209947 0.344180 -0.915130
vn -0.063534 0.441158 -0.895178
vn 0.021376 0.979324 0.201164
vn -0.094712 0.409232 -0.907501
vn 0.208221 0.407447 -0.889174
vn 0.208220 0.407447 -0.889174
vn 0.000550 0.408271 -0.912861
vn 0.013410 0.999082 0.040697
vn -0.024996 0.380922 -0.924269
vn 0.175004 0.397507 -0.900756
vn 0.175004 0.397507 -0.900756
vn 0.077834 0.336731 -0.938378
vn 0.141241 0.396087 -0.907285
vn 0.141241 0.396087 -0.907285
vn 0.056934 0.964021 0.259658
vn 0.056934 0.964021 0.259658
vn 0.056770 0.965659 0.253536
vn 0.082842 0.956698 0.279046
vn 0.035855 0.966296 0.254924
vn 0.035655 0.968280 0.247310
vn 0.108704 0.960111 0.257625
vn 0.008894 0.971392 0.237315
vn 0.008990 0.968917 0.247223
vn 0.129716 0.956907 0.259813
vn -0.027679 0.975386 0.218759
vn -0.029467 0.971738 0.234217
vn 0.142239 0.956430 0.254969
vn -0.059981 0.979951 0.189996
vn -0.065234 0.975407 0.210535
vn 0.141785 0.820476 0.553820
vn -0.085114 0.984515 0.153251
vn -0.094878 0.979656 0.176838
vn 0.147978 0.607760 0.780211
vn -0.099082 0.988670 0.112763
vn -0.113472 0.983971 0.137570
vn 0.206588 0.747555 0.631255
vn -0.093428 0.992788 0.075120
vn -0.114415 0.988281 0.101045
vn 0.171038 0.951675 0.255071
vn -0.080060 0.996195 0.034451
vn -0.107242 0.992326 0.061543
vn 0.087939 0.995752 0.027296
vn -0.067060 0.997692 -0.010624
vn -0.096288 0.995230 0.015685
vn 0.010883 0.998716 -0.049485
vn -0.050379 0.997647 -0.046512
vn -0.078228 0.996622 -0.025002
vn -0.069486 0.992023 -0.105179
vn -0.035195 0.996805 -0.071699
vn -0.057407 0.996744 -0.056623
vn -0.132353 0.978291 -0.159465
vn -0.025305 0.995704 -0.089066
vn -0.040034 0.995997 -0.079923
vn -0.191490 0.961946 -0.194912
vn -0.020422 0.994805 -0.099731
vn -0.028654 0.995000 -0.095681
vn -0.244735 0.948181 -0.202629
vn -0.021171 0.994621 -0.101394
vn -0.018819 0.994605 -0.102015
vn -0.268842 0.940436 -0.208095
vn -0.016906 0.995080 -0.097624
vn -0.017890 0.995079 -0.097461
vn -0.277174 0.938963 -0.203770
vn -0.009528 0.997385 -0.071635
vn -0.009528 0.997385 -0.071635
vn -0.009528 0.997385 -0.071635
vn -0.009393 0.997381 -0.071709
vn -0.293948 0.944016 -0.149764
vn -0.010126 0.766804 -0.641801
vn 0.005282 0.757510 -0.652802
vn -0.304820 0.947194 -0.099544
vn -0.010367 0.999912 0.008274
vn -0.010367 0.999912 0.008274
vn -0.010367 0.999912 0.008274
vn -0.021230 0.999752 0.006709
vn -0.319480 0.946666 -0.041910
vn -0.319753 0.946579 -0.041791
vn -0.024411 0.999487 0.020751
vn -0.051893 0.998553 0.014144
vn -0.211938 0.771297 -0.600153
vn -0.211938 0.771297 -0.600153
vn -0.082833 0.996506 -0.010679
vn -0.048114 0.998842 0.000315
vn -0.316384 0.944467 0.088791
vn -0.316384 0.944467 0.088791
vn -0.066587 0.996496 -0.050613
vn -0.092018 0.993752 -0.063165
vn -0.259576 0.960699 0.098372
vn -0.099042 0.991535 -0.083956
vn -0.085090 0.993552 -0.074929
vn -0.186929 0.978490 0.087265
vn -0.109662 0.991397 -0.071465
vn -0.111510 0.991058 -0.073282
vn -0.128800 0.986610 0.100055
vn -0.109267 0.992994 -0.044980
vn -0.123173 0.990331 -0.063822
vn -0.094665 0.987469 0.126266
vn -0.121436 0.991840 -0.038805
vn -0.101832 0.994739 0.011188
vn -0.052659 0.985881 0.158950
vn -0.077971 0.993007 0.088648
vn -0.103096 0.994604 0.011555
vn 0.027467 0.988499 0.148711
vn -0.033421 0.982676 0.182291
vn -0.065171 0.994208 0.085455
vn 0.217114 0.964691 -0.149110
vn 0.005142 0.957831 0.287286
vn -0.032436 0.982752 0.182063
vn 0.007566 0.957995 0.286686
vn 0.044741 0.926326 0.374056
vn 0.058743 0.903949 0.423586
vn 0.056890 0.907654 0.415845
vn 0.053035 0.906252 0.419398
vn 0.038473 0.938280 0.343730
vn 0.155890 0.921587 -0.355493
vn 0.035839 0.936499 0.348833
vn 0.125510 0.926802 -0.353957
vn 0.018336 0.977574 0.209795
vn 0.089092 0.953320 -0.288519
vn 0.029295 0.999538 -0.008153
vn 0.000426 -0.248034 0.968751
vn -0.004390 -0.259504 0.965732
vn 0.002962 -0.248238 0.968695
vn -0.003544 -0.261093 0.965307
vn -0.012928 -0.236808 0.971470
vn -0.002860 -0.264031 0.964510
vn -0.134955 -0.220879 0.965919
vn -0.003275 -0.263755 0.964584
vn 0.324181 -0.213452 0.921599
vn 0.430966 -0.147953 0.890156
vn 0.581731 -0.065900 0.810707
vn -0.804651 -0.010618 0.593653
vn 0.690345 0.030665 0.722830
vn -0.841068 0.011614 0.540805
vn 0.726729 0.126139 0.675244
vn -0.865358 0.025104 0.500524
vn 0.757567 0.207371 0.618943
vn -0.907038 0.025474 0.420277
vn 0.786781 0.322747 0.526127
vn -0.971027 0.006771 0.238873
vn 0.804693 0.343573 0.484177
vn -0.986345 -0.002991 0.164664
vn 0.828665 0.341626 0.443403
vn -0.997559 -0.006839 0.069493
vn -0.997555 -0.006771 0.069560
vn 0.893446 0.333632 0.300738
vn -0.998544 -0.011132 -0.052785
vn -0.998544 -0.011132 -0.052785
vn -0.998544 -0.011132 -0.052785
vn 0.930145 0.313745 0.190774
vn -0.985448 -0.005385 -0.169894
vn 0.941904 0.320901 0.099194
vn 0.941904 0.320901 0.099194
vn 0.904882 0.310819 0.290826
vn 0.904882 0.310819 0.290826
vn 0.904882 0.310819 0.290826
vn 0.905254 0.311079 0.289388
vn 0.934835 0.338444 -0.107422
vn 0.934835 0.338444 -0.107422
vn -0.879628 -0.113778 -0.461854
vn 0.939126 0.281632 -0.196787
vn 0.932752 0.282750 -0.223664
vn 0.916508 0.196038 -0.348685
vn -0.569233 -0.110717 -0.814688
vn -0.344073 -0.031147 -0.938426
vn 0.761783 0.180671 -0.622129
vn -0.289029 0.057611 -0.955585
vn 0.624762 0.203413 -0.753854
vn 0.449691 0.206362 -0.869018
vn 0.265974 0.196584 -0.943723
vn 0.200052 0.377530 -0.904130
vn 0.186917 0.390875 -0.901265
vn -0.997868 -0.007064 0.064881
vn -0.997904 -0.007050 0.064335
vn 0.941754 0.321215 0.099598
vn 0.940714 0.321054 0.109464
vn 0.940714 0.321054 0.109464
vn 0.750932 0.251508 -0.610611
vn 0.995473 -0.079164 0.052604
vn 0.998830 0.021459 -0.043337
vn 0.998830 0.021459 -0.043337
vn 0.997854 0.048702 -0.043777
vn 0.998376 0.048939 -0.029159
vn 0.969282 -0.127591 0.210269
vn 0.969282 -0.127591 0.210269
vn 0.998339 -0.045185 -0.035743
vn 0.998339 -0.045185 -0.035743
vn 0.917357 0.266014 0.296130
vn 0.917357 0.266014 0.296130
vn 0.964616 0.262600 0.023602
vn 0.955413 -0.062371 -0.288609
vn 0.955413 -0.062371 -0.288609
vn 0.957412 -0.061611 -0.282075
vn 0.973840 0.132909 -0.184310
vn 0.861707 0.126828 -0.491300
vn 0.861707 0.126828 -0.491300
vn 0.861707 0.126828 -0.491300
vn 0.930243 0.164224 0.328145
vn 0.843229 0.017543 0.537268
vn 0.979486 0.184222 -0.081666
vn 0.979486 0.184222 -0.081666
vn 0.979486 0.184222 -0.081666
vn 0.984006 0.170318 0.052190
vn 0.993969 0.041123 -0.101660
vn 0.995291 0.036440 -0.089826
vn 0.995291 0.036440 -0.089826
vn 0.973701 0.072934 -0.215841
vn 0.973701 0.072934 -0.215841
vn 0.999715 -0.003301 0.023653
vn 0.998678 0.008397 -0.050706
vn 0.998662 0.022742 -0.046455
vn 0.996433 0.036821 -0.075930
vn -0.968851 -0.092335 0.229785
vn -0.971050 -0.091581 0.220624
vn -0.983709 -0.176935 0.031796
vn -0.954846 -0.280686 0.097392
vn -0.934838 0.006170 0.355020
vn -0.965938 -0.067113 0.249919
vn -0.965938 -0.067113 0.249919
vn 0.932937 -0.006562 -0.359979
vn 0.926885 -0.233340 -0.294002
vn 0.988851 -0.112345 -0.097734
vn -0.976442 -0.214705 -0.021498
vn 0.388729 -0.915850 0.100543
vn 0.987832 0.139578 -0.068598
vn 0.987832 0.139578 -0.068598
vn 0.962422 0.265507 0.057017
vn 0.963702 0.266669 0.012874
vn 0.968955 -0.245106 -0.032381
vn 0.998382 0.023562 -0.051756
vn 0.024044 -0.699254 0.714468
vn 0.013099 0.809508 0.586963
vn 0.013099 0.809508 0.586963
vn -0.997556 -0.007531 0.069463
vn 0.964500 -0.249624 0.086182
vn 0.949059 -0.019960 0.314467
vn 0.764429 0.011434 0.644607
vn 0.964843 0.262197 0.018206
vn 0.964460 0.262525 0.029956
vn -0.950740 -0.103954 0.292041
vn 0.924322 -0.232059 -0.302948
vn 0.939059 -0.215612 -0.267732
vn -0.964218 -0.258540 -0.058652
vn 0.997643 0.021082 -0.065304
vn 0.997643 0.021082 -0.065304
vn 0.998456 0.019800 -0.051905
vn 0.998614 0.012113 -0.051211
vn -0.996452 -0.017246 -0.082374
vn -0.996452 -0.017246 -0.082375
vn 0.982106 0.014883 -0.187742
vn 0.975561 0.149410 -0.161113
vn 0.853996 0.456798 -0.249051
vn 0.969576 0.243248 0.027432
vn 0.013555 -0.997343 0.071577
vn -0.009666 0.997380 -0.071690
vn 0.770629 0.023605 -0.636847
vn 0.957829 -0.134970 0.253666
vn 0.943768 -0.205112 0.259291
vn 0.943768 -0.205112 0.259291
vn 0.924647 -0.291610 0.244932
vn 0.969296 -0.056458 0.239329
vn 0.976969 0.024564 0.211963
vn 0.997869 0.051085 0.040583
vn 0.993823 -0.063631 0.090923
vn 0.992229 -0.112118 0.053961
vn -0.981811 -0.082546 0.170979
vn -0.940674 -0.159819 0.299317
vn 0.989173 -0.138268 0.049187
vn 0.991472 -0.121218 0.047848
vn 0.979950 0.189817 -0.060553
vn 0.818586 0.542055 -0.189983
vn -0.917820 -0.172162 0.357725
vn -0.923276 -0.155715 0.351161
vn 0.940277 0.025488 -0.339454
vn 0.960710 -0.001616 -0.277551
vn 0.894998 0.284150 -0.343857
vn 0.999810 0.011874 0.015479
vn -0.008713 0.999680 -0.023765
vn 0.971119 0.237814 -0.019302
vn -0.976154 -0.212133 -0.046085
vn 0.968823 0.039628 -0.244564
vn 0.968665 -0.198502 -0.149281
vn 0.969576 0.243248 0.027432
vn 0.997843 0.011592 -0.064620
vn 0.997734 0.019381 -0.064429
vn 0.925377 0.371799 -0.073772
vn 0.886781 0.379558 -0.263732
vn 0.964200 0.264789 0.014305
vn 0.008633 -0.997083 -0.075841
vn -0.016337 0.977234 -0.211535
vn -0.016337 0.977234 -0.211535
vn 0.998217 0.059252 -0.007179
vn 0.969919 0.219825 0.104564
vn -0.979912 -0.020040 0.198424
vn -0.931505 -0.131948 0.338952
vn -0.464344 -0.882166 0.078537
vn 0.901100 -0.142988 -0.409357
vn -0.164401 -0.967581 0.191727
vn -0.915675 -0.270364 0.297394
vn 0.980213 0.016993 0.197217
vn 0.001602 -0.986476 0.163900
vn 0.001602 -0.986476 0.163900
vn -0.998118 -0.004748 -0.061145
vn -0.013164 0.993818 0.110240
vn -0.013164 0.993818 0.110240
vn -0.996632 -0.005320 0.081831
vn 0.842400 -0.079279 0.532989
vn 0.842400 -0.079279 0.532989
vn 0.987582 -0.099828 0.121313
vn 0.987582 -0.099828 0.121313
vn 0.987582 -0.099828 0.121313
vn 0.863184 -0.155357 0.480394
vn -0.996672 -0.007682 -0.081157
vn -0.990915 0.075343 -0.111402
vn -0.990915 0.075343 -0.111402
vn -0.988543 0.075027 -0.130970
vn -0.810969 0.585087 0.001635
vn -0.810969 0.585087 0.001635
vn -0.810969 0.585087 0.001635
vn -0.969253 -0.160458 0.186552
vn -0.969253 -0.160458 0.186552
vn -0.977080 -0.196626 0.081562
vn -0.986641 0.028746 -0.160356
vn -0.882541 -0.025838 0.469524
vn -0.991120 0.132671 0.008913
vn -0.980332 0.183931 -0.071537
vn -0.983696 -0.084386 -0.158812
vn -0.985085 0.148048 -0.087687
vn -0.932188 0.102634 -0.347120
vn -0.988244 -0.011463 -0.152458
vn -0.968075 0.053121 -0.244966
vn -0.983157 0.168708 -0.070283
vn -0.986580 0.147834 -0.069321
vn -0.991818 -0.064456 -0.110197
vn -0.991818 -0.064456 -0.110197
vn -0.991597 -0.070164 -0.108686
vn -0.987943 -0.004598 -0.154748
vn 0.802486 -0.144366 0.578942
vn 0.802486 -0.144366 0.578942
vn 0.999706 0.013479 0.020149
vn 0.999706 0.013479 0.020149
vn 0.999706 0.013479 0.020149
vn -0.205172 -0.977931 0.039433
vn 0.177909 0.983259 -0.039379
vn 0.967023 -0.196110 -0.162505
vn 0.967023 -0.196110 -0.162505
vn -0.989374 0.041451 -0.139363
vn -0.629543 -0.770702 -0.098459
vn -0.761425 -0.303617 0.572756
vn 0.316546 -0.947681 0.041229
vn 0.940762 0.321015 0.109166
vn -0.320262 0.946406 -0.041805
vn 0.806296 -0.163906 0.568350
vn 0.803036 -0.161078 0.573748
vn 0.983482 -0.178646 0.029132
vn 0.986305 -0.162242 0.029665
vn 0.999707 0.008562 -0.022648
vn 0.999707 0.008562 -0.022648
vn 0.999707 0.008562 -0.022648
vn -0.990115 0.025823 0.137862
vn -0.676259 0.376990 0.632893
vn -0.946626 -0.290738 -0.139179
vn -0.973604 -0.218861 0.064775
vn -0.978026 -0.202835 0.048195
vn -0.978026 -0.202835 0.048195
vn -0.977009 -0.211019 0.030406
vn -0.925182 0.282641 -0.253284
vn -0.973761 0.098874 -0.204974
vn -0.998205 -0.059753 -0.004102
vn -0.998205 -0.059753 -0.004102
vn -0.984459 -0.084372 -0.154017
vn -0.984459 -0.084372 -0.154017
vn -0.955039 -0.060055 0.290335
vn 0.990975 -0.115362 0.068265
vn -0.996680 -0.016981 -0.079632
vn -0.993967 -0.016485 -0.108435
vn -0.966203 0.205369 -0.155803
vn 0.135654 0.853626 0.502912
vn -0.979610 0.200461 0.013423
vn 0.989683 -0.041695 0.137074
vn 0.989919 -0.103633 0.096539
vn 0.983961 -0.147927 -0.099693
vn -0.998318 -0.057520 0.007243
vn -0.939564 0.186046 0.287413
vn 0.984099 -0.174687 0.032157
vn 0.938064 -0.327779 -0.112236
vn 0.936086 -0.332037 -0.116165
vn -0.941878 -0.320609 -0.100379
vn 0.981173 -0.063836 -0.182278
vn 0.841072 -0.116004 -0.528338
vn 0.969626 0.023599 0.243451
vn 0.970001 0.025818 0.241728
vn 0.992336 0.042493 0.116033
vn 0.968195 -0.150500 0.199871
vn 0.968195 -0.150500 0.199871
vn 0.927969 -0.168090 0.332595
vn -0.914670 -0.087797 -0.394552
vn -0.998018 0.061511 0.013301
vn -0.610589 -0.790381 -0.049792
vn -0.613701 0.541752 -0.574349
vn -0.915413 -0.214505 -0.340597
vn -0.973928 -0.162404 0.158393
vn -0.964883 -0.176404 0.194636
vn -0.922219 -0.152930 0.355140
vn -0.882083 -0.145837 0.447952
vn -0.989036 -0.078977 0.124778
vn -0.996921 -0.022389 0.075150
vn -0.996921 -0.022389 0.075150
vn -0.977133 0.168183 0.130099
vn -0.995171 0.058123 0.079100
vn -0.995171 0.058123 0.079100
vn -0.997743 -0.064794 0.017618
vn -0.994223 0.084261 -0.066483
vn -0.994223 0.084261 -0.066483
vn -0.997782 0.062614 -0.022602
vn -0.982596 0.058860 -0.176186
vn -0.982596 0.058860 -0.176186
vn -0.979841 0.089865 -0.178424
vn -0.975483 -0.000370 -0.220075
vn -0.136436 -0.741818 -0.656576
vn -0.979483 0.197668 -0.039242
vn -0.979412 0.198020 -0.039238
vn 0.174295 0.977239 0.120935
vn 0.174295 0.977239 0.120935
vn -0.980455 0.196226 -0.014271
vn -0.998739 0.035103 -0.035889
vn -0.998799 0.033130 -0.036089
vn 0.324367 -0.945831 -0.013769
vn 0.943771 0.323704 0.067176
vn -0.326412 0.945127 0.013817
vn 0.980194 -0.197492 -0.014730
vn -0.983212 0.179482 -0.032858
vn 0.193987 0.980173 -0.040377
vn -0.945852 0.062948 -0.318437
vn 0.305248 -0.951466 0.039193
vn 0.313535 -0.948681 0.041240
vn 0.943702 0.312148 0.109505
vn 0.941589 0.318654 0.108950
vn -0.293882 0.929997 -0.220771
vn 0.944911 0.311803 0.099608
vn 0.989892 -0.101568 0.098984
vn -0.994524 -0.022087 -0.102150
vn -0.972697 -0.146802 0.179751
vn -0.961826 0.008098 -0.273541
vn -0.909780 0.005395 -0.415056
vn -0.991582 0.080052 -0.101766
vn -0.994558 -0.059210 -0.085719
vn -0.974495 -0.221680 0.034889
vn 0.999374 -0.026407 0.023524
vn -0.910195 -0.295754 -0.289957
vn 0.949050 -0.120983 0.290977
vn -0.989201 0.059283 -0.134040
vn -0.989201 0.059283 -0.134040
vn 0.984014 -0.075000 0.161530
vn -0.936441 -0.178322 0.302124
vn -0.967550 -0.195135 0.160527
vn -0.966032 -0.197560 0.166589
vn -0.903789 0.378479 0.199798
vn -0.927533 0.067813 0.367537
vn -0.980205 -0.058371 0.189185
vn -0.987782 -0.038047 -0.151124
vn -0.977623 -0.001034 -0.210361
vn -0.942937 -0.328984 -0.051370
vn -0.942942 -0.328922 -0.051673
vn -0.987395 0.013099 -0.157736
vn 0.090802 0.956716 0.276495
vn 0.307481 -0.925284 0.222046
vn 0.905290 0.310954 0.289410
vn -0.329919 0.913799 0.236907
vn 0.286560 0.704955 0.648785
vn 0.287086 0.705608 0.647841
vn 0.327634 0.727580 0.602730
vn 0.327585 0.727560 0.602781
vn 0.362349 0.803839 0.471747
vn 0.362403 0.803942 0.471531
vn 0.392852 0.891737 0.224662
vn 0.392860 0.891876 0.224094
vn 0.402480 0.911695 0.082598
vn 0.402640 0.911393 0.085112
vn 0.407462 0.909525 -0.082095
vn 0.408027 0.909640 -0.077909
vn 0.384162 0.861291 -0.332562
vn 0.386326 0.861998 -0.328194
vn 0.347309 0.774610 -0.528541
vn 0.343829 0.773525 -0.532392
vn 0.325584 0.665972 -0.671176
vn 0.329565 0.666674 -0.668531
vn 0.253530 0.577490 -0.776033
vn 0.256561 0.577852 -0.774767
vn 0.150999 0.505215 -0.849681
vn 0.153026 0.505382 -0.849219
vn 0.098243 0.461023 -0.881933
vn 0.099832 0.461093 -0.881718
vn 0.039174 0.431474 -0.901275
vn 0.040033 0.431495 -0.901227
vn 0.006127 0.418741 -0.908085
vn 0.006335 0.418750 -0.908079
vn -0.025754 0.423546 -0.905509
vn -0.025219 0.423510 -0.905540
vn -0.088593 0.449484 -0.888884
vn -0.087108 0.449417 -0.889065
vn -0.139918 0.493267 -0.858551
vn -0.137898 0.493094 -0.858978
vn -0.249832 0.570908 -0.782080
vn -0.246753 0.570468 -0.783377
vn -0.351477 0.671618 -0.652221
vn -0.347227 0.670864 -0.655267
vn -0.363264 0.783743 -0.503771
vn -0.359514 0.782631 -0.508171
vn -0.370583 0.867249 -0.332486
vn -0.372786 0.867974 -0.328104
vn -0.389781 0.915479 -0.099842
vn -0.390379 0.915619 -0.096154
vn -0.396102 0.915410 0.071613
vn -0.396276 0.915186 0.073483
vn -0.400124 0.889888 0.219089
vn -0.400135 0.889960 0.218780
vn -0.395788 0.792364 0.464232
vn -0.395534 0.791797 0.465415
vn -0.394531 0.717725 0.573774
vn -0.394792 0.718246 0.572942
vn -0.381341 0.686349 0.619278
vn -0.381620 0.686615 0.618811
vn -0.301703 0.680599 0.667653
vn -0.300367 0.679402 0.669472
vn -0.201898 0.710865 0.673727
vn -0.199734 0.709402 0.675911
vn -0.062559 0.726768 0.684028
vn -0.065059 0.726581 0.683994
vn 0.089428 0.693803 0.714591
vn 0.093630 0.693675 0.714177
vn 0.166017 0.684458 0.709898
vn 0.168247 0.684786 0.709057
vn 0.193128 0.691664 0.695918
vn 0.193696 0.690356 0.697058
vn 0.002596 0.713833 0.700311
vn 0.002588 0.713712 0.700435
vn -0.186018 0.691972 0.697548
vn -0.185656 0.693431 0.696194
vn -0.148895 0.688815 0.709481
vn -0.152135 0.688672 0.708933
vn -0.067765 0.710823 0.700099
vn -0.062384 0.712527 0.698866
vn 0.075862 0.760819 0.644515
vn 0.078631 0.761528 0.643345
vn 0.180537 0.764362 0.618997
vn 0.181803 0.765188 0.617604
vn 0.233444 0.729018 0.643457
vn 0.234502 0.729985 0.641974
vn 0.291292 0.710807 0.640236
vn 0.327969 0.727734 0.602362
vn 0.361813 0.803028 0.473538
vn 0.392896 0.893179 0.218778
vn 0.400899 0.913523 0.068957
vn 0.402088 0.909914 -0.101893
vn 0.367783 0.855897 -0.363560
vn 0.317501 0.765412 -0.559765
vn 0.294591 0.660469 -0.690650
vn 0.229639 0.574487 -0.785640
vn 0.134949 0.504096 -0.853039
vn 0.085500 0.460534 -0.883515
vn 0.032259 0.431263 -0.901649
vn 0.004439 0.418725 -0.908102
vn -0.020922 0.423306 -0.905745
vn -0.075190 0.448761 -0.890483
vn -0.121822 0.491675 -0.862215
vn -0.222473 0.566910 -0.793170
vn -0.314177 0.664783 -0.677758
vn -0.330588 0.774144 -0.539826
vn -0.353799 0.861728 -0.363664
vn -0.385237 0.915533 -0.115723
vn -0.395011 0.916449 0.063930
vn -0.399969 0.889372 0.221454
vn -0.393410 0.787474 0.474461
vn -0.392332 0.713526 0.580479
vn -0.383828 0.688820 0.614982
vn -0.312330 0.690111 0.652837
vn -0.218423 0.722545 0.655912
vn -0.084100 0.736721 0.670947
vn 0.074521 0.700569 0.709683
vn 0.156867 0.687917 0.708635
vn 0.185430 0.692391 0.697288
vn 0.002326 0.714727 0.699400
vn -0.175982 0.694496 0.697643
vn -0.140080 0.691728 0.708442
vn -0.054344 0.715889 0.696096
vn 0.087971 0.766389 0.636325
vn 0.191607 0.771781 0.606334
vn 0.242819 0.737692 0.629960
vn -0.900186 -0.014696 0.435258
vn -0.924624 -0.059992 0.376126
vn -0.918767 -0.046937 0.391999
vn -0.900919 -0.021874 0.433435
vn -0.944236 -0.128438 0.303186
vn -0.950016 -0.102994 0.294722
vn -0.899533 -0.008689 0.436766
vn -0.930313 -0.091672 0.355125
vn -0.941806 -0.138269 0.306404
s 1
g tshirt1
usemtl lambert2SG
f 6346/1/1 5868/2/2 69/3/3 110/4/4
f 109/5/5 112/6/6 102/7/7 111/8/8
f 109/5/5 113/9/9 105/10/10 112/6/6
f 6346/1/1 110/4/4 23/11/11 6345/12/12
f 114/14/13 116/15/14 115/13/15 97/24/16
f 99/16/17 115/13/15 116/15/14 346/475/18
f 6155/18/19 5967/19/20 6156/17/21 6220/6805/22
f 5967/19/20 5966/20/23 6156/17/21
f 6221/22/24 114/14/13 118/21/25 6227/420/26
f 114/14/13 6221/22/24 6219/23/27 116/15/14
f 97/24/16 118/21/25 114/14/13
f 4373/25/28 119/26/29 6330/27/30
f 4396/5258/31 4373/25/28 6330/27/30 6335/28/32
f 6335/28/32 6330/27/30 6222/29/33 6263/30/34
f 4476/31/35 276/32/36 5968/33/37 6010/34/38
f 6340/35/39 6336/36/40 4487/37/41 4693/38/42
f 1/39/43 317/40/44 5969/41/45
f 5969/41/45 5962/42/46 1/39/43
f 121/43/47 124/44/48 101/45/49 123/46/50
f 4098/47/51 3664/4567/52 3500/49/53 4099/50/54
f 3664/4567/52 4098/47/51 6334/48/55 6361/4566/56
f 6199/52/57 6161/53/58 6007/51/59 6006/5154/60
f 6161/53/58 5969/41/45 6007/51/59
f 4132/62/61 128/55/62 7/56/63 126/54/64
f 7/56/63 127/57/65 126/54/64
f 4133/72/66 4100/59/67 3467/60/68 4101/58/69
f 3680/4580/70 3472/61/71 4101/58/69 3467/60/68
f 4132/62/61 126/54/64 130/63/72 4102/5156/73
f 130/63/72 126/54/64 98/65/74
f 4102/5156/73 130/63/72 4134/64/75
f 98/65/74 126/54/64 127/57/65 354/484/76
f 128/55/62 131/66/77 132/67/78 7/56/63
f 132/67/78 131/66/77 133/68/79 9/69/80
f 4136/70/81 133/68/79 131/66/77 4135/71/82
f 4135/71/82 131/66/77 128/55/62 4101/58/69
f 4101/58/69 128/55/62 4133/72/66
f 135/73/83 136/74/84 9/69/80
f 135/73/83 9/69/80 133/68/79 4137/81/85
f 137/75/86 136/74/84 135/73/83 4138/5159/87
f 136/74/84 137/75/86 11/76/88 335/453/89
f 3517/79/90 4105/77/91 3653/4599/92
f 3653/4599/92 4105/77/91 3477/78/93 6376/4917/94
f 4137/81/85 4105/77/91 3517/79/90 4106/80/95
f 4137/81/85 133/68/79 4136/70/81 4105/77/91
f 140/82/96 139/83/97 141/84/98 14/85/99
f 96/87/100 139/83/97 142/86/101 386/525/102
f 141/84/98 139/83/97 96/87/100 208/212/103
f 4139/88/104 4141/89/105 142/86/101 139/83/97
f 4107/90/106 4108/91/107 3479/92/108 3480/93/109
f 144/94/110 140/82/96 14/85/99
f 144/94/110 14/85/99 145/95/111 147/101/112
f 140/82/96 144/94/110 4142/96/113 4140/97/114
f 4142/96/113 4143/98/115 4111/99/116 4110/100/117
f 145/95/111 16/102/118 147/101/112
f 4144/110/119 147/101/112 16/102/118 148/103/120
f 149/104/121 148/103/120 16/102/118 154/114/122
f 4111/99/116 4112/105/123 3484/106/124 3481/107/125
f 149/104/121 151/108/126 4145/109/127 148/103/120
f 4144/110/119 148/103/120 4113/298/128 3483/4621/129
f 4113/298/128 148/103/120 4145/109/127
f 12/111/130 151/108/126 149/104/121 362/492/131
f 145/95/111 153/112/132 152/113/133 16/102/118
f 153/112/132 145/95/111 14/85/99 206/210/134
f 152/113/133 154/114/122 16/102/118
f 155/115/135 154/114/122 152/113/133 76/117/136
f 70/116/137 154/114/122 155/115/135 191/190/138
f 76/117/136 152/113/133 153/112/132 207/211/139
f 158/119/140 72/120/141 156/118/142 159/122/143
f 72/120/141 157/121/144 156/118/142
f 158/119/140 159/122/143 75/123/145 160/124/146
f 156/118/142 132/67/78 9/69/80 159/122/143
f 132/67/78 156/118/142 157/121/144 7/56/63
f 162/125/147 25/126/148 160/124/146 163/128/149
f 25/126/148 161/127/150 160/124/146
f 162/125/147 163/128/149 21/129/151 324/432/152
f 75/123/145 163/128/149 160/124/146
f 158/119/140 160/124/146 161/127/150 72/120/141
f 166/132/153 165/130/154 164/131/155 6094/134/156
f 86/133/157 165/130/154 166/132/153 4398/345/158
f 6094/134/156 164/131/155 6093/135/159 6031/6846/160
f 5869/136/161 6345/12/12 23/11/11 167/137/162
f 164/131/155 165/130/154 105/10/10
f 164/131/155 105/10/10 113/9/9 6093/135/159
f 170/140/163 169/138/164 168/139/165 74/143/166
f 169/138/164 170/140/163 83/141/167 240/270/168
f 74/143/166 168/139/165 171/142/169 200/200/170
f 172/144/171 171/142/169 168/139/165 28/146/172
f 171/142/169 172/144/171 22/145/173 198/199/174
f 168/139/165 169/138/164 28/146/172
f 174/147/175 173/148/176 4375/149/177
f 4399/151/178 4367/150/179 174/147/175 4375/149/177
f 4394/152/180 89/153/181 4399/151/178 4371/515/182
f 4399/151/178 89/153/181 175/154/183
f 4692/155/184 4486/156/185 4488/157/186 4694/158/187
f 173/148/176 174/147/175 4480/159/188 4488/157/186
f 4400/160/189 180/161/190 34/162/191 4386/163/192
f 4376/167/193 178/164/194 181/165/195 4365/166/196
f 181/165/195 178/164/194 4489/168/197 4477/169/198
f 178/164/194 179/170/199 4479/171/200 4489/168/197
f 4372/172/201 4377/173/202 4401/174/203
f 4395/175/204 4372/172/201 4401/174/203 185/430/205
f 4377/173/202 4363/176/206 4386/163/192
f 4401/174/203 4377/173/202 4386/163/192 34/162/191
f 4696/178/207 186/179/208 4685/177/209 4479/171/200
f 186/179/208 30/180/210 4685/177/209
f 4490/5325/211 4691/181/212 87/182/213 4696/178/207
f 87/182/213 186/179/208 4696/178/207
f 188/183/214 187/184/215 4362/186/216
f 4362/186/216 187/184/215 4378/185/217 4385/5264/218
f 4378/185/217 187/184/215 174/147/175 4367/150/179
f 174/147/175 187/184/215 4491/187/219 4480/159/188
f 4491/187/219 187/184/215 188/183/214 4478/188/220
f 191/190/138 155/115/135 192/189/221 26/193/222
f 192/189/221 155/115/135 76/117/136 350/480/223
f 70/116/137 191/190/138 193/191/224 196/195/225
f 194/192/226 193/191/224 191/190/138 26/193/222
f 193/191/224 194/192/226 22/145/173 195/194/227
f 196/195/225 193/191/224 195/194/227 77/197/228
f 195/194/227 197/196/229 77/197/228
f 172/144/171 197/196/229 195/194/227 22/145/173
f 197/196/229 172/144/171 28/146/172 371/501/230
f 194/192/226 199/198/231 198/199/174 22/145/173
f 199/198/231 194/192/226 26/193/222 219/231/232
f 200/200/170 171/142/169 198/199/174 66/201/233
f 198/199/174 199/198/231 66/201/233
f 229/247/234 42/204/235 201/202/236 203/203/237
f 201/202/236 42/204/235 205/207/238
f 205/207/238 42/204/235 202/205/239 259/303/240
f 203/203/237 201/202/236 204/206/241
f 203/203/237 204/206/241 228/246/242
f 11/76/88 228/246/242 204/206/241 335/453/89
f 261/305/243 82/208/244 201/202/236 205/207/238
f 204/206/241 201/202/236 82/208/244 336/454/245
f 259/303/240 202/205/239 81/209/246 260/304/247
f 153/112/132 206/210/134 207/211/139
f 94/213/248 206/210/134 208/212/103 373/502/249
f 207/211/139 206/210/134 94/213/248 352/482/250
f 141/84/98 208/212/103 206/210/134 14/85/99
f 210/214/251 209/215/252 211/216/253
f 210/214/251 211/216/253 72/120/141 349/479/254
f 209/215/252 212/217/255 108/218/256 211/216/253
f 212/217/255 209/215/252 213/219/257 107/220/258
f 213/219/257 209/215/252 210/214/251 31/221/259
f 214/222/260 216/223/261 62/224/262 215/225/263
f 214/222/260 217/226/264 63/227/265 216/223/261
f 217/226/264 214/222/260 218/228/266
f 217/226/264 218/228/266 35/229/267 4403/348/268
f 214/222/260 215/225/263 54/230/269 218/228/266
f 199/198/231 219/231/232 220/232/270 66/201/233
f 219/231/232 221/233/271 65/234/272 220/232/270
f 222/235/273 221/233/271 219/231/232 26/193/222
f 221/233/271 222/235/273 19/236/274 295/374/275
f 223/237/276 225/238/277 79/239/278
f 223/237/276 79/239/278 224/240/279 227/243/280
f 226/241/281 225/238/277 223/237/276 38/244/282
f 80/242/283 225/238/277 226/241/281 370/500/284
f 223/237/276 227/243/280 38/244/282
f 227/243/280 224/240/279 27/245/285 259/303/240
f 4147/248/286 229/247/234 203/203/237 228/246/242
f 4146/249/287 4115/292/288 4147/248/286 228/246/242
f 3518/250/289 4114/251/290 4106/80/95 3517/79/90
f 11/76/88 137/75/86 228/246/242
f 4149/5162/291 231/253/292 233/254/293 232/252/294
f 48/255/295 232/252/294 233/254/293 236/264/296
f 231/253/292 234/256/297 40/257/298
f 238/265/299 233/254/293 231/253/292 40/257/298
f 4118/258/300 4116/259/301 3515/260/302 3528/261/303
f 4148/5161/304 4117/262/305 3514/263/306 4116/259/301
f 3649/4638/307 3515/260/302 4116/259/301 3514/263/306
f 238/265/299 78/266/308 233/254/293
f 236/264/296 233/254/293 78/266/308 237/267/309
f 237/267/309 78/266/308 367/497/310 366/496/311
f 239/268/312 48/255/295 236/264/296 237/267/309
f 50/269/313 239/268/312 237/267/309 366/496/311
f 241/271/314 169/138/164 240/270/168 39/273/315
f 28/146/172 169/138/164 241/271/314 371/501/230
f 242/272/316 39/273/315 240/270/168 243/274/317
f 243/274/317 84/275/318 242/272/316
f 243/274/317 240/270/168 83/141/167 293/371/319
f 244/276/320 246/277/321 51/278/322 245/279/323
f 244/276/320 247/280/324 49/281/325 246/277/321
f 247/280/324 244/276/320 248/282/326 80/242/283
f 248/282/326 244/276/320 245/279/323 57/283/327
f 4152/323/328 251/286/329 250/284/330 249/285/331
f 250/284/330 251/286/329 45/287/332 368/498/333
f 6359/4644/334 3558/290/335 4119/288/336 3545/289/337
f 4151/5163/338 4119/288/336 3558/290/335 4120/291/339
f 4147/248/286 4115/292/288 3545/289/337 4119/288/336
f 3660/4643/340 3545/289/337 4115/292/288 3548/293/341
f 202/205/239 42/204/235 249/285/331 250/284/330
f 4151/5163/338 249/285/331 42/204/235 229/247/234
f 151/108/126 12/111/130 4153/296/342 4121/297/343
f 253/294/344 4153/296/342 12/111/130 258/302/345
f 254/295/346 253/294/344 258/302/345 77/197/228
f 4145/109/127 151/108/126 4121/297/343 3525/299/347
f 4113/298/128 4145/109/127 3525/299/347 3658/4648/348
f 4153/296/342 4118/258/300 3528/261/303 4121/297/343
f 3528/261/303 3525/299/347 4121/297/343
f 4150/5160/349 253/294/344 254/295/346 234/256/297
f 256/300/350 40/257/298 234/256/297 254/295/346
f 40/257/298 256/300/350 257/301/351 238/265/299
f 371/501/230 78/266/308 238/265/299 257/301/351
f 256/300/350 254/295/346 77/197/228 197/196/229
f 257/301/351 256/300/350 197/196/229 371/501/230
f 261/305/243 205/207/238 259/303/240 27/245/285
f 227/243/280 259/303/240 260/304/247 38/244/282
f 263/306/352 262/307/353 264/308/354 20/309/355
f 265/310/356 31/221/259 262/307/353 60/312/357
f 31/221/259 264/308/354 262/307/353
f 60/312/357 262/307/353 189/311/358 4390/5261/359
f 262/307/353 263/306/352 189/311/358
f 189/311/358 263/306/352 33/313/360 4402/5263/361
f 45/287/332 266/314/362 267/315/363 284/360/364
f 266/314/362 45/287/332 251/286/329 4154/322/365
f 267/315/363 266/314/362 268/316/366
f 267/315/363 268/316/366 46/317/367 283/359/368
f 4123/318/369 4284/319/370 4279/320/371 3564/321/372
f 4152/323/328 4122/324/373 4154/322/365 251/286/329
f 4122/324/373 4152/323/328 4120/291/339 3554/4654/374
f 4306/329/375 270/325/376 271/326/377 268/316/366
f 46/317/367 268/316/366 271/326/377 286/362/378
f 232/252/294 48/255/295 270/325/376 4156/5165/379
f 271/326/377 270/325/376 48/255/295 239/268/312
f 4149/5162/291 4124/327/380 3563/328/381 4117/262/305
f 6358/4661/382 3514/263/306 4117/262/305 3563/328/381
f 4306/329/375 4155/330/383 4123/318/369 4305/331/384
f 4698/333/385 275/334/386 4690/332/387 4484/5328/388
f 275/334/386 85/335/389 4690/332/387
f 6096/336/390 275/334/386 4698/333/385
f 6142/337/391 6096/336/390 4698/333/385 4492/5327/392
f 5943/338/393 5889/339/394 6347/340/395 5904/341/396
f 4374/342/397 4370/343/398 4393/344/399 4398/345/158
f 277/346/400 213/219/257 31/221/259 265/310/356
f 213/219/257 277/346/400 278/347/401 107/220/258
f 277/346/400 175/154/183 89/153/181 278/347/401
f 277/346/400 265/310/356 60/312/357
f 175/154/183 277/346/400 60/312/357 4399/151/178
f 217/226/264 4403/348/268 4391/349/402 63/227/265
f 4699/350/403 281/351/404 64/352/405 4688/353/406
f 281/351/404 4699/350/403 4687/354/407 55/355/408
f 4387/358/409 4364/356/410 4379/357/411 4403/348/268
f 283/359/368 246/277/321 49/281/325
f 283/359/368 49/281/325 284/360/364 267/315/363
f 246/277/321 283/359/368 285/361/412 51/278/322
f 46/317/367 285/361/412 283/359/368
f 285/361/412 286/362/378 287/363/413 51/278/322
f 286/362/378 239/268/312 50/269/313 287/363/413
f 239/268/312 286/362/378 271/326/377
f 286/362/378 285/361/412 46/317/367
f 289/365/414 74/143/166 288/364/415 290/366/416
f 74/143/166 200/200/170 288/364/415
f 290/366/416 52/367/417 289/365/414
f 291/368/418 53/369/419 288/364/415 200/200/170
f 53/369/419 290/366/416 288/364/415
f 200/200/170 66/201/233 291/368/418
f 292/370/420 170/140/163 289/365/414 52/367/417
f 170/140/163 74/143/166 289/365/414
f 292/370/420 293/371/319 83/141/167 170/140/163
f 293/371/319 292/370/420 294/372/421 56/373/422
f 52/367/417 294/372/421 292/370/420
f 296/375/423 221/233/271 295/374/275 67/377/424
f 65/234/272 221/233/271 296/375/423 337/455/425
f 295/374/275 297/376/426 67/377/424
f 298/378/427 297/376/426 295/374/275 19/236/274
f 297/376/426 298/378/427 36/379/428 4404/394/429
f 299/380/430 301/381/431 61/382/432
f 300/383/433 299/380/430 61/382/432 326/433/434
f 301/381/431 299/380/430 215/225/263 62/224/262
f 299/380/430 302/384/435 54/230/269 215/225/263
f 302/384/435 299/380/430 300/383/433 53/369/419
f 303/385/436 243/274/317 293/371/319 56/373/422
f 303/385/436 304/386/437 84/275/318 243/274/317
f 304/386/437 303/385/436 305/387/438 57/283/327
f 56/373/422 305/387/438 303/385/436
f 304/386/437 306/388/439 307/389/440 84/275/318
f 306/388/439 287/363/413 50/269/313 307/389/440
f 287/363/413 306/388/439 245/279/323 51/278/322
f 306/388/439 304/386/437 57/283/327 245/279/323
f 308/390/441 310/391/442 29/392/443 309/393/444
f 310/391/442 308/390/441 298/378/427 19/236/274
f 36/379/428 308/390/441 180/161/190 4388/401/445
f 36/379/428 298/378/427 308/390/441
f 180/161/190 308/390/441 309/393/444 34/162/191
f 4404/394/429 4392/395/446 297/376/426
f 67/377/424 297/376/426 4392/395/446 4406/5270/447
f 4483/396/448 4494/397/449 4700/398/450 4689/399/451
f 311/400/452 181/165/195 4477/169/198 4494/397/449
f 36/379/428 4388/401/445 4404/394/429
f 315/402/453 314/403/454 316/404/455 92/405/456
f 5907/406/457 6035/407/458 6034/408/459 5906/409/460
f 4127/410/461 5887/411/462 5883/412/463 3466/413/464
f 4125/414/465 4126/415/466 3612/416/467 3611/417/468
f 118/21/25 97/24/16 6333/418/469 6227/420/26
f 6333/418/469 97/24/16 319/419/470 6331/424/471
f 5970/421/472 5965/422/473 37/423/474
f 167/137/162 5970/421/472 37/423/474 5867/5265/475
f 319/419/470 106/425/476 6331/424/471
f 103/428/477 321/426/478 323/427/479 353/483/480
f 321/426/478 103/428/477 322/429/481 104/431/482
f 323/427/479 321/426/478 309/393/444 29/392/443
f 34/162/191 321/426/478 185/430/205 4401/174/203
f 34/162/191 309/393/444 321/426/478
f 185/430/205 321/426/478 104/431/482 4395/175/204
f 326/433/434 61/382/432 324/432/152 327/435/483
f 325/434/484 324/432/152 61/382/432 301/381/431
f 327/435/483 73/436/485 326/433/434
f 327/435/483 324/432/152 21/129/151 360/490/486
f 162/125/147 324/432/152 325/434/484
f 25/126/148 162/125/147 325/434/484 339/457/487
f 328/437/488 263/306/352 20/309/355 329/438/489
f 263/306/352 328/437/488 330/439/490 33/313/360
f 328/437/488 216/223/261 63/227/265 330/439/490
f 216/223/261 328/437/488 329/438/489 62/224/262
f 331/440/491 302/384/435 291/368/418 66/201/233
f 302/384/435 53/369/419 291/368/418
f 332/441/492 54/230/269 331/440/491 220/232/270
f 54/230/269 302/384/435 331/440/491
f 220/232/270 65/234/272 332/441/492
f 66/201/233 220/232/270 331/440/491
f 4381/443/493 333/442/494 188/183/214 4362/186/216
f 4701/444/495 334/445/496 18/446/497 4684/447/498
f 4495/448/499 333/442/494 280/449/500 4482/450/501
f 4391/349/402 4368/451/502 4381/443/493 4405/452/503
f 75/123/145 335/453/89 336/454/245 163/128/149
f 75/123/145 159/122/143 335/453/89
f 336/454/245 335/453/89 204/206/241
f 136/74/84 335/453/89 159/122/143 9/69/80
f 337/455/425 218/228/266 332/441/492 65/234/272
f 218/228/266 54/230/269 332/441/492
f 338/456/504 35/229/267 337/455/425 296/375/423
f 35/229/267 218/228/266 337/455/425
f 338/456/504 296/375/423 67/377/424 4406/5270/447
f 340/458/505 25/126/148 339/457/487 329/438/489
f 340/458/505 329/438/489 20/309/355 349/479/254
f 339/457/487 301/381/431 62/224/262 329/438/489
f 301/381/431 339/457/487 325/434/484
f 4382/461/506 341/459/507 282/460/508 4364/356/410
f 282/460/508 341/459/507 4496/462/509 4481/463/510
f 4702/464/511 4496/462/509 4483/396/448 4689/399/451
f 4369/466/512 312/465/513 341/459/507 4382/461/506
f 5870/467/514 5908/468/515 5907/406/457 6343/469/516
f 345/471/517 92/405/456 343/470/518 111/8/8
f 92/405/456 316/404/455 343/470/518
f 111/8/8 102/7/7 345/471/517
f 5868/2/2 5870/472/514 344/473/519 69/3/3
f 347/474/520 346/475/18 123/46/50 101/45/49
f 6226/476/521 123/46/50 346/475/18 6228/477/522
f 344/473/519 5971/478/523 5966/20/23 69/3/3
f 346/475/18 347/474/520 99/16/17
f 20/309/355 264/308/354 349/479/254
f 340/458/505 349/479/254 161/127/150 25/126/148
f 72/120/141 161/127/150 349/479/254
f 349/479/254 264/308/354 31/221/259 210/214/251
f 350/480/223 310/391/442 19/236/274
f 350/480/223 19/236/274 222/235/273 192/189/221
f 310/391/442 350/480/223 351/481/524 29/392/443
f 76/117/136 351/481/524 350/480/223
f 222/235/273 26/193/222 192/189/221
f 352/482/250 323/427/479 29/392/443 351/481/524
f 353/483/480 323/427/479 352/482/250 94/213/248
f 207/211/139 352/482/250 351/481/524 76/117/136
f 354/484/76 127/57/65 7/56/63 157/121/144
f 354/484/76 355/485/525 98/65/74
f 355/485/525 354/484/76 211/216/253 108/218/256
f 211/216/253 354/484/76 157/121/144 72/120/141
f 326/433/434 73/436/485 356/486/526 300/383/433
f 357/487/527 356/486/526 73/436/485 359/489/528
f 356/486/526 290/366/416 53/369/419 300/383/433
f 290/366/416 356/486/526 357/487/527 52/367/417
f 358/488/529 359/489/528 73/436/485
f 358/488/529 73/436/485 327/435/483 360/490/486
f 224/240/279 359/489/528 358/488/529 27/245/285
f 224/240/279 79/239/278 359/489/528
f 27/245/285 358/488/529 360/490/486 261/305/243
f 336/454/245 82/208/244 361/491/530 163/128/149
f 361/491/530 82/208/244 261/305/243 360/490/486
f 361/491/530 360/490/486 21/129/151 163/128/149
f 362/492/131 258/302/345 12/111/130
f 258/302/345 362/492/131 196/195/225 77/197/228
f 362/492/131 154/114/122 70/116/137 196/195/225
f 154/114/122 362/492/131 149/104/121
f 363/493/531 364/494/532 294/372/421 52/367/417
f 56/373/422 294/372/421 364/494/532 365/495/533
f 359/489/528 79/239/278 363/493/531 357/487/527
f 79/239/278 364/494/532 363/493/531
f 52/367/417 357/487/527 363/493/531
f 365/495/533 305/387/438 56/373/422
f 305/387/438 365/495/533 248/282/326 57/283/327
f 365/495/533 225/238/277 80/242/283 248/282/326
f 225/238/277 365/495/533 364/494/532 79/239/278
f 242/272/316 366/496/311 367/497/310 39/273/315
f 366/496/311 307/389/440 50/269/313
f 366/496/311 242/272/316 84/275/318 307/389/440
f 81/209/246 368/498/333 369/499/534 260/304/247
f 250/284/330 368/498/333 81/209/246 202/205/239
f 284/360/364 369/499/534 368/498/333 45/287/332
f 284/360/364 49/281/325 369/499/534
f 370/500/284 226/241/281 260/304/247 369/499/534
f 226/241/281 38/244/282 260/304/247
f 370/500/284 247/280/324 80/242/283
f 247/280/324 370/500/284 369/499/534 49/281/325
f 371/501/230 241/271/314 367/497/310 78/266/308
f 241/271/314 39/273/315 367/497/310
f 373/502/249 372/503/535 353/483/480 94/213/248
f 372/503/535 374/504/536 103/428/477 353/483/480
f 374/504/536 372/503/535 112/6/6 105/10/10
f 112/6/6 372/503/535 373/502/249 102/7/7
f 115/13/15 99/16/17 375/505/537 377/507/538
f 376/506/539 375/505/537 99/16/17 347/474/520
f 97/24/16 115/13/15 377/507/538 392/539/540
f 375/505/537 212/217/255 107/220/258
f 377/507/538 375/505/537 107/220/258 392/539/540
f 212/217/255 375/505/537 376/506/539 108/218/256
f 119/26/29 4383/508/541 378/509/542 4487/37/41
f 119/26/29 4373/25/28 4383/508/541
f 4703/510/543 380/511/544 90/512/545
f 4703/510/543 90/512/545 4693/38/42 4497/5334/546
f 4692/155/184 380/511/544 4703/510/543 4486/156/185
f 4692/155/184 88/513/547 380/511/544
f 176/514/548 378/509/542 4383/508/541
f 4371/515/182 176/514/548 4394/152/180
f 4394/152/180 176/514/548 4383/508/541 4407/5271/549
f 124/44/48 4131/517/550 381/516/551 383/519/552
f 4099/50/54 4160/518/553 381/516/551 4131/517/550
f 101/45/49 124/44/48 383/519/552 393/541/554
f 383/519/552 381/516/551 130/63/72 98/65/74
f 4134/64/75 130/63/72 381/516/551 4128/5171/555
f 4128/5171/555 381/516/551 4160/518/553
f 4109/521/556 3490/522/557 4161/526/558 384/524/559
f 4129/520/560 4161/526/558 3490/522/557 3668/4605/561
f 3488/523/562 4129/520/560 3668/4605/561 3670/4687/563
f 4141/89/105 384/524/559 386/525/102 142/86/101
f 384/524/559 315/402/453 92/405/456
f 386/525/102 384/524/559 92/405/456 345/471/517
f 315/402/453 384/524/559 4161/526/558
f 4129/520/560 4158/527/564 315/402/453 4161/526/558
f 322/429/481 374/504/536 387/528/565 388/529/566
f 322/429/481 103/428/477 374/504/536
f 388/529/566 104/431/482 322/429/481
f 387/528/565 165/130/154 86/133/157 388/529/566
f 165/130/154 387/528/565 374/504/536 105/10/10
f 389/530/567 184/531/568 4372/172/201 4384/532/569
f 184/531/568 389/530/567 4498/533/570 4485/534/571
f 4690/332/387 85/335/389 4704/535/572 4498/533/570
f 85/335/389 390/536/573 4704/535/572
f 274/537/574 389/530/567 4384/532/569 4370/343/398
f 208/212/103 96/87/100 391/538/575 373/502/249
f 391/538/575 96/87/100 386/525/102 345/471/517
f 391/538/575 345/471/517 102/7/7 373/502/249
f 319/419/470 97/24/16 392/539/540 106/425/476
f 392/539/540 379/540/576 106/425/476
f 379/540/576 392/539/540 278/347/401 89/153/181
f 278/347/401 392/539/540 107/220/258
f 4407/5271/549 379/540/576 89/153/181 4394/152/180
f 347/474/520 101/45/49 393/541/554 376/506/539
f 393/541/554 355/485/525 108/218/256 376/506/539
f 393/541/554 383/519/552 98/65/74 355/485/525
f 1068/542/577 1070/543/578 423/544/579 1069/545/580
f 1070/543/578 1068/542/577 1071/546/581 424/547/582
f 1068/542/577 1072/548/583 397/549/584 1071/546/581
f 1072/548/583 1068/542/577 1069/545/580 400/550/585
f 4823/551/586 1073/552/587 1075/553/588 4824/554/589
f 1073/552/587 1076/555/590 444/556/591 1075/553/588
f 1076/555/590 1073/552/587 1077/557/592 398/558/593
f 4823/551/586 4788/559/594 4793/560/595 4825/561/596
f 1078/562/597 1080/563/598 426/564/599 1079/565/600
f 1069/545/580 1080/563/598 1078/562/597 400/550/585
f 1069/545/580 423/544/579 1080/563/598
f 1078/562/597 1081/566/601 400/550/585
f 1081/566/601 1078/562/597 1079/565/600 411/567/602
f 1082/568/603 1084/569/604 428/570/605 1083/571/606
f 1084/569/604 1082/568/603 1079/565/600 426/564/599
f 1082/568/603 1085/572/607 411/567/602 1079/565/600
f 1085/572/607 1082/568/603 1083/571/606 410/573/608
f 1086/574/609 1088/575/610 430/576/611 1087/577/612
f 1088/575/610 1086/574/609 1083/571/606 428/570/605
f 1083/571/606 1086/574/609 1089/578/613 410/573/608
f 409/579/614 1089/578/613 1086/574/609 1087/577/612
f 1090/580/615 1092/581/616 432/582/617 1091/583/618
f 1092/581/616 1090/580/615 1087/577/612 430/576/611
f 1090/580/615 1093/584/619 409/579/614 1087/577/612
f 1093/584/619 1090/580/615 1091/583/618 408/585/620
f 1094/586/621 1096/587/622 434/588/623 1095/589/624
f 1096/587/622 1094/586/621 1091/583/618 432/582/617
f 1094/586/621 1097/590/625 408/585/620 1091/583/618
f 1097/590/625 1094/586/621 1095/589/624 407/591/626
f 1098/592/627 1100/593/628 436/594/629 1099/595/630
f 1100/593/628 1098/592/627 1095/589/624 434/588/623
f 1098/592/627 1101/596/631 407/591/626 1095/589/624
f 1101/596/631 1098/592/627 1099/595/630
f 406/597/632 1101/596/631 1099/595/630 1102/599/633
f 1103/598/634 1102/599/633 1104/600/635 438/601/636
f 1104/600/635 1102/599/633 1099/595/630 436/594/629
f 406/597/632 1102/599/633 1105/602/637 1622/1421/638
f 1102/599/633 1103/598/634 405/603/639
f 1105/602/637 1102/599/633 405/603/639 1625/1425/640
f 1107/604/641 1106/605/642 1108/606/643
f 440/607/644 1107/604/641 1108/606/643 1423/1102/645
f 1106/605/642 1103/598/634 438/601/636 1108/606/643
f 1103/598/634 1106/605/642 1109/608/646 405/603/639
f 1106/605/642 1107/604/641 404/609/647 1109/608/646
f 1110/610/648 1112/611/649 442/612/650 1111/613/651
f 1110/610/648 1107/604/641 440/607/644 1112/611/649
f 404/609/647 1110/610/648 1113/614/652 1628/1429/653
f 404/609/647 1107/604/641 1110/610/648
f 1110/610/648 1111/613/651 403/615/654
f 1113/614/652 1110/610/648 403/615/654 1631/1433/655
f 444/556/591 1114/616/656 1115/617/657 1455/1139/658
f 444/556/591 1076/555/590 1114/616/656
f 1111/613/651 442/612/650 1114/616/656 1116/618/659
f 442/612/650 1115/617/657 1114/616/656
f 403/615/654 1111/613/651 1116/618/659 1632/1435/660
f 1114/616/656 1076/555/590 398/558/593 1116/618/659
f 5618/3088/661 401/621/662 6475/619/663 1119/620/664
f 6468/622/665 6475/619/663 401/621/662 5479/6395/666
f 5631/624/667 5503/625/668 5689/6600/669
f 5629/623/670 5689/6600/669 5503/625/668 5473/6470/671
f 5512/626/672 5629/623/670 5473/6470/671 6475/6471/663
f 1117/628/673 1121/629/674 1120/627/675 5691/6603/676
f 422/630/677 1120/627/675 1121/629/674 1166/735/678
f 1117/628/673 1118/631/679 421/632/680 1121/629/674
f 5496/636/681 6476/633/682 1124/634/683 4827/635/684
f 1122/637/685 1125/638/686 5694/639/687 5692/640/688
f 1122/637/685 1126/641/689 441/642/690 1125/638/686
f 1126/641/689 1122/637/685 4826/643/691 4828/644/692
f 5635/646/693 5602/648/694 5636/645/695 5696/6606/696
f 5602/648/694 5635/646/693 5607/647/697 5479/6528/666
f 1127/649/698 1118/631/679 5690/650/699
f 5630/6386/700 5695/651/701 1127/649/698 5690/650/699
f 1118/631/679 1127/649/698 1130/652/702 421/632/680
f 1130/652/702 1127/649/698 1128/653/703 420/654/704
f 5637/656/705 5603/658/706 5638/655/707 5698/6399/708
f 5603/658/706 5637/656/705 5608/657/709 6477/6652/710
f 5608/657/709 5637/656/705 5636/645/695 5602/648/694
f 1131/659/711 1134/660/712 420/654/704 1128/653/703
f 1134/660/712 1131/659/711 1132/661/713
f 425/662/714 1134/660/712 1132/661/713 1135/664/715
f 1136/663/716 1135/664/715 5699/665/717
f 5700/666/718 1136/663/716 5699/665/717 5639/6513/719
f 6478/667/720 6470/668/721 412/669/722 1137/670/723
f 1135/664/715 1138/671/724 425/662/714
f 1138/671/724 1135/664/715 1136/663/716 427/672/725
f 1139/674/726 5701/675/727 1140/673/728 1142/677/729
f 5701/675/727 5702/676/730 1140/673/728
f 1139/674/726 1136/663/716 5700/666/718
f 5701/675/727 1139/674/726 5700/666/718 5640/6584/731
f 1139/674/726 1142/677/729 427/672/725 1136/663/716
f 1142/677/729 1140/673/728 429/678/732 1183/760/733
f 1145/680/734 5565/3142/735 415/681/736 6480/679/737
f 415/681/736 5475/682/738 6480/679/737
f 1140/673/728 5703/683/739 1143/684/740 429/678/732
f 5642/6587/741 5703/683/739 1140/673/728 5702/676/730
f 1146/685/742 429/678/732 1143/684/740 1144/686/743
f 431/687/744 1146/685/742 1144/686/743 1150/695/745
f 6481/688/746 1149/689/747 416/690/748 5476/691/749
f 1144/686/743 5704/693/750 1147/692/751 1150/695/745
f 5644/6404/752 5705/694/753 1147/692/751 5704/693/750
f 1150/695/745 1147/692/751 1148/696/754 433/697/755
f 1152/698/756 1151/699/757 5707/700/758 5647/6483/759
f 5708/701/760 1152/698/756 5647/6483/759 5516/6413/761
f 6482/702/762 5476/691/749 416/690/748 5556/6542/763
f 1153/703/764 6482/702/762 5556/6542/763 5567/6543/765
f 1151/699/757 1154/704/766 433/697/755 1148/696/754
f 1151/699/757 1152/698/756 435/705/767 1154/704/766
f 1156/706/768 1155/707/769 5709/708/770
f 5710/709/771 1156/706/768 5649/712/772 5517/6485/773
f 5649/712/772 1156/706/768 5709/708/770
f 5508/710/774 5517/711/773 5649/712/772
f 5709/708/770 5648/713/775 5508/710/774 5649/712/772
f 1155/707/769 1158/714/776 435/705/767 1152/698/756
f 1158/714/776 1155/707/769 1156/706/768 437/715/777
f 6483/716/778 1161/717/779 419/718/780 6473/719/781
f 1161/717/779 6483/716/778 6472/720/782 418/721/783
f 1162/723/784 437/715/777 1159/722/785 1160/724/786
f 437/715/777 1156/706/768 1159/722/785
f 439/725/787 1162/723/784 1160/724/786 1163/732/788
f 5634/726/789 5653/727/790 5610/728/791 5601/729/792
f 1164/731/793 5481/730/794 6473/719/781 419/718/780
f 1163/732/788 1165/733/795 439/725/787
f 1165/733/795 1163/732/788 1125/638/686 441/642/690
f 1167/734/796 1166/735/678 1168/736/797 463/737/798
f 452/739/799 1166/735/678 1169/738/800 1174/748/801
f 452/739/799 1168/736/797 1166/735/678
f 1169/738/800 1166/735/678 1121/629/674 421/632/680
f 1166/735/678 1167/734/796 422/630/677
f 1170/740/802 1172/741/803 517/742/804 1171/743/805
f 4830/744/806 4829/745/807 4768/746/808 4769/747/809
f 1170/740/802 1126/641/689 4828/644/692 4829/745/807
f 1126/641/689 1170/740/802 1171/743/805 441/642/690
f 1175/749/810 452/739/799 1174/748/801 1176/750/811
f 446/751/812 1175/749/810 1176/750/811 1177/752/813
f 1130/652/702 420/654/704 1174/748/801 421/632/680
f 1176/750/811 1174/748/801 420/654/704 1134/660/712
f 1174/748/801 1169/738/800 421/632/680
f 446/751/812 1177/752/813 1178/753/814 1261/880/815
f 1178/753/814 1177/752/813 1179/754/816
f 1178/753/814 1179/754/816 445/755/817 1279/904/818
f 1177/752/813 1134/660/712 425/662/714 1179/754/816
f 1134/660/712 1177/752/813 1176/750/811
f 1180/756/819 1181/757/820 445/755/817 1179/754/816
f 1181/757/820 1180/756/819 1182/758/821
f 1181/757/820 1182/758/821 469/759/822 1300/932/823
f 1180/756/819 1138/671/724 427/672/725 1182/758/821
f 1138/671/724 1180/756/819 1179/754/816 425/662/714
f 469/759/822 1183/760/733 1184/761/824 1302/934/825
f 1183/760/733 469/759/822 1182/758/821 1142/677/729
f 1184/761/824 1183/760/733 1185/762/826 475/763/827
f 429/678/732 1185/762/826 1183/760/733
f 1182/758/821 427/672/725 1142/677/729
f 1186/764/828 1187/765/829 475/763/827 1185/762/826
f 1187/765/829 1186/764/828 1188/766/830 482/767/831
f 1186/764/828 1146/685/742 431/687/744 1188/766/830
f 1146/685/742 1186/764/828 1185/762/826 429/678/732
f 1189/768/832 1190/769/833 482/767/831 1188/766/830
f 1190/769/833 1189/768/832 1191/770/834
f 1190/769/833 1191/770/834 489/771/835 1364/1023/836
f 1189/768/832 1150/695/745 433/697/755 1191/770/834
f 1150/695/745 1189/768/832 1188/766/830 431/687/744
f 1191/770/834 1192/772/837 1193/773/838 489/771/835
f 1193/773/838 1192/772/837 1194/774/839
f 1193/773/838 1194/774/839 496/775/840 1386/1050/841
f 1192/772/837 1154/704/766 435/705/767 1194/774/839
f 1154/704/766 1192/772/837 1191/770/834 433/697/755
f 1195/776/842 1196/777/843 496/775/840 1194/774/839
f 1196/777/843 1195/776/842 1197/778/844 503/779/845
f 1195/776/842 1158/714/776 437/715/777 1197/778/844
f 1158/714/776 1195/776/842 1194/774/839 435/705/767
f 1198/780/846 1199/781/847 503/779/845 1197/778/844
f 1199/781/847 1198/780/846 1200/782/848 510/783/849
f 1198/780/846 1162/723/784 439/725/787 1200/782/848
f 1162/723/784 1198/780/846 1197/778/844 437/715/777
f 1201/784/850 1202/785/851 510/783/849 1200/782/848
f 1202/785/851 1201/784/850 1171/743/805 517/742/804
f 1201/784/850 1165/733/795 441/642/690 1171/743/805
f 1165/733/795 1201/784/850 1200/782/848 439/725/787
f 1204/786/852 1203/787/853 1205/788/854 462/789/855
f 1203/787/853 1206/790/856 453/791/857 1205/788/854
f 1206/790/856 1203/787/853 1168/736/797 452/739/799
f 1203/787/853 1204/786/852 463/737/798 1168/736/797
f 1208/792/858 1207/793/859 1209/794/860 461/795/861
f 1207/793/859 1210/796/862 454/797/863 1209/794/860
f 1210/796/862 1207/793/859 1205/788/854 453/791/857
f 462/789/855 1207/793/859 1208/792/858 1514/1262/864
f 462/789/855 1205/788/854 1207/793/859
f 1212/798/865 1211/799/866 1213/800/867 460/801/868
f 1211/799/866 1214/802/869 455/803/870 1213/800/867
f 1214/802/869 1211/799/866 1209/794/860 454/797/863
f 1211/799/866 1212/798/865 461/795/861 1209/794/860
f 1216/804/871 1215/805/872 1217/806/873 551/807/874
f 1218/808/875 572/809/876 1215/805/872 1219/810/877
f 572/809/876 1217/806/873 1215/805/872
f 573/811/878 1218/808/875 1219/810/877 1450/1134/879
f 1215/805/872 1216/804/871 513/812/880
f 1219/810/877 1215/805/872 513/812/880 1375/1037/881
f 1221/816/882 1220/813/883 1222/814/884 459/815/885
f 1220/813/883 1223/817/886 456/818/887 1222/814/884
f 1223/817/886 1220/813/883 1213/800/867 455/803/870
f 460/801/868 1220/813/883 1221/816/882 1504/1245/888
f 460/801/868 1213/800/867 1220/813/883
f 1224/819/889 1226/820/890 458/821/891 1225/822/892
f 1226/820/890 1224/819/889 1227/823/893
f 457/824/894 1226/820/890 1227/823/893 1274/898/895
f 1224/819/889 1222/814/884 456/818/887 1227/823/893
f 1222/814/884 1224/819/889 1225/822/892 459/815/885
f 1228/825/896 1070/543/578 424/547/582
f 1229/826/897 1228/825/896 424/547/582 1494/1228/898
f 1070/543/578 1228/825/896 1230/827/899 423/544/579
f 1228/825/896 1226/820/890 457/824/894 1230/827/899
f 1226/820/890 1228/825/896 1229/826/897 458/821/891
f 1231/828/900 1233/829/901 518/830/902 1232/831/903
f 4832/832/904 4831/833/905 4784/834/906 4778/835/907
f 4831/833/905 4830/744/806 4769/747/809 4784/834/906
f 1172/741/803 1231/828/900 1232/831/903 517/742/804
f 1235/836/908 1237/837/909 519/838/910 1236/839/911
f 4834/840/912 4833/841/913 4799/842/914 4794/843/915
f 4833/841/913 4832/832/904 4778/835/907 4799/842/914
f 1233/829/901 1235/836/908 1236/839/911 518/830/902
f 1239/844/916 1241/845/917 521/846/918
f 1240/847/919 1239/844/916 521/846/918 1449/1133/920
f 1241/845/917 1239/844/916 4835/848/921 4836/849/922
f 4835/848/921 4834/840/912 4794/843/915 4791/850/923
f 1237/837/909 1239/844/916 1240/847/919 519/838/910
f 1243/851/924 1245/852/925 572/809/876 1244/853/926
f 1243/851/924 1246/854/927 571/855/928 1245/852/925
f 1243/851/924 1247/856/929 564/857/930 1246/854/927
f 1247/856/929 1243/851/924 1244/853/926 565/858/931
f 1248/859/932 1250/860/933 522/861/934 1249/862/935
f 1250/860/933 1248/859/932 4837/863/936 4838/864/937
f 4837/863/936 4836/849/922 4789/865/938 4752/866/939
f 1241/845/917 1248/859/932 1249/862/935
f 521/846/918 1241/845/917 1249/862/935 1451/1135/940
f 1254/869/941 1253/867/942 1252/868/943 4840/874/944
f 1253/867/942 1254/869/941 523/870/945 1453/1137/946
f 4839/871/947 4765/872/948 4766/873/949 4840/874/944
f 1250/860/933 4839/871/947 1252/868/943 522/861/934
f 1250/860/933 4838/864/937 4839/871/947
f 522/861/934 1252/868/943 1253/867/942 1452/1136/950
f 1257/875/951 1256/876/952 1075/553/588
f 1257/875/951 1075/553/588 444/556/591 1455/1139/658
f 4824/554/589 1075/553/588 1256/876/952 4841/877/953
f 4841/877/953 1256/876/952 1254/869/941 4840/874/944
f 523/870/945 1256/876/952 1257/875/951 1454/1138/954
f 523/870/945 1254/869/941 1256/876/952
f 1206/790/856 1259/878/955 1260/879/956 453/791/857
f 1260/879/956 1259/878/955 1261/880/815
f 447/881/957 1260/879/956 1261/880/815 1279/904/818
f 1259/878/955 1175/749/810 446/751/812 1261/880/815
f 1259/878/955 1206/790/856 452/739/799 1175/749/810
f 1210/796/862 1262/882/958 1263/883/959 454/797/863
f 1262/882/958 1264/884/960 448/885/961 1263/883/959
f 1262/882/958 1260/879/956 447/881/957
f 1264/884/960 1262/882/958 447/881/957 1280/905/962
f 1262/882/958 1210/796/862 453/791/857 1260/879/956
f 1214/802/869 1265/886/963 1266/887/964 455/803/870
f 1266/887/964 1265/886/963 1267/888/965 449/889/966
f 1265/886/963 1263/883/959 448/885/961 1267/888/965
f 1263/883/959 1265/886/963 1214/802/869 454/797/863
f 1218/808/875 573/811/878 1268/890/967 1244/853/926
f 1269/891/968 1268/890/967 573/811/878 1290/917/969
f 1244/853/926 572/809/876 1218/808/875
f 1268/890/967 1270/892/970 565/858/931 1244/853/926
f 1270/892/970 1268/890/967 1269/891/968
f 566/893/971 1270/892/970 1269/891/968 1288/916/972
f 1223/817/886 1271/894/973 1272/895/974 456/818/887
f 450/897/975 1272/895/974 1271/894/973 1273/896/976
f 1273/896/976 1271/894/973 1266/887/964 449/889/966
f 1271/894/973 1223/817/886 455/803/870 1266/887/964
f 1275/899/977 457/824/894 1274/898/895 1276/900/978
f 451/901/979 1275/899/977 1276/900/978 1295/926/980
f 1272/895/974 450/897/975 1274/898/895 1227/823/893
f 1276/900/978 1274/898/895 450/897/975 1293/923/981
f 1227/823/893 456/818/887 1272/895/974
f 1277/902/982 1080/563/598 423/544/579 1230/827/899
f 1080/563/598 1277/902/982 1278/903/983 426/564/599
f 1277/902/982 1275/899/977 451/901/979 1278/903/983
f 1275/899/977 1277/902/982 1230/827/899 457/824/894
f 1279/904/818 1280/905/962 447/881/957
f 464/907/984 1280/905/962 1279/904/818 1281/906/985
f 445/755/817 1281/906/985 1279/904/818
f 1178/753/814 1279/904/818 1261/880/815
f 1282/908/986 1283/909/987 448/885/961
f 1282/908/986 448/885/961 1264/884/960 1280/905/962
f 465/911/988 1283/909/987 1282/908/986 1284/910/989
f 1284/910/989 1282/908/986 1280/905/962 464/907/984
f 1285/912/990 1286/913/991 449/889/966 1267/888/965
f 1286/913/991 1285/912/990 1287/914/992 466/915/993
f 1283/909/987 1287/914/992 1285/912/990 448/885/961
f 1287/914/992 1283/909/987 465/911/988
f 448/885/961 1285/912/990 1267/888/965
f 1290/917/969 574/918/994 1288/916/972 1269/891/968
f 1288/916/972 574/918/994 1289/919/995 1291/920/996
f 566/893/971 1288/916/972 1291/920/996 1557/1322/997
f 1291/920/996 1289/919/995 567/921/998 1558/1323/999
f 1292/922/1000 1293/923/981 450/897/975 1273/896/976
f 1293/923/981 1292/922/1000 1294/924/1001
f 467/925/1002 1293/923/981 1294/924/1001 1313/950/1003
f 1292/922/1000 1286/913/991 466/915/993 1294/924/1001
f 1286/913/991 1292/922/1000 1273/896/976 449/889/966
f 1296/927/1004 451/901/979 1295/926/980 1297/928/1005
f 1296/927/1004 1297/928/1005 468/929/1006 1298/930/1007
f 1293/923/981 467/925/1002 1295/926/980 1276/900/978
f 1297/928/1005 1295/926/980 467/925/1002 1314/951/1008
f 1298/930/1007 1084/569/604 426/564/599 1278/903/983
f 1084/569/604 1298/930/1007 1299/931/1009 428/570/605
f 468/929/1006 1299/931/1009 1298/930/1007
f 1296/927/1004 1298/930/1007 1278/903/983 451/901/979
f 1281/906/985 1300/932/823 1301/933/1010 464/907/984
f 1300/932/823 1302/934/825 470/935/1011 1301/933/1010
f 469/759/822 1302/934/825 1300/932/823
f 445/755/817 1181/757/820 1300/932/823 1281/906/985
f 1284/910/989 1303/936/1012 1304/937/1013 465/911/988
f 1304/937/1013 1303/936/1012 1305/938/1014 471/939/1015
f 1305/938/1014 1303/936/1012 1301/933/1010 470/935/1011
f 464/907/984 1301/933/1010 1303/936/1012 1284/910/989
f 1306/940/1016 1307/941/1017 466/915/993 1287/914/992
f 1306/940/1016 1308/942/1018 472/943/1019 1307/941/1017
f 1306/940/1016 1304/937/1013 471/939/1015 1308/942/1018
f 1304/937/1013 1306/940/1016 1287/914/992 465/911/988
f 1309/944/1020 1311/945/1021 535/946/1022
f 1309/944/1020 535/946/1022 1310/947/1023 1312/948/1024
f 1289/919/995 1311/945/1021 1309/944/1020 567/921/998
f 1311/945/1021 1289/919/995 574/918/994 1433/1115/1025
f 1309/944/1020 1312/948/1024 567/921/998
f 1312/948/1024 1310/947/1023 537/949/1026 1531/1283/1027
f 1314/951/1008 467/925/1002 1313/950/1003 1315/952/1028
f 1315/952/1028 473/953/1029 1314/951/1008
f 1315/952/1028 1313/950/1003 1307/941/1017 472/943/1019
f 1313/950/1003 1294/924/1001 466/915/993 1307/941/1017
f 1316/954/1030 1317/955/1031 468/929/1006 1297/928/1005
f 1317/955/1031 1316/954/1030 1318/956/1032 474/957/1033
f 1316/954/1030 1314/951/1008 473/953/1029 1318/956/1032
f 1314/951/1008 1316/954/1030 1297/928/1005
f 1319/958/1034 1088/575/610 428/570/605 1299/931/1009
f 1088/575/610 1319/958/1034 1320/959/1035 430/576/611
f 1319/958/1034 1317/955/1031 474/957/1033 1320/959/1035
f 1317/955/1031 1319/958/1034 1299/931/1009 468/929/1006
f 1321/960/1036 1322/961/1037 470/935/1011
f 1321/960/1036 470/935/1011 1302/934/825 1184/761/824
f 1322/961/1037 1321/960/1036 1323/962/1038 476/963/1039
f 1321/960/1036 1184/761/824 475/763/827 1323/962/1038
f 1324/964/1040 1325/965/1041 471/939/1015 1305/938/1014
f 1325/965/1041 1324/964/1040 1326/966/1042 477/967/1043
f 1324/964/1040 1322/961/1037 476/963/1039 1326/966/1042
f 1322/961/1037 1324/964/1040 1305/938/1014 470/935/1011
f 1308/942/1018 1327/968/1044 1328/969/1045 472/943/1019
f 479/971/1046 1328/969/1045 1327/968/1044 1329/970/1047
f 1327/968/1044 1325/965/1041 477/967/1043 1329/970/1047
f 1325/965/1041 1327/968/1044 1308/942/1018 471/939/1015
f 1330/972/1048 1332/973/1049 533/974/1050 1331/975/1051
f 1332/973/1049 1330/972/1048 1333/976/1052 485/977/1053
f 1330/972/1048 1334/978/1054 492/979/1055 1333/976/1052
f 1334/978/1054 1330/972/1048 1331/975/1051 534/980/1056
f 1315/952/1028 1335/981/1057 1336/982/1058 473/953/1029
f 1336/982/1058 1335/981/1057 1337/983/1059 480/984/1060
f 1337/983/1059 1335/981/1057 1328/969/1045 479/971/1046
f 472/943/1019 1328/969/1045 1335/981/1057 1315/952/1028
f 1338/985/1061 1339/986/1062 474/957/1033 1318/956/1032
f 1339/986/1062 1338/985/1061 1340/987/1063 481/988/1064
f 1338/985/1061 1336/982/1058 480/984/1060 1340/987/1063
f 1336/982/1058 1338/985/1061 1318/956/1032 473/953/1029
f 1341/989/1065 1092/581/616 430/576/611 1320/959/1035
f 1092/581/616 1341/989/1065 1342/990/1066 432/582/617
f 1341/989/1065 1339/986/1062 481/988/1064 1342/990/1066
f 1339/986/1062 1341/989/1065 1320/959/1035 474/957/1033
f 1343/991/1067 1344/992/1068 476/963/1039 1323/962/1038
f 1344/992/1068 1343/991/1067 1345/993/1069 483/994/1070
f 1343/991/1067 1187/765/829 1345/993/1069
f 1345/993/1069 1187/765/829 482/767/831 1364/1023/836
f 1187/765/829 1343/991/1067 1323/962/1038 475/763/827
f 1326/966/1042 1346/995/1071 1347/996/1072 477/967/1043
f 484/998/1073 1347/996/1072 1346/995/1071 1348/997/1074
f 1348/997/1074 1346/995/1071 1344/992/1068 483/994/1070
f 1344/992/1068 1346/995/1071 1326/966/1042 476/963/1039
f 1329/970/1047 1349/999/1075 1350/1000/1076 479/971/1046
f 1350/1000/1076 1349/999/1075 1351/1001/1077 486/1002/1078
f 1351/1001/1077 1349/999/1075 1347/996/1072 484/998/1073
f 477/967/1043 1347/996/1072 1349/999/1075 1329/970/1047
f 1352/1003/1079 1354/1004/1080 506/1005/1081 1353/1006/1082
f 1354/1004/1080 1352/1003/1079 1355/1007/1083 485/977/1053
f 1355/1007/1083 1352/1003/1079 4167/1008/1084 4162/1009/1085
f 4167/1008/1084 4163/1010/1086 4209/1011/1087 4217/1012/1088
f 1357/1014/1089 1337/983/1059 1356/1013/1090 487/1016/1091
f 1337/983/1059 1357/1014/1089 480/984/1060
f 1358/1015/1092 487/1016/1091 1356/1013/1090
f 1356/1013/1090 1350/1000/1076 486/1002/1078 1358/1015/1092
f 1350/1000/1076 1356/1013/1090 1337/983/1059 479/971/1046
f 1359/1017/1093 1360/1018/1094 481/988/1064 1340/987/1063
f 1360/1018/1094 1359/1017/1093 1361/1019/1095 488/1020/1096
f 1359/1017/1093 1357/1014/1089 487/1016/1091 1361/1019/1095
f 1357/1014/1089 1359/1017/1093 1340/987/1063 480/984/1060
f 1096/587/622 432/582/617 1362/1021/1097 1363/1022/1098
f 432/582/617 1342/990/1066 1362/1021/1097
f 1363/1022/1098 434/588/623 1096/587/622
f 1360/1018/1094 488/1020/1096 1362/1021/1097 1342/990/1066
f 1363/1022/1098 1362/1021/1097 488/1020/1096 1380/1043/1099
f 1342/990/1066 481/988/1064 1360/1018/1094
f 1345/993/1069 1364/1023/836 1365/1024/1100 483/994/1070
f 1364/1023/836 1366/1025/1101 490/1026/1102 1365/1024/1100
f 489/771/835 1366/1025/1101 1364/1023/836
f 1364/1023/836 482/767/831 1190/769/833
f 1368/1028/1103 484/998/1073 1367/1027/1104 1369/1029/1105
f 484/998/1073 1348/997/1074 1367/1027/1104
f 1369/1029/1105 491/1030/1106 1368/1028/1103
f 1369/1029/1105 1367/1027/1104 1365/1024/1100 490/1026/1102
f 1367/1027/1104 1348/997/1074 483/994/1070 1365/1024/1100
f 486/1002/1078 1370/1031/1107 1371/1032/1108 1358/1015/1092
f 486/1002/1078 1351/1001/1077 1370/1031/1107
f 1371/1032/1108 1370/1031/1107 1372/1033/1109 493/1034/1110
f 1370/1031/1107 1368/1028/1103 491/1030/1106 1372/1033/1109
f 1368/1028/1103 1370/1031/1107 1351/1001/1077 484/998/1073
f 1354/1004/1080 1373/1035/1111 1374/1036/1112 506/1005/1081
f 1373/1035/1111 1375/1037/881 513/812/880 1374/1036/1112
f 1375/1037/881 1373/1035/1111 1333/976/1052 492/979/1055
f 1373/1035/1111 1354/1004/1080 485/977/1053 1333/976/1052
f 1376/1038/1113 1377/1039/1114 487/1016/1091
f 1376/1038/1113 487/1016/1091 1358/1015/1092 1371/1032/1108
f 1376/1038/1113 1378/1040/1115 494/1041/1116 1377/1039/1114
f 1376/1038/1113 1371/1032/1108 493/1034/1110 1378/1040/1115
f 1379/1042/1117 1380/1043/1099 488/1020/1096 1361/1019/1095
f 1380/1043/1099 1379/1042/1117 1381/1044/1118
f 495/1045/1119 1380/1043/1099 1381/1044/1118 1400/1073/1120
f 1379/1042/1117 1377/1039/1114 494/1041/1116 1381/1044/1118
f 1377/1039/1114 1379/1042/1117 1361/1019/1095 487/1016/1091
f 1382/1046/1121 1100/593/628 434/588/623 1363/1022/1098
f 1383/1047/1122 1100/593/628 1382/1046/1121 495/1045/1119
f 1383/1047/1122 436/594/629 1100/593/628
f 1380/1043/1099 495/1045/1119 1382/1046/1121 1363/1022/1098
f 1385/1049/1123 1366/1025/1101 1384/1048/1124 497/1051/1125
f 490/1026/1102 1366/1025/1101 1385/1049/1123 1387/1052/1126
f 1386/1050/841 497/1051/1125 1384/1048/1124 1193/773/838
f 1384/1048/1124 1366/1025/1101 489/771/835 1193/773/838
f 1387/1052/1126 1388/1053/1127 1369/1029/1105 490/1026/1102
f 491/1030/1106 1369/1029/1105 1388/1053/1127 1390/1056/1128
f 1388/1053/1127 1387/1052/1126 1389/1054/1129 498/1055/1130
f 1387/1052/1126 1385/1049/1123 497/1051/1125 1389/1054/1129
f 1372/1033/1109 1390/1056/1128 1391/1057/1131 493/1034/1110
f 1391/1057/1131 1390/1056/1128 1392/1058/1132 500/1059/1133
f 1390/1056/1128 1388/1053/1127 498/1055/1130 1392/1058/1132
f 1390/1056/1128 1372/1033/1109 491/1030/1106
f 1393/1060/1134 1395/1061/1135 527/1062/1136 1394/1063/1137
f 1395/1061/1135 1393/1060/1134 1353/1006/1082 506/1005/1081
f 4219/1064/1138 1396/1065/1139 499/1066/1140 4209/1011/1087
f 1396/1065/1139 4219/1064/1138 4211/1067/1141 520/1068/1142
f 1378/1040/1115 1397/1069/1143 1398/1070/1144 494/1041/1116
f 1398/1070/1144 1397/1069/1143 1399/1071/1145 501/1072/1146
f 1397/1069/1143 1391/1057/1131 500/1059/1133 1399/1071/1145
f 1391/1057/1131 1397/1069/1143 1378/1040/1115 493/1034/1110
f 1401/1074/1147 495/1045/1119 1400/1073/1120 1402/1075/1148
f 1401/1074/1147 1402/1075/1148 502/1076/1149 1403/1077/1150
f 1400/1073/1120 1398/1070/1144 501/1072/1146 1402/1075/1148
f 1398/1070/1144 1400/1073/1120 1381/1044/1118 494/1041/1116
f 1403/1077/1150 1104/600/635 436/594/629 1383/1047/1122
f 1104/600/635 1403/1077/1150 1404/1078/1151 438/601/636
f 1404/1078/1151 1403/1077/1150 502/1076/1149 1422/1101/1152
f 1401/1074/1147 1403/1077/1150 1383/1047/1122 495/1045/1119
f 1386/1050/841 1405/1079/1153 1406/1080/1154 497/1051/1125
f 1406/1080/1154 1405/1079/1153 1407/1081/1155 504/1082/1156
f 1405/1079/1153 1196/777/843 503/779/845 1407/1081/1155
f 1196/777/843 1405/1079/1153 1386/1050/841 496/775/840
f 1408/1083/1157 1409/1084/1158 498/1055/1130 1389/1054/1129
f 1409/1084/1158 1408/1083/1157 1410/1085/1159 505/1086/1160
f 1408/1083/1157 1406/1080/1154 504/1082/1156 1410/1085/1159
f 1406/1080/1154 1408/1083/1157 1389/1054/1129 497/1051/1125
f 1411/1087/1161 1412/1088/1162 500/1059/1133 1392/1058/1132
f 1412/1088/1162 1411/1087/1161 1413/1089/1163 507/1090/1164
f 1411/1087/1161 1409/1084/1158 505/1086/1160 1413/1089/1163
f 1409/1084/1158 1411/1087/1161 1392/1058/1132 498/1055/1130
f 1414/1091/1165 1415/1092/1166 1395/1061/1135 506/1005/1081
f 1415/1092/1166 527/1062/1136 1395/1061/1135
f 1414/1091/1165 1216/804/871 551/807/874
f 1415/1092/1166 1414/1091/1165 551/807/874 1579/1351/1167
f 1216/804/871 1414/1091/1165 1374/1036/1112 513/812/880
f 506/1005/1081 1374/1036/1112 1414/1091/1165
f 1416/1093/1168 1417/1094/1169 501/1072/1146 1399/1071/1145
f 1416/1093/1168 1418/1095/1170 508/1096/1171 1417/1094/1169
f 1416/1093/1168 1412/1088/1162 507/1090/1164 1418/1095/1170
f 1412/1088/1162 1416/1093/1168 1399/1071/1145 500/1059/1133
f 1402/1075/1148 1419/1097/1172 1420/1098/1173 502/1076/1149
f 1420/1098/1173 1419/1097/1172 1421/1099/1174 509/1100/1175
f 1419/1097/1172 1417/1094/1169 508/1096/1171 1421/1099/1174
f 1417/1094/1169 1419/1097/1172 1402/1075/1148 501/1072/1146
f 1404/1078/1151 1422/1101/1152 1108/606/643 438/601/636
f 1108/606/643 1422/1101/1152 1423/1102/645
f 1420/1098/1173 509/1100/1175 1422/1101/1152 502/1076/1149
f 1423/1102/645 1422/1101/1152 509/1100/1175 1442/1126/1176
f 1424/1103/1177 1425/1104/1178 504/1082/1156 1407/1081/1155
f 1425/1104/1178 1424/1103/1177 1426/1105/1179
f 1425/1104/1178 1426/1105/1179 511/1106/1180 1427/1107/1181
f 1424/1103/1177 1199/781/847 510/783/849 1426/1105/1179
f 1199/781/847 1424/1103/1177 1407/1081/1155 503/779/845
f 1427/1107/1181 1428/1108/1182 505/1086/1160 1410/1085/1159
f 1429/1109/1183 1428/1108/1182 1427/1107/1181 511/1106/1180
f 1429/1109/1183 512/1110/1184 1428/1108/1182
f 1425/1104/1178 1427/1107/1181 1410/1085/1159 504/1082/1156
f 1430/1111/1185 1431/1112/1186 507/1090/1164 1413/1089/1163
f 1431/1112/1186 1430/1111/1185 1432/1113/1187
f 514/1114/1188 1431/1112/1186 1432/1113/1187 1448/1132/1189
f 1430/1111/1185 1428/1108/1182 512/1110/1184 1432/1113/1187
f 1428/1108/1182 1430/1111/1185 1413/1089/1163 505/1086/1160
f 1334/978/1054 1433/1115/1025 1434/1116/1190 492/979/1055
f 1434/1116/1190 1433/1115/1025 574/918/994 1290/917/969
f 1311/945/1021 1433/1115/1025 1435/1117/1191 535/946/1022
f 1433/1115/1025 1334/978/1054 534/980/1056 1435/1117/1191
f 1418/1095/1170 1436/1118/1192 1437/1119/1193 508/1096/1171
f 515/1121/1194 1436/1118/1192 1438/1120/1195 1451/1135/940
f 515/1121/1194 1437/1119/1193 1436/1118/1192
f 1436/1118/1192 1431/1112/1186 514/1114/1188 1438/1120/1195
f 1431/1112/1186 1436/1118/1192 1418/1095/1170 507/1090/1164
f 1440/1123/1196 1421/1099/1174 1439/1122/1197 1441/1124/1198
f 1440/1123/1196 509/1100/1175 1421/1099/1174
f 516/1125/1199 1440/1123/1196 1441/1124/1198 1454/1138/954
f 1439/1122/1197 1437/1119/1193 515/1121/1194 1441/1124/1198
f 1439/1122/1197 1421/1099/1174 508/1096/1171 1437/1119/1193
f 1423/1102/645 1442/1126/1176 1112/611/649 440/607/644
f 1443/1127/1200 1112/611/649 1442/1126/1176 516/1125/1199
f 442/612/650 1112/611/649 1443/1127/1200 1115/617/657
f 1440/1123/1196 516/1125/1199 1442/1126/1176 509/1100/1175
f 1444/1128/1201 1445/1129/1202 511/1106/1180 1426/1105/1179
f 1445/1129/1202 1444/1128/1201 1232/831/903 518/830/902
f 1444/1128/1201 1202/785/851 517/742/804 1232/831/903
f 1202/785/851 1444/1128/1201 1426/1105/1179 510/783/849
f 1446/1130/1203 1447/1131/1204 512/1110/1184 1429/1109/1183
f 1447/1131/1204 1446/1130/1203 1236/839/911 519/838/910
f 1446/1130/1203 1445/1129/1202 518/830/902 1236/839/911
f 1445/1129/1202 1446/1130/1203 1429/1109/1183 511/1106/1180
f 1449/1133/920 514/1114/1188 1448/1132/1189 1240/847/919
f 1448/1132/1189 1447/1131/1204 519/838/910 1240/847/919
f 1447/1131/1204 1448/1132/1189 1432/1113/1187 512/1110/1184
f 1375/1037/881 1450/1134/879 1219/810/877
f 1290/917/969 573/811/878 1450/1134/879 1434/1116/1190
f 1450/1134/879 1375/1037/881 492/979/1055 1434/1116/1190
f 1451/1135/940 1452/1136/950 515/1121/1194
f 1452/1136/950 1451/1135/940 1249/862/935 522/861/934
f 1451/1135/940 1449/1133/920 521/846/918
f 1449/1133/920 1451/1135/940 1438/1120/1195 514/1114/1188
f 1454/1138/954 1441/1124/1198 1453/1137/946 523/870/945
f 1253/867/942 1453/1137/946 1452/1136/950
f 1452/1136/950 1453/1137/946 1441/1124/1198 515/1121/1194
f 1443/1127/1200 1455/1139/658 1115/617/657
f 1257/875/951 1455/1139/658 1454/1138/954
f 1455/1139/658 1443/1127/1200 516/1125/1199 1454/1138/954
f 1456/1140/1205 1458/1141/1206 533/974/1050 1457/1142/1207
f 4034/1143/1208 3638/1144/1209 3637/1145/1210 4033/1146/1211
f 4233/1147/1212 4221/1148/1213 1460/1149/1214 6464/1150/1215
f 4169/1151/1216 4165/1152/1217 4213/1153/1218 4221/1148/1213
f 1458/1141/1206 1461/1154/1219 1331/975/1051 533/974/1050
f 1461/1154/1219 1462/1155/1220 534/980/1056 1331/975/1051
f 1462/1155/1220 1461/1154/1219 3946/1156/1221 3947/1157/1222
f 4032/1159/1223 3946/1156/1221 3945/1158/1224 4033/1146/1211
f 1462/1155/1220 1464/1160/1225 1435/1117/1191 534/980/1056
f 1465/1161/1226 535/946/1022 1464/1160/1225 3948/1162/1227
f 535/946/1022 1435/1117/1191 1464/1160/1225
f 3949/1163/1228 1465/1161/1226 3948/1162/1227 4029/1164/1229
f 4029/1164/1229 4031/1165/1230 3628/1166/1231 3623/1167/1232
f 3950/1170/1233 1467/1168/1234 1310/947/1023 1465/1161/1226
f 1310/947/1023 535/946/1022 1465/1161/1226
f 1468/1169/1235 537/949/1026 1467/1168/1234 3951/1171/1236
f 537/949/1026 1468/1169/1235 1471/1175/1237
f 537/949/1026 1310/947/1023 1467/1168/1234
f 3951/1171/1236 1467/1168/1234 3950/1170/1233
f 3949/1163/1228 4008/1172/1238 1465/1161/1226
f 3950/1170/1233 1465/1161/1226 4008/1172/1238 3504/4705/1239
f 4009/1173/1240 3950/1170/1233 3504/4705/1239 3675/4711/1241
f 1471/1175/1237 1468/1169/1235 1470/1174/1242 1472/1176/1243
f 1472/1176/1243 539/1177/1244 1471/1175/1237
f 3953/1178/1245 1472/1176/1243 1470/1174/1242
f 3953/1178/1245 1470/1174/1242 3952/1179/1246 4012/1187/1247
f 1470/1174/1242 1468/1169/1235 3951/1171/1236 3952/1179/1246
f 1474/1180/1248 1475/1181/1249 539/1177/1244
f 1474/1180/1248 539/1177/1244 1472/1176/1243 3954/1185/1250
f 1476/1182/1251 1475/1181/1249 1474/1180/1248 3955/1184/1252
f 540/1183/1253 1475/1181/1249 1476/1182/1251 1478/1188/1254
f 3955/1184/1252 1474/1180/1248 3954/1185/1250 4005/1196/1255
f 1472/1176/1243 3953/1178/1245 4035/1186/1256 3954/1185/1250
f 3953/1178/1245 4012/1187/1247 4035/1186/1256
f 540/1183/1253 1478/1188/1254 1479/1189/1257 1492/1227/1258
f 1479/1189/1257 1478/1188/1254 1480/1190/1259 542/1191/1260
f 1480/1190/1259 1478/1188/1254 3957/1192/1261 3958/5097/1262
f 3956/1193/1263 3957/1192/1261 1478/1188/1254 1476/1182/1251
f 3955/1184/1252 4005/1196/1255 3626/1194/1264 4030/1195/1265
f 4005/1196/1255 3493/1197/1266 3626/1194/1264
f 1482/1198/1267 1483/1199/1268 542/1191/1260 1480/1190/1259
f 1482/1198/1267 5714/1201/1269 5654/1202/1270 5715/1200/1271
f 5519/6591/1272 5655/1203/1273 5715/1200/1271 5654/1202/1270
f 6484/1207/1274 5489/1204/1275 3959/1205/1276 1484/1206/1277
f 3496/1208/1278 4006/1209/1279 4007/1210/1280
f 3751/4739/1281 3496/1208/1278 4007/1210/1280 3497/1211/1282
f 1486/1212/1283 1332/973/1049 485/977/1053 1355/1007/1083
f 1332/973/1049 1486/1212/1283 1457/1142/1207 533/974/1050
f 4213/1153/1218 4223/1213/1284 1487/1214/1285 531/1215/1286
f 1487/1214/1285 4223/1213/1284 4207/1216/1287 478/1217/1288
f 1489/1219/1289 1483/1199/1268 1488/1218/1290 422/630/677
f 1489/1219/1289 542/1191/1260 1483/1199/1268
f 1488/1218/1290 1120/627/675 422/630/677
f 6485/1220/1291 1490/1221/1292 394/1222/1293 5473/1223/671
f 6485/1220/1291 6474/1224/1294 543/1225/1295 1490/1221/1292
f 1492/1227/1258 1479/1189/1257 1491/1226/1296 463/737/798
f 1491/1226/1296 1167/734/796 463/737/798
f 1167/734/796 1491/1226/1296 1489/1219/1289 422/630/677
f 1491/1226/1296 1479/1189/1257 542/1191/1260 1489/1219/1289
f 1493/1229/1297 1495/1230/1298 1494/1228/898 424/547/582
f 546/1231/1299 1494/1228/898 1495/1230/1298 1518/1266/1300
f 1493/1229/1297 1496/1232/1301 547/1233/1302 1495/1230/1298
f 1071/546/581 1496/1232/1301 1493/1229/1297 424/547/582
f 1071/546/581 397/549/584 1496/1232/1301
f 1499/1236/1303 1498/1234/1304 1497/1235/1305 546/1231/1299
f 1498/1234/1304 1499/1236/1303 548/1237/1306 1500/1238/1307
f 1494/1228/898 546/1231/1299 1497/1235/1305 1229/826/897
f 1497/1235/1305 1498/1234/1304 458/821/891 1229/826/897
f 1502/1239/1308 549/1240/1309 1500/1238/1307 548/1237/1306
f 1500/1238/1307 549/1240/1309 1501/1241/1310 1225/822/892
f 1498/1234/1304 1500/1238/1307 1225/822/892 458/821/891
f 459/815/885 1225/822/892 1501/1241/1310 1503/1242/1311
f 1505/1243/1312 550/1244/1313 1503/1242/1311 1501/1241/1310
f 1504/1245/888 1503/1242/1311 550/1244/1313 1512/1256/1314
f 1501/1241/1310 549/1240/1309 1505/1243/1312
f 1221/816/882 459/815/885 1503/1242/1311 1504/1245/888
f 1507/1246/1315 1506/1247/1316 1508/1248/1317 575/1249/1318
f 1508/1248/1317 1506/1247/1316 1394/1063/1137 527/1062/1136
f 4171/1250/1319 1394/1063/1137 1506/1247/1316 4166/1252/1320
f 1394/1063/1137 4171/1250/1319 4164/1251/1321 1393/1060/1134
f 4171/1250/1319 4166/1252/1320 4215/1253/1322 4225/1254/1323
f 1512/1256/1314 552/1257/1324 1510/1255/1325 1504/1245/888
f 552/1257/1324 1511/1258/1326 1510/1255/1325
f 1510/1255/1325 1212/798/865 460/801/868 1504/1245/888
f 1212/798/865 1510/1255/1325 1511/1258/1326 461/795/861
f 1513/1259/1327 1515/1260/1328 553/1261/1329 1514/1262/864
f 1515/1260/1328 1513/1259/1327 1511/1258/1326 552/1257/1324
f 1208/792/858 461/795/861 1513/1259/1327 1514/1262/864
f 461/795/861 1511/1258/1326 1513/1259/1327
f 1516/1263/1330 1517/1264/1331 540/1183/1253 1492/1227/1258
f 1517/1264/1331 1516/1263/1330 1514/1262/864 553/1261/1329
f 1516/1263/1330 1204/786/852 462/789/855 1514/1262/864
f 1204/786/852 1516/1263/1330 1492/1227/1258 463/737/798
f 1518/1266/1300 1520/1267/1332 1519/1265/1333 546/1231/1299
f 554/1268/1334 1519/1265/1333 1520/1267/1332 1541/1296/1335
f 1518/1266/1300 1521/1269/1336 555/1270/1337 1520/1267/1332
f 1521/1269/1336 1518/1266/1300 1495/1230/1298 547/1233/1302
f 1524/1273/1338 1523/1271/1339 1522/1272/1340 554/1268/1334
f 1524/1273/1338 556/1274/1341 1523/1271/1339
f 1522/1272/1340 1519/1265/1333 554/1268/1334
f 1499/1236/1303 1519/1265/1333 1522/1272/1340 548/1237/1306
f 1499/1236/1303 546/1231/1299 1519/1265/1333
f 1522/1272/1340 1523/1271/1339 548/1237/1306
f 1526/1275/1342 1525/1276/1343 1527/1277/1344 557/1278/1345
f 1525/1276/1343 1523/1271/1339 556/1274/1341 1527/1277/1344
f 1523/1271/1339 1525/1276/1343 1502/1239/1308 548/1237/1306
f 1525/1276/1343 1526/1275/1342 549/1240/1309 1502/1239/1308
f 558/1281/1346 1528/1279/1347 1530/1280/1348 1552/1309/1349
f 1529/1282/1350 1528/1279/1347 558/1281/1346 1536/1288/1351
f 1526/1275/1342 1530/1280/1348 1528/1279/1347 549/1240/1309
f 1530/1280/1348 1526/1275/1342 557/1278/1345 1551/1308/1352
f 1505/1243/1312 549/1240/1309 1528/1279/1347 1529/1282/1350
f 550/1244/1313 1505/1243/1312 1529/1282/1350 1534/1287/1353
f 1531/1283/1027 537/949/1026 1471/1175/1237 1533/1285/1354
f 1312/948/1024 1531/1283/1027 1532/1284/1355 567/921/998
f 1531/1283/1027 1533/1285/1354 560/1286/1356
f 1532/1284/1355 1531/1283/1027 560/1286/1356 1539/1292/1357
f 1533/1285/1354 1471/1175/1237 539/1177/1244 1540/1294/1358
f 1534/1287/1353 1536/1288/1351 559/1289/1359 1535/1290/1360
f 1536/1288/1351 1534/1287/1353 1529/1282/1350
f 1512/1256/1314 550/1244/1313 1534/1287/1353 1535/1290/1360
f 1535/1290/1360 552/1257/1324 1512/1256/1314
f 1537/1291/1361 1539/1292/1357 560/1286/1356
f 1538/1293/1362 1537/1291/1361 560/1286/1356 1533/1285/1354
f 1539/1292/1357 1537/1291/1361 1535/1290/1360 559/1289/1359
f 1537/1291/1361 1515/1260/1328 552/1257/1324 1535/1290/1360
f 1515/1260/1328 1537/1291/1361 1538/1293/1362 553/1261/1329
f 1540/1294/1358 539/1177/1244 1475/1181/1249 1517/1264/1331
f 1538/1293/1362 1533/1285/1354 1540/1294/1358 553/1261/1329
f 1540/1294/1358 1517/1264/1331 553/1261/1329
f 1475/1181/1249 540/1183/1253 1517/1264/1331
f 1542/1295/1363 1541/1296/1335 1543/1297/1364 561/1298/1365
f 1541/1296/1335 1544/1299/1366 562/1300/1367 1543/1297/1364
f 1544/1299/1366 1541/1296/1335 1520/1267/1332 555/1270/1337
f 1541/1296/1335 1542/1295/1363 554/1268/1334
f 1546/1301/1368 1545/1302/1369 1547/1303/1370 563/1304/1371
f 1545/1302/1369 1542/1295/1363 561/1298/1365 1547/1303/1370
f 1542/1295/1363 1545/1302/1369 1524/1273/1338 554/1268/1334
f 1545/1302/1369 1546/1301/1368 556/1274/1341 1524/1273/1338
f 1549/1305/1372 1548/1306/1373 1550/1307/1374 564/857/930
f 1548/1306/1373 1546/1301/1368 563/1304/1371 1550/1307/1374
f 1546/1301/1368 1548/1306/1373 1527/1277/1344 556/1274/1341
f 1548/1306/1373 1549/1305/1372 557/1278/1345 1527/1277/1344
f 1551/1308/1352 1247/856/929 565/858/931 1552/1309/1349
f 1247/856/929 1551/1308/1352 1549/1305/1372 564/857/930
f 557/1278/1345 1549/1305/1372 1551/1308/1352
f 1530/1280/1348 1551/1308/1352 1552/1309/1349
f 3811/1310/1375 1553/1311/1376 1554/1312/1377 3812/1313/1378
f 1554/1312/1377 1553/1311/1376 1507/1246/1315 575/1249/1318
f 4227/1314/1379 1555/1315/1380 6440/1316/1381 4215/1253/1322
f 4241/1317/1382 4229/1318/1383 6448/1319/1384 3777/1320/1385
f 1556/1321/1386 1270/892/970 566/893/971
f 1556/1321/1386 566/893/971 1557/1322/997 1536/1288/1351
f 1270/892/970 1556/1321/1386 1552/1309/1349 565/858/931
f 1556/1321/1386 1536/1288/1351 558/1281/1346 1552/1309/1349
f 1557/1322/997 559/1289/1359 1536/1288/1351
f 567/921/998 1532/1284/1355 1558/1323/999
f 1557/1322/997 1291/920/996 1558/1323/999 559/1289/1359
f 1539/1292/1357 559/1289/1359 1558/1323/999 1532/1284/1355
f 1560/1324/1387 1559/1325/1388 1561/1326/1389 568/1327/1390
f 1559/1325/1388 1562/1328/1391 569/1329/1392 1561/1326/1389
f 1562/1328/1391 1559/1325/1388 1543/1297/1364 562/1300/1367
f 1559/1325/1388 1560/1324/1387 561/1298/1365 1543/1297/1364
f 1564/1330/1393 1563/1331/1394 1565/1332/1395 570/1333/1396
f 1563/1331/1394 1560/1324/1387 568/1327/1390 1565/1332/1395
f 1560/1324/1387 1563/1331/1394 1547/1303/1370 561/1298/1365
f 1563/1331/1394 1564/1330/1393 563/1304/1371 1547/1303/1370
f 1246/854/927 1566/1334/1397 1567/1335/1398
f 571/855/928 1246/854/927 1567/1335/1398 1575/1347/1399
f 1566/1334/1397 1564/1330/1393 570/1333/1396
f 1567/1335/1398 1566/1334/1397 570/1333/1396 1573/1342/1400
f 1564/1330/1393 1566/1334/1397 1550/1307/1374 563/1304/1371
f 1566/1334/1397 1246/854/927 564/857/930 1550/1307/1374
f 1569/1336/1401 1568/1337/1402 1570/1338/1403 576/1339/1404
f 1570/1338/1403 1568/1337/1402 1571/1340/1405 577/1341/1406
f 1571/1340/1405 1568/1337/1402 1561/1326/1389 569/1329/1392
f 1568/1337/1402 1569/1336/1401 568/1327/1390 1561/1326/1389
f 1573/1342/1400 1572/1343/1407 1574/1344/1408 578/1345/1409
f 1572/1343/1407 1569/1336/1401 576/1339/1404 1574/1344/1408
f 1569/1336/1401 1572/1343/1407 1565/1332/1395 568/1327/1390
f 1572/1343/1407 1573/1342/1400 570/1333/1396 1565/1332/1395
f 1575/1347/1399 1577/1348/1410 1576/1346/1411 571/855/928
f 1577/1348/1410 579/1349/1412 1576/1346/1411
f 1575/1347/1399 1573/1342/1400 578/1345/1409 1577/1348/1410
f 1573/1342/1400 1575/1347/1399 1567/1335/1398
f 1578/1350/1413 1579/1351/1167 551/807/874 1217/806/873
f 1576/1346/1411 579/1349/1412 1578/1350/1413 1245/852/925
f 1579/1351/1167 1578/1350/1413 579/1349/1412 1581/1353/1414
f 1245/852/925 571/855/928 1576/1346/1411
f 1245/852/925 1578/1350/1413 1217/806/873 572/809/876
f 1508/1248/1317 1580/1352/1415 1581/1353/1414
f 575/1249/1318 1508/1248/1317 1581/1353/1414 1584/1360/1416
f 1579/1351/1167 1581/1353/1414 1580/1352/1415 1415/1092/1166
f 1580/1352/1415 1508/1248/1317 527/1062/1136 1415/1092/1166
f 3815/1355/1417 3778/1357/1418 3814/1354/1419 1583/1358/1420
f 3778/1357/1418 3815/1355/1417 3779/1356/1421
f 1582/1359/1422 1584/1360/1416 1583/1358/1420 3814/1354/1419
f 581/1361/1423 1583/1358/1420 1584/1360/1416 1596/1384/1424
f 1584/1360/1416 1582/1359/1422 1554/1312/1377 575/1249/1318
f 3812/1313/1378 1554/1312/1377 1582/1359/1422 3814/1354/1419
f 3816/1362/1425 3817/1363/1426 3781/1364/1427 3780/1365/1428
f 1586/1366/1429 1585/1367/1430 1587/1368/1431 582/1369/1432
f 1585/1367/1430 1583/1358/1420 581/1361/1423 1587/1368/1431
f 1583/1358/1420 1585/1367/1430 3816/1362/1425 3815/1355/1417
f 3782/1370/1433 3783/1371/1434 3605/1372/1435 3606/1373/1436
f 1588/1374/1437 1590/1375/1438 584/1376/1439 1589/1377/1440
f 1588/1374/1437 1586/1366/1429 582/1369/1432 1590/1375/1438
f 1586/1366/1429 1588/1374/1437 3818/1378/1441 3817/1363/1426
f 1590/1375/1438 1591/1379/1442 1592/1380/1443 584/1376/1439
f 1591/1379/1442 1570/1338/1403 577/1341/1406 1592/1380/1443
f 1570/1338/1403 1591/1379/1442 1593/1381/1444 576/1339/1404
f 1591/1379/1442 1590/1375/1438 582/1369/1432 1593/1381/1444
f 1594/1382/1445 1593/1381/1444 582/1369/1432 1587/1368/1431
f 1593/1381/1444 1594/1382/1445 1574/1344/1408 576/1339/1404
f 1594/1382/1445 1595/1383/1446 578/1345/1409 1574/1344/1408
f 1595/1383/1446 1594/1382/1445 1587/1368/1431
f 1595/1383/1446 1587/1368/1431 581/1361/1423 1596/1384/1424
f 1577/1348/1410 1595/1383/1446 1596/1384/1424 579/1349/1412
f 1577/1348/1410 578/1345/1409 1595/1383/1446
f 1581/1353/1414 579/1349/1412 1596/1384/1424 1584/1360/1416
f 1597/1385/1447 1598/1386/1448 397/549/584 1072/548/583
f 1598/1386/1448 1597/1385/1447 1599/1387/1449 601/1388/1450
f 1597/1385/1447 1600/1389/1451 600/1390/1452 1599/1387/1449
f 1600/1389/1451 1597/1385/1447 1072/548/583 400/550/585
f 1601/1391/1453 1602/1392/1454 398/558/593 1077/557/592
f 1602/1392/1454 1601/1391/1453 1603/1393/1455 620/1394/1456
f 4842/1395/1457 4758/1396/1458 4757/1397/1459 4843/1398/1460
f 4842/1395/1457 1601/1391/1453 1077/557/592 4825/561/596
f 1605/1399/1461 1600/1389/1451 400/550/585 1081/566/601
f 1600/1389/1451 1605/1399/1461 1606/1400/1462 600/1390/1452
f 1605/1399/1461 1607/1401/1463 603/1402/1464 1606/1400/1462
f 1607/1401/1463 1605/1399/1461 1081/566/601 411/567/602
f 411/567/602 1085/572/607 1608/1403/1465 1607/1401/1463
f 1609/1404/1466 603/1402/1464 1608/1403/1465 1610/1405/1467
f 603/1402/1464 1607/1401/1463 1608/1403/1465
f 605/1406/1468 1609/1404/1466 1610/1405/1467 1611/1407/1469
f 1610/1405/1467 1608/1403/1465 1085/572/607 410/573/608
f 410/573/608 1089/578/613 1611/1407/1469 1610/1405/1467
f 1612/1408/1470 605/1406/1468 1611/1407/1469 1613/1409/1471
f 1612/1408/1470 1613/1409/1471 607/1410/1472 1836/1791/1473
f 1613/1409/1471 1611/1407/1469 1089/578/613 409/579/614
f 1093/584/619 1614/1411/1474 1613/1409/1471 409/579/614
f 1614/1411/1474 1615/1412/1475 607/1410/1472 1613/1409/1471
f 1615/1412/1475 1614/1411/1474 1616/1413/1476 609/1414/1477
f 1614/1411/1474 1093/584/619 408/585/620 1616/1413/1476
f 1097/590/625 1617/1415/1478 1616/1413/1476 408/585/620
f 1617/1415/1478 1618/1416/1479 609/1414/1477 1616/1413/1476
f 1618/1416/1479 1617/1415/1478 1619/1417/1480 611/1418/1481
f 1617/1415/1478 1097/590/625 407/591/626 1619/1417/1480
f 1101/596/631 1620/1419/1482 1619/1417/1480 407/591/626
f 1620/1419/1482 1621/1420/1483 611/1418/1481 1619/1417/1480
f 1622/1421/638 613/1422/1484 1620/1419/1482 406/597/632
f 1621/1420/1483 1620/1419/1482 613/1422/1484 1901/1881/1485
f 1620/1419/1482 1101/596/631 406/597/632
f 1623/1423/1486 1622/1421/638 1105/602/637 1625/1425/640
f 1624/1424/1487 1622/1421/638 1623/1423/1486 615/1426/1488
f 1624/1424/1487 613/1422/1484 1622/1421/638
f 615/1426/1488 1623/1423/1486 1625/1425/640 1627/1428/1489
f 1626/1427/1490 1625/1425/640 405/603/639 1109/608/646
f 1625/1425/640 1626/1427/1490 1627/1428/1489
f 1626/1427/1490 1628/1429/653 617/1430/1491 1627/1428/1489
f 1628/1429/653 1626/1427/1490 1109/608/646 404/609/647
f 1629/1431/1492 1628/1429/653 1113/614/652 1631/1433/655
f 1628/1429/653 1629/1431/1492 1630/1432/1493 617/1430/1491
f 1629/1431/1492 1631/1433/655 619/1434/1494 1630/1432/1493
f 1631/1433/655 403/615/654 1632/1435/660 1633/1436/1495
f 619/1434/1494 1631/1433/655 1633/1436/1495 1972/1970/1496
f 1602/1392/1454 620/1394/1456 1632/1435/660 1116/618/659
f 1633/1436/1495 1632/1435/660 620/1394/1456 1775/1710/1497
f 1116/618/659 398/558/593 1602/1392/1454
f 1635/1437/1498 1634/1438/1499 1636/1439/1500 599/1440/1501
f 5878/1441/1502 1637/1442/1503 751/1443/1504 5872/1444/1505
f 5909/1445/1506 5911/1446/1507 5873/1447/1508 5878/1448/1502
f 1634/1438/1499 1635/1437/1498 598/1449/1509 1638/1450/1510
f 1639/1451/1511 1641/1452/1512 618/1453/1513 1640/1454/1514
f 6041/1455/1515 6104/1456/1516 6103/1457/1517 6040/1458/1518
f 5953/1459/1519 6511/1460/1520 5879/1461/1521 5912/1462/1522
f 4844/1463/1523 1639/1451/1511 1640/1454/1514 4845/1464/1524
f 1644/1465/1525 1638/1450/1510 598/1449/1509 1645/1466/1526
f 6499/1467/1527 1646/1468/1528 757/1469/1529 5873/1470/1508
f 5915/1471/1530 5916/1472/1531 5874/1473/1532 6499/1474/1527
f 1647/1475/1533 1644/1465/1525 1645/1466/1526 597/1476/1534
f 1648/1477/1535 1647/1475/1533 597/1476/1534 1649/1478/1536
f 6107/1479/1537 6108/1480/1538 6045/1481/1539 6044/1482/1540
f 5917/1483/1541 5918/1484/1542 6493/1485/1543 6500/1486/1544
f 1651/1487/1545 1648/1477/1535 1649/1478/1536 602/1488/1546
f 1652/1489/1547 1651/1487/1545 602/1488/1546 1653/1490/1548
f 5918/1484/1542 5919/1491/1549 6501/1492/1550 6493/1485/1543
f 5919/1491/1549 5920/1493/1551 5875/1494/1552 6501/1492/1550
f 1655/1495/1553 1652/1489/1547 1653/1490/1548 604/1496/1554
f 1655/1495/1553 604/1496/1554 1656/1497/1555 6111/6872/1556
f 1657/1498/1557 1656/1497/1555 604/1496/1554 1698/1590/1558
f 5880/1499/1559 1658/1500/1560 769/1501/1561 5875/1502/1552
f 6113/1505/1562 6049/1503/1563 6112/1504/1564 1659/1507/1565
f 6049/1503/1563 6113/1505/1562 6050/1506/1566 5921/6689/1567
f 1656/1497/1555 1657/1498/1557 1659/1507/1565 6112/1504/1564
f 606/1508/1568 1659/1507/1565 1657/1498/1557 1700/1593/1569
f 1661/1510/1570 1660/1509/1571 1659/1507/1565 606/1508/1568
f 5923/1512/1572 6502/1513/1573 5922/1511/1574 6050/1506/1566
f 6502/1513/1573 5876/1514/1575 5922/1511/1574
f 6502/1513/1573 5923/1512/1572 5924/1515/1576 6494/1516/1577
f 608/1518/1578 1663/1517/1579 1660/1509/1571 1661/1510/1570
f 1664/1519/1580 1663/1517/1579 608/1518/1578 1665/1520/1581
f 6053/1522/1582 5925/1523/1583 6052/1521/1584 6115/6761/1585
f 6052/1521/1584 5925/1523/1583 5924/1515/1576 5923/1512/1572
f 6054/1524/1586 5925/1523/1583 6053/1522/1582 6116/6849/1587
f 5925/1523/1583 6054/1524/1586 6503/6762/1588
f 6503/6762/1588 6054/1524/1586 5926/1525/1589 6495/6763/1590
f 1664/1519/1580 1665/1520/1581 610/1526/1591
f 1664/1519/1580 610/1526/1591 1667/1527/1592 6116/6849/1587
f 1667/1527/1592 1669/1528/1593 1668/1529/1594 6117/6850/1595
f 1667/1527/1592 610/1526/1591 1669/1528/1593
f 6504/1530/1596 1670/1531/1597 772/1532/1598 6495/1533/1590
f 5928/1535/1599 5877/1536/1600 5927/1534/1601 6056/6764/1602
f 5877/1536/1600 6504/1537/1596 5927/1534/1601
f 1668/1529/1594 1669/1528/1593 612/1538/1603
f 1668/1529/1594 612/1538/1603 1671/1539/1604 6118/6864/1605
f 1671/1539/1604 1673/1540/1606 1672/1541/1607 6119/6765/1608
f 1671/1539/1604 612/1538/1603 1673/1540/1606
f 5877/1536/1600 5928/1535/1599 5929/1542/1609 6505/1543/1610
f 6505/1544/1610 6496/1545/1611 774/1546/1612
f 774/1546/1612 1674/1547/1613 6505/1544/1610
f 1672/1541/1607 1673/1540/1606 614/1548/1614 1675/1549/1615
f 1676/1550/1616 1675/1549/1615 614/1548/1614
f 1677/1551/1617 1676/1550/1616 614/1548/1614 1713/1610/1618
f 5983/2371/1619 774/1546/1612 5881/1552/1620 1678/1553/1621
f 774/1546/1612 6496/1545/1611 5881/1552/1620
f 5931/1557/1622 6059/1554/1623 6060/1555/1624 5932/1556/1625
f 1679/1558/1626 1676/1550/1616 1677/1551/1617 616/1559/1627
f 1680/1560/1628 1679/1558/1626 616/1559/1627 1681/1561/1629
f 6497/1564/1630 5932/1556/1625 5933/1562/1631 6506/1563/1632
f 6124/1565/1633 6104/1456/1516 6041/1455/1515 6061/1566/1634
f 1641/1452/1512 1680/1560/1628 1681/1561/1629 618/1453/1513
f 1635/1437/1498 1683/1567/1635 1684/1568/1636 598/1449/1509
f 1683/1567/1635 1685/1569/1637 628/1570/1638 1684/1568/1636
f 1685/1569/1637 1683/1567/1635 1686/1571/1639 639/1572/1640
f 1683/1567/1635 1635/1437/1498 599/1440/1501 1686/1571/1639
f 4845/1464/1524 1640/1454/1514 1687/1573/1641 4847/1574/1642
f 4811/1575/1643 4847/1574/1642 4848/1576/1644 4810/1577/1645
f 1687/1573/1641 1690/1578/1646 693/1579/1647 1689/1580/1648
f 1690/1578/1646 1687/1573/1641 1640/1454/1514 618/1453/1513
f 1691/1581/1649 1692/1582/1650 597/1476/1534 1645/1466/1526
f 1692/1582/1650 1691/1581/1649 1693/1583/1651 622/1584/1652
f 1691/1581/1649 1684/1568/1636 628/1570/1638 1693/1583/1651
f 1684/1568/1636 1691/1581/1649 1645/1466/1526 598/1449/1509
f 1694/1585/1653 1695/1586/1654 602/1488/1546 1649/1478/1536
f 1695/1586/1654 1694/1585/1653 1696/1587/1655
f 1695/1586/1654 1696/1587/1655 621/1588/1656 1697/1589/1657
f 1694/1585/1653 1692/1582/1650 622/1584/1652 1696/1587/1655
f 1692/1582/1650 1694/1585/1653 1649/1478/1536 597/1476/1534
f 1697/1589/1657 1698/1590/1558 604/1496/1554 1653/1490/1548
f 1698/1590/1558 1697/1589/1657 1699/1591/1658 645/1592/1659
f 621/1588/1656 1699/1591/1658 1697/1589/1657
f 1695/1586/1654 1697/1589/1657 1653/1490/1548 602/1488/1546
f 1700/1593/1569 1701/1594/1660 606/1508/1568
f 651/1596/1661 1701/1594/1660 1700/1593/1569 1702/1595/1662
f 1698/1590/1558 645/1592/1659 1700/1593/1569 1657/1498/1557
f 1702/1595/1662 1700/1593/1569 645/1592/1659 1838/1793/1663
f 1661/1510/1570 1703/1597/1664 1704/1598/1665 608/1518/1578
f 1704/1598/1665 1703/1597/1664 1705/1599/1666
f 1704/1598/1665 1705/1599/1666 658/1600/1667 1706/1601/1668
f 1705/1599/1666 1703/1597/1664 1701/1594/1660 651/1596/1661
f 606/1508/1568 1701/1594/1660 1703/1597/1664 1661/1510/1570
f 1706/1601/1668 1707/1602/1669 1665/1520/1581
f 610/1526/1591 1665/1520/1581 1707/1602/1669 1709/1605/1670
f 1706/1601/1668 1708/1603/1671 665/1604/1672 1707/1602/1669
f 658/1600/1667 1708/1603/1671 1706/1601/1668
f 1704/1598/1665 1706/1601/1668 1665/1520/1581 608/1518/1578
f 1709/1605/1670 1710/1606/1673 1669/1528/1593 610/1526/1591
f 612/1538/1603 1669/1528/1593 1710/1606/1673 1673/1540/1606
f 672/1608/1674 1709/1605/1670 1711/1607/1675 1903/1883/1676
f 1710/1606/1673 1709/1605/1670 672/1608/1674 1714/1611/1677
f 1709/1605/1670 1707/1602/1669 665/1604/1672 1711/1607/1675
f 1712/1609/1678 1713/1610/1618 614/1548/1614 1673/1540/1606
f 1713/1610/1618 1712/1609/1678 1714/1611/1677 679/1612/1679
f 1710/1606/1673 1714/1611/1677 1712/1609/1678 1673/1540/1606
f 1716/1614/1680 616/1559/1627 1715/1613/1681 1717/1615/1682
f 1715/1613/1681 616/1559/1627 1677/1551/1617 1713/1610/1618
f 1717/1615/1682 686/1616/1683 1716/1614/1680
f 1715/1613/1681 1713/1610/1618 679/1612/1679 1717/1615/1682
f 1718/1617/1684 1690/1578/1646 618/1453/1513 1681/1561/1629
f 1690/1578/1646 1718/1617/1684 1719/1618/1685 693/1579/1647
f 1718/1617/1684 1716/1614/1680 686/1616/1683 1719/1618/1685
f 1716/1614/1680 1718/1617/1684 1681/1561/1629 616/1559/1627
f 1720/1619/1686 1721/1620/1687 628/1570/1638 1685/1569/1637
f 1722/1621/1688 1721/1620/1687 1720/1619/1686 1723/1623/1689
f 1721/1620/1687 1722/1621/1688 629/1622/1690 1776/1711/1691
f 1723/1623/1689 638/1624/1692 1722/1621/1688
f 1720/1619/1686 1685/1569/1637 639/1572/1640
f 1723/1623/1689 1720/1619/1686 639/1572/1640 2001/2050/1693
f 1722/1621/1688 1724/1625/1694 1725/1626/1695 629/1622/1690
f 1724/1625/1694 1726/1627/1696 630/1628/1697 1725/1626/1695
f 1726/1627/1696 1724/1625/1694 1727/1629/1698 637/1630/1699
f 1724/1625/1694 1722/1621/1688 638/1624/1692 1727/1629/1698
f 1728/1631/1700 1729/1632/1701 630/1628/1697 1726/1627/1696
f 1730/1633/1702 1729/1632/1701 1728/1631/1700 1731/1635/1703
f 1729/1632/1701 1730/1633/1702 631/1634/1704 1782/1719/1705
f 1730/1633/1702 1731/1635/1703 636/1636/1706 1737/1646/1707
f 1728/1631/1700 1726/1627/1696 637/1630/1699 1731/1635/1703
f 1734/1639/1708 1733/1637/1709 1732/1638/1710 740/1642/1711
f 1733/1637/1709 1734/1639/1708 741/1640/1712 1967/1965/1713
f 1732/1638/1710 1735/1641/1714 740/1642/1711
f 1736/1643/1715 1735/1641/1714 1732/1638/1710 689/1645/1716
f 1735/1641/1714 1736/1643/1715 722/1644/1717 2082/2164/1718
f 689/1645/1716 1732/1638/1710 1733/1637/1709 1892/1870/1719
f 1730/1633/1702 1737/1646/1707 1738/1647/1720 631/1634/1704
f 632/1649/1721 1737/1646/1707 1739/1648/1722 1742/1653/1723
f 632/1649/1721 1738/1647/1720 1737/1646/1707
f 1739/1648/1722 1737/1646/1707 1740/1650/1724
f 1739/1648/1722 1740/1650/1724 635/1651/1725 1741/1652/1726
f 1740/1650/1724 1737/1646/1707 636/1636/1706 2013/2065/1727
f 1739/1648/1722 1741/1652/1726 1742/1653/1723
f 1741/1652/1726 1743/1654/1728 633/1655/1729 1742/1653/1723
f 1743/1654/1728 1741/1652/1726 1744/1656/1730 634/1657/1731
f 635/1651/1725 1744/1656/1730 1741/1652/1726
f 1743/1654/1728 1745/1658/1732 1746/1659/1733 633/1655/1729
f 1599/1387/1449 1746/1659/1733 1745/1658/1732 601/1388/1450
f 1746/1659/1733 1599/1387/1449 600/1390/1452
f 601/1388/1450 1745/1658/1732 1747/1660/1734 2004/2053/1735
f 1745/1658/1732 1743/1654/1728 634/1657/1731 1747/1660/1734
f 4849/1661/1736 4806/1662/1737 4810/1577/1645 4848/1576/1644
f 4849/1661/1736 1748/1663/1738 1750/1664/1739 4850/1665/1740
f 1748/1663/1738 1751/1666/1741 694/1667/1742 1750/1664/1739
f 1751/1666/1741 1748/1663/1738 1689/1580/1648 693/1579/1647
f 4851/1668/1743 4792/1669/1744 4805/1670/1745 4850/1665/1740
f 4792/1669/1744 4851/1668/1743 4852/1671/1746 4807/1672/1747
f 1755/1674/1748 695/1675/1749 1752/1673/1750 1750/1664/1739
f 695/1675/1749 1754/1676/1751 1752/1673/1750
f 1750/1664/1739 694/1667/1742 1755/1674/1748
f 4852/1671/1746 1754/1676/1751 1756/1677/1752 4853/1678/1753
f 4809/1679/1754 4853/1678/1753 4854/1680/1755 4808/1681/1756
f 1756/1677/1752 1759/1682/1757 697/1683/1758 1758/1684/1759
f 1759/1682/1757 1756/1677/1752 1754/1676/1751 695/1675/1749
f 1760/1685/1760 1762/1686/1761 733/1687/1762 1761/1688/1763
f 739/1690/1764 1760/1685/1760 1763/1689/1765 2081/2162/1766
f 739/1690/1764 1762/1686/1761 1760/1685/1760
f 1760/1685/1760 1764/1691/1767 740/1642/1711 1763/1689/1765
f 1764/1691/1767 1760/1685/1760 1761/1688/1763 734/1692/1768
f 4854/1680/1755 1758/1684/1759 1765/1693/1769 4855/1694/1770
f 4855/1694/1770 1765/1693/1769 1767/1695/1771 4856/1696/1772
f 1765/1693/1769 1768/1697/1773 698/1698/1774 1767/1695/1771
f 1768/1697/1773 1765/1693/1769 1758/1684/1759
f 1768/1697/1773 1758/1684/1759 697/1683/1758 1968/1966/1775
f 4856/1696/1772 1767/1695/1771 1769/1699/1776 4857/1700/1777
f 4764/1701/1778 4857/1700/1777 4858/1702/1779 4804/1703/1780
f 1769/1699/1776 1772/1704/1781 699/1705/1782 1771/1706/1783
f 1772/1704/1781 1769/1699/1776 1767/1695/1771 698/1698/1774
f 4859/1707/1784 4760/1708/1785 4804/1703/1780 4858/1702/1779
f 4859/1707/1784 1773/1709/1786 1603/1393/1455 4843/1398/1460
f 1773/1709/1786 1775/1710/1497 620/1394/1456 1603/1393/1455
f 1775/1710/1497 1773/1709/1786 1771/1706/1783 699/1705/1782
f 622/1584/1652 1776/1711/1691 1777/1712/1787 1696/1587/1655
f 622/1584/1652 1693/1583/1651 1776/1711/1691
f 1778/1713/1788 1777/1712/1787 1776/1711/1691 629/1622/1690
f 1778/1713/1788 623/1714/1789 1777/1712/1787
f 1721/1620/1687 1776/1711/1691 1693/1583/1651 628/1570/1638
f 1778/1713/1788 1779/1715/1790 1780/1716/1791 623/1714/1789
f 1780/1716/1791 1779/1715/1790 1781/1717/1792
f 1780/1716/1791 1781/1717/1792 624/1718/1793 1799/1741/1794
f 1781/1717/1792 1779/1715/1790 1725/1626/1695 630/1628/1697
f 629/1622/1690 1725/1626/1695 1779/1715/1790 1778/1713/1788
f 1783/1720/1795 1781/1717/1792 1782/1719/1705 625/1722/1796
f 624/1718/1793 1781/1717/1792 1783/1720/1795 1801/1743/1797
f 1782/1719/1705 1784/1721/1798 625/1722/1796
f 1782/1719/1705 631/1634/1704 1784/1721/1798
f 1782/1719/1705 1781/1717/1792 630/1628/1697 1729/1632/1701
f 1785/1723/1799 1764/1691/1767 734/1692/1768 1786/1724/1800
f 1764/1691/1767 1785/1723/1799 1734/1639/1708 740/1642/1711
f 741/1640/1712 1785/1723/1799 1787/1725/1801 1807/1751/1802
f 741/1640/1712 1734/1639/1708 1785/1723/1799
f 1787/1725/1801 1785/1723/1799 1786/1724/1800
f 1787/1725/1801 1786/1724/1800 735/1726/1803 1805/1749/1804
f 1784/1721/1798 1788/1727/1805 1789/1728/1806 625/1722/1796
f 1788/1727/1805 1790/1729/1807 626/1730/1808 1789/1728/1806
f 1790/1729/1807 1788/1727/1805 1738/1647/1720
f 1790/1729/1807 1738/1647/1720 632/1649/1721 1791/1731/1809
f 1788/1727/1805 1784/1721/1798 631/1634/1704 1738/1647/1720
f 1790/1729/1807 1791/1731/1809 1792/1732/1810 626/1730/1808
f 1791/1731/1809 1793/1733/1811 627/1734/1812 1792/1732/1810
f 1793/1733/1811 1791/1731/1809 1742/1653/1723 633/1655/1729
f 632/1649/1721 1742/1653/1723 1791/1731/1809
f 1794/1735/1813 1795/1736/1814 1793/1733/1811 633/1655/1729
f 627/1734/1812 1793/1733/1811 1795/1736/1814 1815/1763/1815
f 1606/1400/1462 603/1402/1464 1794/1735/1813 1746/1659/1733
f 603/1402/1464 1795/1736/1814 1794/1735/1813
f 1746/1659/1733 600/1390/1452 1606/1400/1462
f 633/1655/1729 1746/1659/1733 1794/1735/1813
f 1796/1737/1816 1797/1738/1817 621/1588/1656
f 1796/1737/1816 621/1588/1656 1696/1587/1655 1777/1712/1787
f 640/1740/1818 1797/1738/1817 1796/1737/1816 1798/1739/1819
f 1798/1739/1819 1796/1737/1816 1777/1712/1787 623/1714/1789
f 1798/1739/1819 1799/1741/1794 1800/1742/1820 640/1740/1818
f 1801/1743/1797 1800/1742/1820 1799/1741/1794 624/1718/1793
f 1800/1742/1820 1801/1743/1797 641/1744/1821 1820/1769/1822
f 623/1714/1789 1780/1716/1791 1799/1741/1794 1798/1739/1819
f 641/1744/1821 1802/1745/1823 1803/1746/1824 1822/1771/1825
f 1802/1745/1823 641/1744/1821 1801/1743/1797 1783/1720/1795
f 1803/1746/1824 1802/1745/1823 1804/1747/1826 642/1748/1827
f 1802/1745/1823 1783/1720/1795 625/1722/1796 1804/1747/1826
f 1805/1749/1804 735/1726/1803 1806/1750/1828 1808/1752/1829
f 1807/1751/1802 1787/1725/1801 1805/1749/1804 742/1753/1830
f 742/1753/1830 1805/1749/1804 1808/1752/1829 1828/1779/1831
f 736/1754/1832 1808/1752/1829 1806/1750/1828 2064/2141/1833
f 1804/1747/1826 1809/1755/1834 1810/1756/1835 642/1748/1827
f 1809/1755/1834 1811/1757/1836 643/1758/1837 1810/1756/1835
f 1811/1757/1836 1809/1755/1834 1789/1728/1806 626/1730/1808
f 1809/1755/1834 1804/1747/1826 625/1722/1796 1789/1728/1806
f 1811/1757/1836 1812/1759/1838 1813/1760/1839 643/1758/1837
f 1812/1759/1838 1814/1761/1840 1813/1760/1839
f 644/1762/1841 1813/1760/1839 1814/1761/1840 1815/1763/1815
f 1812/1759/1838 1792/1732/1810 627/1734/1812 1814/1761/1840
f 1812/1759/1838 1811/1757/1836 626/1730/1808 1792/1732/1810
f 1816/1764/1842 644/1762/1841 1815/1763/1815
f 1816/1764/1842 1815/1763/1815 1609/1404/1466 605/1406/1468
f 603/1402/1464 1609/1404/1466 1815/1763/1815 1795/1736/1814
f 1815/1763/1815 1814/1761/1840 627/1734/1812
f 1817/1765/1843 1818/1766/1844 1699/1591/1658
f 645/1592/1659 1699/1591/1658 1818/1766/1844 1838/1793/1663
f 1819/1767/1845 1818/1766/1844 1817/1765/1843 640/1740/1818
f 646/1768/1846 1818/1766/1844 1819/1767/1845 1821/1770/1847
f 1817/1765/1843 1797/1738/1817 640/1740/1818
f 621/1588/1656 1797/1738/1817 1817/1765/1843 1699/1591/1658
f 1820/1769/1822 1821/1770/1847 1819/1767/1845 1800/1742/1820
f 1821/1770/1847 1820/1769/1822 1822/1771/1825 647/1772/1848
f 641/1744/1821 1822/1771/1825 1820/1769/1822
f 1819/1767/1845 640/1740/1818 1800/1742/1820
f 1822/1771/1825 1823/1773/1849 1824/1774/1850 647/1772/1848
f 1824/1774/1850 1823/1773/1849 1825/1775/1851 648/1776/1852
f 1825/1775/1851 1823/1773/1849 1803/1746/1824 642/1748/1827
f 1803/1746/1824 1823/1773/1849 1822/1771/1825
f 1826/1777/1853 1808/1752/1829 736/1754/1832
f 1827/1778/1854 1826/1777/1853 736/1754/1832 2040/2104/1855
f 1828/1779/1831 1808/1752/1829 1826/1777/1853 706/1781/1856
f 1829/1780/1857 706/1781/1856 1826/1777/1853 1827/1778/1854
f 1829/1780/1857 1827/1778/1854 707/1782/1858 1981/1990/1859
f 1825/1775/1851 1830/1783/1860 1831/1784/1861 648/1776/1852
f 1830/1783/1860 1832/1785/1862 649/1786/1863 1831/1784/1861
f 1832/1785/1862 1830/1783/1860 1810/1756/1835 643/1758/1837
f 1830/1783/1860 1825/1775/1851 642/1748/1827 1810/1756/1835
f 1832/1785/1862 1833/1787/1864 1834/1788/1865 649/1786/1863
f 1833/1787/1864 1835/1789/1866 1834/1788/1865
f 650/1790/1867 1834/1788/1865 1835/1789/1866 1836/1791/1473
f 1813/1760/1839 644/1762/1841 1833/1787/1864
f 1835/1789/1866 1833/1787/1864 644/1762/1841 1816/1764/1842
f 1833/1787/1864 1832/1785/1862 643/1758/1837 1813/1760/1839
f 650/1790/1867 1836/1791/1473 1837/1792/1868 1858/1822/1869
f 607/1410/1472 1837/1792/1868 1836/1791/1473
f 605/1406/1468 1612/1408/1470 1836/1791/1473 1816/1764/1842
f 1836/1791/1473 1835/1789/1866 1816/1764/1842
f 1702/1595/1662 1838/1793/1663 1839/1794/1870 651/1596/1661
f 652/1796/1871 1839/1794/1870 1838/1793/1663 1840/1795/1872
f 1838/1793/1663 1818/1766/1844 646/1768/1846 1840/1795/1872
f 1840/1795/1872 1841/1797/1873 1842/1798/1874 652/1796/1871
f 653/1800/1875 1842/1798/1874 1841/1797/1873 1843/1799/1876
f 1843/1799/1876 1841/1797/1873 1821/1770/1847 647/1772/1848
f 646/1768/1846 1821/1770/1847 1841/1797/1873 1840/1795/1872
f 1843/1799/1876 1844/1801/1877 1845/1802/1878 653/1800/1875
f 1846/1803/1879 1845/1802/1878 1844/1801/1877 648/1776/1852
f 1846/1803/1879 655/1804/1880 1845/1802/1878
f 1844/1801/1877 1824/1774/1850 648/1776/1852
f 647/1772/1848 1824/1774/1850 1844/1801/1877 1843/1799/1876
f 1847/1805/1881 1849/1806/1882 668/1807/1883 1848/1808/1884
f 1849/1806/1882 1847/1805/1881 1850/1809/1885 661/1810/1886
f 1847/1805/1881 1851/1811/1887 704/1812/1888 1850/1809/1885
f 1851/1811/1887 1847/1805/1881 1848/1808/1884
f 1851/1811/1887 1848/1808/1884 705/1813/1889 1977/1982/1890
f 1852/1814/1891 1853/1815/1892 655/1804/1880 1846/1803/1879
f 656/1817/1893 1852/1814/1891 1854/1816/1894 1856/1819/1895
f 1853/1815/1892 1852/1814/1891 656/1817/1893 1876/1849/1896
f 1854/1816/1894 1852/1814/1891 1831/1784/1861 649/1786/1863
f 1831/1784/1861 1852/1814/1891 1846/1803/1879 648/1776/1852
f 1857/1820/1897 1856/1819/1895 1854/1816/1894 1855/1818/1898
f 657/1821/1899 1856/1819/1895 1857/1820/1897 1858/1822/1869
f 1855/1818/1898 1834/1788/1865 650/1790/1867
f 1857/1820/1897 1855/1818/1898 650/1790/1867 1858/1822/1869
f 1855/1818/1898 1854/1816/1894 649/1786/1863 1834/1788/1865
f 1858/1822/1869 1859/1823/1900 657/1821/1899
f 1858/1822/1869 1615/1412/1475 609/1414/1477 1859/1823/1900
f 1858/1822/1869 1837/1792/1868 607/1410/1472 1615/1412/1475
f 1860/1824/1901 1861/1825/1902 1705/1599/1666 651/1596/1661
f 1705/1599/1666 1861/1825/1902 658/1600/1667
f 659/1827/1903 1861/1825/1902 1860/1824/1901 1862/1826/1904
f 1862/1826/1904 1860/1824/1901 1839/1794/1870 652/1796/1871
f 1839/1794/1870 1860/1824/1901 651/1596/1661
f 1863/1828/1905 1864/1829/1906 659/1827/1903 1862/1826/1904
f 1864/1829/1906 1863/1828/1905 1865/1830/1907 660/1831/1908
f 1865/1830/1907 1863/1828/1905 1842/1798/1874 653/1800/1875
f 652/1796/1871 1842/1798/1874 1863/1828/1905 1862/1826/1904
f 1867/1833/1909 1865/1830/1907 1866/1832/1910 662/1835/1911
f 1867/1833/1909 660/1831/1908 1865/1830/1907
f 662/1835/1911 1866/1832/1910 1868/1834/1912 1875/1848/1913
f 1866/1832/1910 1845/1802/1878 655/1804/1880 1868/1834/1912
f 1845/1802/1878 1866/1832/1910 1865/1830/1907 653/1800/1875
f 4350/1836/1914 4345/1837/1915 654/1838/1916 1870/1839/1917
f 1871/1840/1918 1869/1841/1919 1872/1842/1920 661/1810/1886
f 1869/1841/1919 1873/1843/1921 682/1844/1922 1872/1842/1920
f 1873/1843/1921 1869/1841/1919 4291/1845/1923
f 1873/1843/1921 4291/1845/1923 4287/1846/1924 1911/1894/1925
f 1874/1847/1926 1875/1848/1913 1868/1834/1912 655/1804/1880
f 1876/1849/1896 1875/1848/1913 1874/1847/1926 1853/1815/1892
f 1876/1849/1896 663/1850/1927 1875/1848/1913
f 655/1804/1880 1853/1815/1892 1874/1847/1926
f 663/1850/1927 1877/1851/1928 1878/1852/1929 1896/1874/1930
f 1877/1851/1928 663/1850/1927 1876/1849/1896 1856/1819/1895
f 1878/1852/1929 1877/1851/1928 1879/1853/1931
f 1878/1852/1929 1879/1853/1931 664/1854/1932 1897/1876/1933
f 1877/1851/1928 1856/1819/1895 657/1821/1899
f 1879/1853/1931 1877/1851/1928 657/1821/1899 1859/1823/1900
f 1876/1849/1896 656/1817/1893 1856/1819/1895
f 1881/1856/1934 664/1854/1932 1880/1855/1935 611/1418/1481
f 664/1854/1932 1879/1853/1931 1880/1855/1935
f 1880/1855/1935 1618/1416/1479 611/1418/1481
f 1859/1823/1900 1618/1416/1479 1880/1855/1935 1879/1853/1931
f 1859/1823/1900 609/1414/1477 1618/1416/1479
f 1708/1603/1671 1882/1857/1936 1883/1858/1937 665/1604/1672
f 1883/1858/1937 1882/1857/1936 1884/1859/1938 666/1860/1939
f 1884/1859/1938 1882/1857/1936 1861/1825/1902 659/1827/1903
f 658/1600/1667 1861/1825/1902 1882/1857/1936 1708/1603/1671
f 666/1860/1939 1885/1861/1940 1886/1862/1941 1904/1884/1942
f 666/1860/1939 1884/1859/1938 1885/1861/1940
f 1886/1862/1941 1885/1861/1940 1887/1863/1943
f 1886/1862/1941 1887/1863/1943 667/1864/1944 1905/1886/1945
f 1887/1863/1943 1885/1861/1940 1864/1829/1906 660/1831/1908
f 1864/1829/1906 1885/1861/1940 1884/1859/1938 659/1827/1903
f 1889/1866/1946 667/1864/1944 1888/1865/1947 1890/1867/1948
f 1888/1865/1947 667/1864/1944 1887/1863/1943 660/1831/1908
f 1889/1866/1946 1890/1867/1948 669/1868/1949 1908/1890/1950
f 1867/1833/1909 662/1835/1911 1888/1865/1947 660/1831/1908
f 662/1835/1911 1890/1867/1948 1888/1865/1947
f 1849/1806/1882 1891/1869/1951 1892/1870/1719 668/1807/1883
f 1891/1869/1951 1893/1871/1952 689/1645/1716 1892/1870/1719
f 1893/1871/1952 1891/1869/1951 1872/1842/1920 682/1844/1922
f 1891/1869/1951 1849/1806/1882 661/1810/1886 1872/1842/1920
f 1890/1867/1948 1894/1872/1953 1895/1873/1954 669/1868/1949
f 1894/1872/1953 1896/1874/1930 670/1875/1955 1895/1873/1954
f 1894/1872/1953 1875/1848/1913 663/1850/1927 1896/1874/1930
f 1875/1848/1913 1894/1872/1953 1890/1867/1948 662/1835/1911
f 1897/1876/1933 1898/1877/1956 670/1875/1955
f 1897/1876/1933 670/1875/1955 1896/1874/1930 1878/1852/1929
f 1898/1877/1956 1897/1876/1933 1899/1878/1957 671/1879/1958
f 664/1854/1932 1899/1878/1957 1897/1876/1933
f 671/1879/1958 1900/1880/1959 1901/1881/1485 1919/1906/1960
f 671/1879/1958 1899/1878/1957 1900/1880/1959
f 1901/1881/1485 1900/1880/1959 1621/1420/1483
f 1621/1420/1483 1900/1880/1959 1881/1856/1934 611/1418/1481
f 1900/1880/1959 1899/1878/1957 664/1854/1932 1881/1856/1934
f 1711/1607/1675 1902/1882/1961 1903/1883/1676
f 1902/1882/1961 1904/1884/1942 673/1885/1962 1903/1883/1676
f 1902/1882/1961 1883/1858/1937 666/1860/1939 1904/1884/1942
f 1902/1882/1961 1711/1607/1675 665/1604/1672 1883/1858/1937
f 1905/1886/1945 1906/1887/1963 673/1885/1962 1904/1884/1942
f 1907/1888/1964 1906/1887/1963 1905/1886/1945 667/1864/1944
f 1907/1888/1964 674/1889/1965 1906/1887/1963
f 1886/1862/1941 1905/1886/1945 1904/1884/1942
f 1908/1890/1950 1909/1891/1966 674/1889/1965 1907/1888/1964
f 1909/1891/1966 1908/1890/1950 1910/1892/1967 676/1893/1968
f 1910/1892/1967 1908/1890/1950 669/1868/1949 1895/1873/1954
f 1889/1866/1946 1908/1890/1950 1907/1888/1964 667/1864/1944
f 1911/1894/1925 4287/1846/1924 4292/1895/1969 1913/1897/1970
f 1873/1843/1921 1911/1894/1925 1912/1896/1971 682/1844/1922
f 1911/1894/1925 1913/1897/1970 701/1898/1972 1912/1896/1971
f 1913/1897/1970 4292/1895/1969 4288/1899/1973 2014/2071/1974
f 1915/1901/1975 676/1893/1968 1914/1900/1976 1916/1902/1977
f 676/1893/1968 1910/1892/1967 1914/1900/1976
f 1916/1902/1977 677/1903/1978 1915/1901/1975
f 1895/1873/1954 670/1875/1955 1914/1900/1976 1910/1892/1967
f 670/1875/1955 1916/1902/1977 1914/1900/1976
f 1917/1904/1979 1918/1905/1980 677/1903/1978 1916/1902/1977
f 1917/1904/1979 1919/1906/1960 678/1907/1981 1918/1905/1980
f 1917/1904/1979 1898/1877/1956 671/1879/1958 1919/1906/1960
f 1898/1877/1956 1917/1904/1979 1916/1902/1977 670/1875/1955
f 1920/1908/1982 1921/1909/1983 678/1907/1981 1919/1906/1960
f 1921/1909/1983 1920/1908/1982 1624/1424/1487
f 1921/1909/1983 1624/1424/1487 615/1426/1488 1939/1932/1984
f 1920/1908/1982 1901/1881/1485 613/1422/1484 1624/1424/1487
f 1901/1881/1485 1920/1908/1982 1919/1906/1960
f 1922/1910/1985 1923/1911/1986 679/1612/1679 1714/1611/1677
f 1923/1911/1986 1922/1910/1985 1924/1912/1987
f 1923/1911/1986 1924/1912/1987 680/1913/1988 1941/1934/1989
f 1922/1910/1985 1903/1883/1676 673/1885/1962 1924/1912/1987
f 1903/1883/1676 1922/1910/1985 1714/1611/1677 672/1608/1674
f 680/1913/1988 1925/1914/1990 1926/1915/1991 1943/1936/1992
f 680/1913/1988 1924/1912/1987 1925/1914/1990
f 1926/1915/1991 1925/1914/1990 1927/1916/1993
f 1926/1915/1991 1927/1916/1993 681/1917/1994 1944/1938/1995
f 1925/1914/1990 1906/1887/1963 674/1889/1965 1927/1916/1993
f 1906/1887/1963 1925/1914/1990 1924/1912/1987 673/1885/1962
f 1928/1918/1996 1929/1919/1997 681/1917/1994 1927/1916/1993
f 1929/1919/1997 1928/1918/1996 1930/1920/1998 683/1921/1999
f 1930/1920/1998 1928/1918/1996 1909/1891/1966 676/1893/1968
f 1909/1891/1966 1928/1918/1996 1927/1916/1993 674/1889/1965
f 1736/1643/1715 1893/1871/1952 1931/1922/2000 722/1644/1717
f 1736/1643/1715 689/1645/1716 1893/1871/1952
f 722/1644/1717 1931/1922/2000 1932/1923/2001 2083/2165/2002
f 1912/1896/1971 1932/1923/2001 1931/1922/2000 682/1844/1922
f 1912/1896/1971 701/1898/1972 1932/1923/2001
f 1931/1922/2000 1893/1871/1952 682/1844/1922
f 1933/1924/2003 1934/1925/2004 683/1921/1999 1930/1920/1998
f 1934/1925/2004 1933/1924/2003 1935/1926/2005 684/1927/2006
f 1933/1924/2003 1915/1901/1975 677/1903/1978 1935/1926/2005
f 1915/1901/1975 1933/1924/2003 1930/1920/1998 676/1893/1968
f 1936/1928/2007 1937/1929/2008 684/1927/2006 1935/1926/2005
f 1937/1929/2008 1936/1928/2007 1938/1930/2009 685/1931/2010
f 1936/1928/2007 1918/1905/1980 678/1907/1981 1938/1930/2009
f 1918/1905/1980 1936/1928/2007 1935/1926/2005 677/1903/1978
f 1939/1932/1984 1940/1933/2011 685/1931/2010 1938/1930/2009
f 1627/1428/1489 1940/1933/2011 1939/1932/1984 615/1426/1488
f 1940/1933/2011 1627/1428/1489 617/1430/1491 1959/1957/2012
f 1921/1909/1983 1939/1932/1984 1938/1930/2009 678/1907/1981
f 1941/1934/1989 1942/1935/2013 686/1616/1683 1717/1615/1682
f 1942/1935/2013 1941/1934/1989 1943/1936/1992 687/1937/2014
f 680/1913/1988 1943/1936/1992 1941/1934/1989
f 1923/1911/1986 1941/1934/1989 1717/1615/1682 679/1612/1679
f 1944/1938/1995 1945/1939/2015 687/1937/2014 1943/1936/1992
f 1945/1939/2015 1944/1938/1995 1946/1940/2016 688/1941/2017
f 681/1917/1994 1946/1940/2016 1944/1938/1995
f 1926/1915/1991 1944/1938/1995 1943/1936/1992
f 1947/1942/2018 1948/1943/2019 688/1941/2017 1946/1940/2016
f 1948/1943/2019 1947/1942/2018 1949/1944/2020 690/1945/2021
f 1947/1942/2018 1929/1919/1997 683/1921/1999 1949/1944/2020
f 1929/1919/1997 1947/1942/2018 1946/1940/2016 681/1917/1994
f 1828/1779/1831 1951/1946/2022 1950/1947/2023 742/1753/1830
f 1951/1946/2022 1828/1779/1831 706/1781/1856 1979/1987/2024
f 742/1753/1830 1950/1947/2023 1952/1948/2025 1807/1751/1802
f 1952/1948/2025 1950/1947/2023 1848/1808/1884 668/1807/1883
f 1950/1947/2023 1951/1946/2022 705/1813/1889 1848/1808/1884
f 1953/1949/2026 1954/1950/2027 690/1945/2021 1949/1944/2020
f 1954/1950/2027 1953/1949/2026 1955/1951/2028
f 691/1952/2029 1954/1950/2027 1955/1951/2028 1956/1953/2030
f 1953/1949/2026 1934/1925/2004 684/1927/2006 1955/1951/2028
f 1934/1925/2004 1953/1949/2026 1949/1944/2020 683/1921/1999
f 1957/1954/2031 691/1952/2029 1956/1953/2030 1958/1955/2032
f 692/1956/2033 1957/1954/2031 1958/1955/2032 1959/1957/2012
f 1956/1953/2030 1937/1929/2008 685/1931/2010 1958/1955/2032
f 1937/1929/2008 1956/1953/2030 1955/1951/2028 684/1927/2006
f 1959/1957/2012 1960/1958/2034 692/1956/2033
f 1960/1958/2034 1959/1957/2012 1630/1432/1493 619/1434/1494
f 617/1430/1491 1630/1432/1493 1959/1957/2012
f 1940/1933/2011 1959/1957/2012 1958/1955/2032 685/1931/2010
f 1961/1959/2035 1751/1666/1741 693/1579/1647 1719/1618/1685
f 1751/1666/1741 1961/1959/2035 1962/1960/2036 694/1667/1742
f 1961/1959/2035 1942/1935/2013 687/1937/2014 1962/1960/2036
f 1942/1935/2013 1961/1959/2035 1719/1618/1685 686/1616/1683
f 1963/1961/2037 1755/1674/1748 694/1667/1742 1962/1960/2036
f 1755/1674/1748 1963/1961/2037 1964/1962/2038 695/1675/1749
f 1963/1961/2037 1945/1939/2015 688/1941/2017 1964/1962/2038
f 1945/1939/2015 1963/1961/2037 1962/1960/2036 687/1937/2014
f 1965/1963/2039 1759/1682/1757 695/1675/1749 1964/1962/2038
f 1759/1682/1757 1965/1963/2039 1966/1964/2040 697/1683/1758
f 1965/1963/2039 1948/1943/2019 690/1945/2021 1966/1964/2040
f 1948/1943/2019 1965/1963/2039 1964/1962/2038 688/1941/2017
f 1807/1751/1802 1952/1948/2025 1967/1965/1713 741/1640/1712
f 1733/1637/1709 1967/1965/1713 1892/1870/1719
f 1967/1965/1713 1952/1948/2025 668/1807/1883 1892/1870/1719
f 697/1683/1758 1966/1964/2040 1968/1966/1775
f 1768/1697/1773 1968/1966/1775 1969/1967/2041 698/1698/1774
f 1954/1950/2027 691/1952/2029 1968/1966/1775 1966/1964/2040
f 1969/1967/2041 1968/1966/1775 691/1952/2029 1957/1954/2031
f 1966/1964/2040 690/1945/2021 1954/1950/2027
f 1970/1968/2042 1772/1704/1781 698/1698/1774 1969/1967/2041
f 1772/1704/1781 1970/1968/2042 1971/1969/2043
f 699/1705/1782 1772/1704/1781 1971/1969/2043 1972/1970/1496
f 1957/1954/2031 692/1956/2033 1970/1968/2042 1969/1967/2041
f 1971/1969/2043 1970/1968/2042 692/1956/2033 1960/1958/2034
f 1775/1710/1497 699/1705/1782 1972/1970/1496 1633/1436/1495
f 1960/1958/2034 619/1434/1494 1972/1970/1496 1971/1969/2043
f 4360/1971/2044 4303/1972/2045 4298/1973/2046 4357/1974/2047
f 1973/1975/2048 1975/1976/2049 4068/1977/2050 4066/1978/2051
f 1973/1975/2048 1976/1979/2052 704/1812/1888 1975/1976/2049
f 4289/1980/2053 1976/1979/2052 1973/1975/2048 4293/1981/2054
f 1977/1982/1890 1978/1983/2055 4070/1984/2056 4069/1985/2057
f 705/1813/1889 1978/1983/2055 1977/1982/1890
f 1851/1811/1887 1977/1982/1890 1975/1976/2049 704/1812/1888
f 1975/1976/2049 1977/1982/1890 4069/1985/2057 4068/1977/2050
f 4071/1986/2058 1979/1987/2024 1980/1988/2059 4072/1989/2060
f 1980/1988/2059 1979/1987/2024 706/1781/1856 1829/1780/1857
f 1951/1946/2022 1979/1987/2024 1978/1983/2055 705/1813/1889
f 4070/1984/2056 1978/1983/2055 1979/1987/2024 4071/1986/2058
f 707/1782/1858 1982/1991/2061 4074/1992/2062 1981/1990/1859
f 4044/2002/2063 4073/1993/2064 1981/1990/1859 4074/1992/2062
f 4073/1993/2064 1980/1988/2059 1829/1780/1857 1981/1990/1859
f 4072/1989/2060 4073/1993/2064 4043/1994/2065 4042/1995/2066
f 1983/1996/2067 1984/1997/2068 4076/1998/2069 4075/1999/2070
f 709/2001/2071 1983/1996/2067 1985/2000/2072 2039/2106/2073
f 1984/1997/2068 1983/1996/2067 709/2001/2071 1986/2011/2074
f 1982/1991/2061 1985/2000/2072 4075/1999/2070 4045/2003/2075
f 4075/1999/2070 1985/2000/2072 1983/1996/2067
f 1985/2000/2072 1982/1991/2061 707/1782/1858 2038/2103/2076
f 4045/2003/2075 3594/2004/2077 4074/1992/2062 1982/1991/2061
f 4074/1992/2062 3594/2004/2077 4044/2002/2063
f 6422/4609/2078 3580/2005/2079 4044/2002/2063 3594/2004/2077
f 4077/5132/2080 4048/2007/2081 3588/2008/2082 4047/2006/2083
f 6420/4603/2084 3589/2009/2085 4047/2006/2083 3588/2008/2082
f 1987/2010/2086 1986/2011/2074 1988/2012/2087
f 711/2013/2088 1987/2010/2086 1988/2012/2087 2025/2086/2089
f 1988/2012/2087 1986/2011/2074 709/2001/2071 2047/2114/2090
f 4046/2014/2091 4047/2006/2083 3589/2009/2085 3590/2015/2092
f 1990/2017/2093 4080/2018/2094 1989/2016/2095 1991/2020/2096
f 4080/2018/2094 4079/2019/2097 1989/2016/2095
f 1991/2020/2096 713/2021/2098 1990/2017/2093
f 1987/2010/2086 711/2013/2088 1989/2016/2095 4079/2019/2097
f 1991/2020/2096 1989/2016/2095 711/2013/2088 2001/2050/1693
f 4078/2022/2099 4079/2019/2097 4049/2023/2100 4048/2007/2081
f 5886/2024/2101 5940/2025/2102 5934/2026/2103 6507/2027/2104
f 6507/2028/2104 6498/2029/2105 901/2030/2106 1993/2031/2107
f 1992/2032/2108 1990/2017/2093 713/2021/2098 1994/2033/2109
f 4050/2034/2110 4051/2035/2111 3510/2036/2112 3512/2037/2113
f 4294/2038/2114 1995/2039/2115 1976/1979/2052 4289/1980/2053
f 1976/1979/2052 1995/2039/2115 1850/1809/1885 704/1812/1888
f 1995/2039/2115 1871/1840/1918 661/1810/1886 1850/1809/1885
f 4286/2040/2116 1871/1840/1918 1995/2039/2115 4294/2038/2114
f 5910/2042/2117 5872/2043/1505 6038/6673/2118
f 5936/2041/2119 6038/6673/2118 5872/2043/1505 5882/2044/2120
f 1997/2045/2121 1999/2046/2122 599/1440/1501 1636/1439/1500
f 1999/2046/2122 1997/2045/2121 1994/2033/2109 713/2021/2098
f 6498/2029/2105 5882/2047/2120 1998/2048/2123 901/2030/2106
f 1999/2046/2122 2000/2049/2124 1686/1571/1639 599/1440/1501
f 2001/2050/1693 639/1572/1640 2000/2049/2124 1991/2020/2096
f 639/1572/1640 1686/1571/1639 2000/2049/2124
f 2000/2049/2124 1999/2046/2122 713/2021/2098 1991/2020/2096
f 2002/2051/2125 1496/1232/1301 397/549/584 1598/1386/1448
f 2002/2051/2125 2003/2052/2126 547/1233/1302 1496/1232/1301
f 2004/2053/1735 2003/2052/2126 2002/2051/2125 601/1388/1450
f 2003/2052/2126 2004/2053/1735 718/2054/2127 2026/2087/2128
f 2002/2051/2125 1598/1386/1448 601/1388/1450
f 2005/2055/2129 2004/2053/1735 1747/1660/1734
f 2005/2055/2129 2006/2056/2130 718/2054/2127 2004/2053/1735
f 2005/2055/2129 2007/2057/2131 719/2058/2132 2006/2056/2130
f 2007/2057/2131 2005/2055/2129 1747/1660/1734 634/1657/1731
f 2008/2059/2133 2007/2057/2131 634/1657/1731 1744/1656/1730
f 2007/2057/2131 2008/2059/2133 2009/2060/2134 719/2058/2132
f 720/2062/2135 2008/2059/2133 2010/2061/2136 2012/2064/2137
f 2009/2060/2134 2008/2059/2133 720/2062/2135 2034/2097/2138
f 2010/2061/2136 2008/2059/2133 1744/1656/1730
f 2010/2061/2136 1744/1656/1730 635/1651/1725 2011/2063/2139
f 2011/2063/2139 635/1651/1725 1740/1650/1724 2013/2065/1727
f 2012/2064/2137 2010/2061/2136 2011/2063/2139 721/2066/2140
f 2011/2063/2139 2013/2065/1727 721/2066/2140
f 4354/2067/2141 4347/2068/2142 696/2069/2143 2015/2070/2144
f 1913/1897/1970 2014/2071/1974 2016/2072/2145 701/1898/1972
f 2016/2072/2145 2014/2071/1974 2017/2073/2146 744/2074/2147
f 4290/2075/2148 2017/2073/2146 2014/2071/1974 4295/2076/2149
f 2018/2077/2150 2013/2065/1727 636/1636/1706 1731/1635/1703
f 2013/2065/1727 2018/2077/2150 2019/2078/2151 721/2066/2140
f 2018/2077/2150 2020/2079/2152 723/2080/2153
f 2019/2078/2151 2018/2077/2150 723/2080/2153 2043/2109/2154
f 2020/2079/2152 2018/2077/2150 1731/1635/1703 637/1630/1699
f 2021/2081/2155 2020/2079/2152 637/1630/1699 1727/1629/1698
f 2020/2079/2152 2021/2081/2155 2022/2082/2156
f 723/2080/2153 2020/2079/2152 2022/2082/2156 2044/2111/2157
f 2023/2083/2158 724/2084/2159 2021/2081/2155 1727/1629/1698
f 2022/2082/2156 2021/2081/2155 724/2084/2159 2046/2113/2160
f 1727/1629/1698 638/1624/1692 2023/2083/2158
f 2024/2085/2161 2023/2083/2158 638/1624/1692 1723/1623/1689
f 2023/2083/2158 2024/2085/2161 2025/2086/2089 724/2084/2159
f 2001/2050/1693 711/2013/2088 2024/2085/2161 1723/1623/1689
f 711/2013/2088 2025/2086/2089 2024/2085/2161
f 2003/2052/2126 2026/2087/2128 1521/1269/1336 547/1233/1302
f 2026/2087/2128 2027/2088/2162 555/1270/1337 1521/1269/1336
f 2028/2089/2163 2027/2088/2162 2026/2087/2128 718/2054/2127
f 2027/2088/2162 2028/2089/2163 725/2090/2164 2048/2115/2165
f 2006/2056/2130 2029/2091/2166 2028/2089/2163 718/2054/2127
f 725/2090/2164 2029/2091/2166 2030/2092/2167 2050/2117/2168
f 725/2090/2164 2028/2089/2163 2029/2091/2166
f 2030/2092/2167 2029/2091/2166 2031/2093/2169 726/2094/2170
f 2029/2091/2166 2006/2056/2130 719/2058/2132 2031/2093/2169
f 2032/2095/2171 2031/2093/2169 719/2058/2132 2009/2060/2134
f 2032/2095/2171 2033/2096/2172 726/2094/2170 2031/2093/2169
f 2034/2097/2138 727/2098/2173 2032/2095/2171 2009/2060/2134
f 727/2098/2173 2033/2096/2172 2032/2095/2171
f 2034/2097/2138 720/2062/2135 2035/2099/2174 2036/2100/2175
f 2035/2099/2174 720/2062/2135 2012/2064/2137 2037/2101/2176
f 2036/2100/2175 727/2098/2173 2034/2097/2138
f 2035/2099/2174 2037/2101/2176 728/2102/2177 2036/2100/2175
f 2012/2064/2137 721/2066/2140 2037/2101/2176
f 2038/2103/2076 2040/2104/1855 730/2105/2178
f 2038/2103/2076 730/2105/2178 2039/2106/2073 1985/2000/2072
f 1827/1778/1854 2040/2104/1855 2038/2103/2076 707/1782/1858
f 2037/2101/2176 721/2066/2140 2041/2107/2179 2042/2108/2180
f 721/2066/2140 2019/2078/2151 2041/2107/2179
f 2042/2108/2180 728/2102/2177 2037/2101/2176
f 2043/2109/2154 729/2110/2181 2041/2107/2179 2019/2078/2151
f 729/2110/2181 2042/2108/2180 2041/2107/2179
f 2043/2109/2154 723/2080/2153 2044/2111/2157 2045/2112/2182
f 729/2110/2181 2043/2109/2154 2045/2112/2182 2064/2141/1833
f 2046/2113/2160 730/2105/2178 2044/2111/2157 2022/2082/2156
f 2045/2112/2182 2044/2111/2157 730/2105/2178 2040/2104/1855
f 2047/2114/2090 2046/2113/2160 724/2084/2159 2025/2086/2089
f 2039/2106/2073 2046/2113/2160 2047/2114/2090 709/2001/2071
f 2039/2106/2073 730/2105/2178 2046/2113/2160
f 1988/2012/2087 2047/2114/2090 2025/2086/2089
f 2027/2088/2162 2048/2115/2165 1544/1299/1366 555/1270/1337
f 2048/2115/2165 2049/2116/2183 562/1300/1367 1544/1299/1366
f 2049/2116/2183 2048/2115/2165 2050/2117/2168 731/2118/2184
f 725/2090/2164 2050/2117/2168 2048/2115/2165
f 2030/2092/2167 2051/2119/2185 2050/2117/2168
f 2051/2119/2185 2052/2120/2186 731/2118/2184 2050/2117/2168
f 2052/2120/2186 2051/2119/2185 2053/2121/2187 732/2122/2188
f 2051/2119/2185 2030/2092/2167 726/2094/2170 2053/2121/2187
f 2033/2096/2172 2054/2123/2189 2053/2121/2187 726/2094/2170
f 2054/2123/2189 2055/2124/2190 732/2122/2188 2053/2121/2187
f 2055/2124/2190 2054/2123/2189 2056/2125/2191 733/1687/1762
f 2054/2123/2189 2033/2096/2172 727/2098/2173 2056/2125/2191
f 2057/2126/2192 2056/2125/2191 727/2098/2173 2036/2100/2175
f 2056/2125/2191 2057/2126/2192 1761/1688/1763 733/1687/1762
f 2057/2126/2192 2058/2127/2193 734/1692/1768 1761/1688/1763
f 2058/2127/2193 2057/2126/2192 2036/2100/2175 728/2102/2177
f 4296/2128/2194 2059/2129/2195 2017/2073/2146 4290/2075/2148
f 2017/2073/2146 2059/2129/2195 2061/2130/2196 744/2074/2147
f 3786/2131/2197 3784/2132/2198 3463/2133/2199 3618/2134/2200
f 4356/2135/2201 4297/2136/2202 4301/2137/2203 4358/2138/2204
f 2062/2139/2205 2058/2127/2193 728/2102/2177 2042/2108/2180
f 2058/2127/2193 2062/2139/2205 1786/1724/1800 734/1692/1768
f 2063/2140/2206 735/1726/1803 2062/2139/2205 2042/2108/2180
f 735/1726/1803 1786/1724/1800 2062/2139/2205
f 2063/2140/2206 2042/2108/2180 729/2110/2181 2064/2141/1833
f 2063/2140/2206 2064/2141/1833 1806/1750/1828 735/1726/1803
f 2040/2104/1855 736/1754/1832 2064/2141/1833 2045/2112/2182
f 2049/2116/2183 2065/2142/2207 1562/1328/1391 562/1300/1367
f 2065/2142/2207 2066/2143/2208 569/1329/1392 1562/1328/1391
f 2066/2143/2208 2065/2142/2207 2067/2144/2209 737/2145/2210
f 2065/2142/2207 2049/2116/2183 731/2118/2184 2067/2144/2209
f 2052/2120/2186 2068/2146/2211 2067/2144/2209 731/2118/2184
f 2068/2146/2211 2069/2147/2212 737/2145/2210 2067/2144/2209
f 2069/2147/2212 2068/2146/2211 2070/2148/2213 738/2149/2214
f 2068/2146/2211 2052/2120/2186 732/2122/2188 2070/2148/2213
f 2055/2124/2190 2071/2150/2215 2070/2148/2213 732/2122/2188
f 738/2149/2214 2071/2150/2215 2072/2151/2216 2078/2158/2217
f 738/2149/2214 2070/2148/2213 2071/2150/2215
f 2072/2151/2216 2071/2150/2215 1762/1686/1761
f 2072/2151/2216 1762/1686/1761 739/1690/1764 2079/2160/2218
f 2071/2150/2215 2055/2124/2190 733/1687/1762 1762/1686/1761
f 2066/2143/2208 2073/2152/2219 1571/1340/1405 569/1329/1392
f 1571/1340/1405 2073/2152/2219 2074/2153/2220 577/1341/1406
f 2074/2153/2220 2073/2152/2219 2075/2154/2221 745/2155/2222
f 2073/2152/2219 2066/2143/2208 737/2145/2210 2075/2154/2221
f 2069/2147/2212 2076/2156/2223 2075/2154/2221 737/2145/2210
f 2076/2156/2223 2077/2157/2224 745/2155/2222 2075/2154/2221
f 2077/2157/2224 2076/2156/2223 2078/2158/2217 746/2159/2225
f 2076/2156/2223 2069/2147/2212 738/2149/2214 2078/2158/2217
f 2072/2151/2216 2079/2160/2218 2078/2158/2217
f 2079/2160/2218 2080/2161/2226 746/2159/2225 2078/2158/2217
f 2081/2162/1766 2080/2161/2226 2079/2160/2218 739/1690/1764
f 2081/2162/1766 747/2163/2227 2080/2161/2226
f 2081/2162/1766 1763/1689/1765 2082/2164/1718 747/2163/2227
f 2083/2165/2002 747/2163/2227 2082/2164/1718 722/1644/1717
f 1735/1641/1714 2082/2164/1718 1763/1689/1765 740/1642/1711
f 2083/2165/2002 1932/1923/2001 2084/2166/2228 2085/2167/2229
f 747/2163/2227 2083/2165/2002 2085/2167/2229 2098/2196/2230
f 2085/2167/2229 2084/2166/2228 2016/2072/2145
f 2085/2167/2229 2016/2072/2145 744/2074/2147 2087/2169/2231
f 2084/2166/2228 1932/1923/2001 701/1898/1972 2016/2072/2145
f 2061/2130/2196 2086/2168/2232 2087/2169/2231 744/2074/2147
f 2088/2170/2233 2087/2169/2231 2086/2168/2232 3822/2177/2234
f 2088/2170/2233 749/2171/2235 2087/2169/2231
f 3788/2172/2236 3787/2173/2237 3617/2174/2238 3616/2175/2239
f 2086/2168/2232 2061/2130/2196 3821/2176/2240 3822/2177/2234
f 2089/2178/2241 2090/2179/2242 749/2171/2235 2088/2170/2233
f 2090/2179/2242 2089/2178/2241 2091/2180/2243 750/2181/2244
f 3825/2182/2245 2091/2180/2243 2089/2178/2241 3824/2183/2246
f 3615/2184/2247 3789/2185/2248 3788/2172/2236 3616/2175/2239
f 2092/2186/2249 2093/2187/2250 750/2181/2244 2091/2180/2243
f 2092/2186/2249 1589/1377/1440 584/1376/1439 2093/2187/2250
f 3819/2189/2251 1589/1377/1440 2092/2186/2249 3826/2188/2252
f 3791/2191/2253 3826/2188/2252 3825/2182/2245 3790/2190/2254
f 2095/2193/2255 2094/2192/2256 2074/2153/2220 745/2155/2222
f 2094/2192/2256 1592/1380/1443 577/1341/1406 2074/2153/2220
f 1592/1380/1443 2094/2192/2256 2093/2187/2250 584/1376/1439
f 2094/2192/2256 2095/2193/2255 750/2181/2244 2093/2187/2250
f 2096/2194/2257 2077/2157/2224 746/2159/2225 2097/2195/2258
f 2095/2193/2255 2077/2157/2224 2096/2194/2257 750/2181/2244
f 2095/2193/2255 745/2155/2222 2077/2157/2224
f 2090/2179/2242 750/2181/2244 2096/2194/2257 2097/2195/2258
f 2097/2195/2258 749/2171/2235 2090/2179/2242
f 2080/2161/2226 747/2163/2227 2098/2196/2230 2097/2195/2258
f 2097/2195/2258 746/2159/2225 2080/2161/2226
f 2098/2196/2230 2087/2169/2231 749/2171/2235 2097/2195/2258
f 2087/2169/2231 2098/2196/2230 2085/2167/2229
f 2099/2198/2259 2101/2199/2260 2100/2197/2261 756/2205/2262
f 2101/2199/2260 779/2200/2263 2100/2197/2261
f 2102/2201/2264 780/2202/2265 2099/2198/2259 2103/2203/2266
f 780/2202/2265 2101/2199/2260 2099/2198/2259
f 2103/2203/2266 753/2204/2267 2102/2201/2264
f 756/2205/2262 2103/2203/2266 2099/2198/2259
f 4763/2209/2268 4860/2206/2269 4861/2207/2270 4770/2208/2271
f 2106/2210/2272 2104/2211/2273 2107/2212/2274
f 2106/2210/2272 2107/2212/2274 800/2213/2275 2274/2527/2276
f 2104/2211/2273 2108/2214/2277 754/2215/2278 2107/2212/2274
f 4860/2206/2269 4763/2209/2268 4759/2216/2279 4862/2217/2280
f 2109/2219/2281 2111/2220/2282 2110/2218/2283 767/2223/2284
f 2111/2220/2282 782/2221/2285 2110/2218/2283
f 2100/2197/2261 779/2200/2263 2109/2219/2281 2112/2222/2286
f 779/2200/2263 2111/2220/2282 2109/2219/2281
f 2112/2222/2286 756/2205/2262 2100/2197/2261
f 767/2223/2284 2112/2222/2286 2109/2219/2281
f 2114/2224/2287 2113/2225/2288 2115/2226/2289 784/2227/2290
f 2110/2218/2283 782/2221/2285 2113/2225/2288 2116/2228/2291
f 782/2221/2285 2115/2226/2289 2113/2225/2288
f 2116/2228/2291 767/2223/2284 2110/2218/2283
f 2113/2225/2288 2114/2224/2287 766/2229/2292 2116/2228/2291
f 2118/2230/2293 2117/2231/2294 2119/2232/2295 786/2233/2296
f 2117/2231/2294 2114/2224/2287 784/2227/2290 2119/2232/2295
f 2114/2224/2287 2117/2231/2294 2120/2234/2297 766/2229/2292
f 765/2235/2298 2117/2231/2294 2118/2230/2293 2124/2240/2299
f 765/2235/2298 2120/2234/2297 2117/2231/2294
f 2122/2236/2300 2121/2237/2301 2123/2238/2302
f 788/2239/2303 2122/2236/2300 2123/2238/2302 2358/2644/2304
f 2121/2237/2301 2118/2230/2293 786/2233/2296 2123/2238/2302
f 2118/2230/2293 2121/2237/2301 2124/2240/2299
f 2121/2237/2301 2122/2236/2300 764/2241/2305 2124/2240/2299
f 2126/2242/2306 2125/2243/2307 2127/2244/2308 790/2245/2309
f 2125/2243/2307 2122/2236/2300 788/2239/2303 2127/2244/2308
f 2122/2236/2300 2125/2243/2307 2128/2246/2310 764/2241/2305
f 763/2247/2311 2125/2243/2307 2126/2242/2306 2129/2249/2312
f 763/2247/2311 2128/2246/2310 2125/2243/2307
f 2131/2250/2313 2130/2248/2314 2129/2249/2312 790/2245/2309
f 2131/2250/2313 792/2251/2315 2130/2248/2314
f 2129/2249/2312 2126/2242/2306 790/2245/2309
f 2132/2252/2316 763/2247/2311 2129/2249/2312 762/2253/2317
f 762/2253/2317 2129/2249/2312 2130/2248/2314 2133/2254/2318
f 2133/2254/2318 2135/2255/2319 794/2256/2320 2134/2257/2321
f 2133/2254/2318 2130/2248/2314 792/2251/2315 2135/2255/2319
f 762/2253/2317 2133/2254/2318 2136/2258/2322 2619/3068/2323
f 2133/2254/2318 2134/2257/2321 761/2259/2324 2136/2258/2322
f 2137/2261/2325 2139/2262/2326 2138/2260/2327 760/2265/2328
f 2139/2262/2326 796/2263/2329 2138/2260/2327
f 2134/2257/2321 794/2256/2320 2137/2261/2325 2140/2264/2330
f 2139/2262/2326 2137/2261/2325 794/2256/2320 2420/2736/2331
f 2140/2264/2330 761/2259/2324 2134/2257/2321
f 2140/2264/2330 2137/2261/2325 760/2265/2328 2624/3074/2332
f 2141/2266/2333 2143/2267/2334 798/2268/2335 2142/2269/2336
f 2141/2266/2333 2138/2260/2327 796/2263/2329 2143/2267/2334
f 2138/2260/2327 2141/2266/2333 2144/2270/2337 760/2265/2328
f 2141/2266/2333 2142/2269/2336 759/2271/2338 2144/2270/2337
f 2145/2272/2339 2146/2273/2340 800/2213/2275 2107/2212/2274
f 2146/2273/2340 2145/2272/2339 2142/2269/2336 798/2268/2335
f 2145/2272/2339 2147/2274/2341 759/2271/2338 2142/2269/2336
f 2147/2274/2341 2145/2272/2339 2107/2212/2274 754/2215/2278
f 6230/2275/2342 6229/2276/2343 6165/2277/2344 6166/2278/2345
f 1637/1442/1503 5986/2279/2346 5973/2280/2347 751/1443/1504
f 778/2283/2348 2148/2281/2349 2151/2282/2350 2186/2387/2351
f 2148/2281/2349 778/2283/2348 2150/2284/2352 6229/2276/2343
f 2149/2285/2353 2151/2282/2350 2148/2281/2349 6230/2275/2342
f 2151/2282/2350 2149/2285/2353 777/2286/2354 2185/2384/2355
f 6017/2287/2356 6018/2288/2357 4846/2289/2358 4785/2290/2359
f 6232/2291/2360 2152/2292/2361 2154/2293/2362 6234/2294/2363
f 2154/2293/2362 2152/2292/2361 2155/2295/2364 797/2296/2365
f 4863/2297/2366 4795/2298/2367 4798/2299/2368 4864/2300/2369
f 6236/2301/2370 2157/2302/2371 2156/2303/2372 6235/2304/2373
f 2149/2285/2353 6235/2304/2373 2156/2303/2372 777/2286/2354
f 2149/2285/2353 6230/2275/2342 6235/2304/2373
f 777/2286/2354 2156/2303/2372 2158/2305/2374 2188/2388/2375
f 2158/2305/2374 2156/2303/2372 2157/2302/2371
f 776/2306/2376 2158/2305/2374 2157/2302/2371 2159/2313/2377
f 5989/2307/2378 1650/2308/2379 768/2309/2380 5977/2310/2381
f 5989/2307/2378 5976/2311/2382 758/2312/2383 1650/2308/2379
f 2159/2313/2377 2161/2314/2384 776/2306/2376
f 2161/2314/2384 2159/2313/2377 2160/2315/2385 781/2316/2386
f 5978/2317/2387 6176/2318/2388 6175/2319/2389 5990/2320/2390
f 5990/2320/2390 6175/2319/2389 6174/2321/2391 5977/2310/2381
f 781/2316/2386 2162/2322/2392 2164/2323/2393 2198/2404/2394
f 781/2316/2386 2160/2315/2385 2162/2322/2392
f 2164/2323/2393 2162/2322/2392 2163/2324/2395 783/2325/2396
f 2165/2328/2397 6242/2326/2398 2166/2327/2399 2167/2331/2400
f 2165/2328/2397 6241/2329/2401 6242/2326/2398
f 5991/2330/2402 5978/2317/2387 769/1501/1561 1658/1500/1560
f 2165/2328/2397 2167/2331/2400 783/2325/2396 2163/2324/2395
f 2167/2331/2400 2166/2327/2399 785/2332/2403 2202/2410/2404
f 5980/2333/2405 6180/2334/2406 6179/2335/2407 5992/2336/2408
f 1662/2337/2409 5992/2336/2408 5979/2338/2410 770/2339/2411
f 2170/2341/2412 785/2332/2403 2168/2340/2413 2169/2342/2414
f 2168/2340/2413 785/2332/2403 2166/2327/2399 6243/6816/2415
f 2170/2341/2412 2169/2342/2414 787/2343/2416 2205/2414/2417
f 5993/2344/2418 1666/2345/2419 772/1532/1598
f 5993/2344/2418 772/1532/1598 5981/2346/2420 6181/6820/2421
f 5980/2333/2405 771/2347/2422 5993/2344/2418 6180/2334/2406
f 771/2347/2422 1666/2345/2419 5993/2344/2418
f 2171/2348/2423 2173/2349/2424 787/2343/2416 2169/2342/2414
f 2173/2349/2424 2171/2348/2423 2172/2350/2425
f 2173/2349/2424 2172/2350/2425 789/2351/2426 2208/2418/2427
f 5982/2354/2428 5994/2352/2429 1670/1531/1597 773/2353/2430
f 6182/6817/2431 5981/2346/2420 772/1532/1598 5994/2352/2429
f 772/1532/1598 1670/1531/1597 5994/2352/2429
f 2176/2356/2432 789/2351/2426 2174/2355/2433 2175/2357/2434
f 2174/2355/2433 789/2351/2426 2172/2350/2425 6247/6892/2435
f 2175/2357/2434 791/2358/2436 2176/2356/2432
f 2177/2361/2437 6250/2359/2438 2178/2360/2439 2179/2364/2440
f 6249/2362/2441 6250/2359/2438 2177/2361/2437 2175/2357/2434
f 6249/2362/2441 2175/2357/2434 6248/2363/2442 6185/6884/2443
f 2177/2361/2437 2179/2364/2440 791/2358/2436 2175/2357/2434
f 793/2365/2444 2179/2364/2440 2178/2360/2439 2180/2372/2445
f 6251/6886/2446 6187/2368/2447 5984/2366/2448 6188/2367/2449
f 6187/2368/2447 5996/2369/2450 5984/2366/2448
f 5996/2369/2450 6187/2368/2447 6186/2370/2451 5983/2371/1619
f 793/2365/2444 2180/2372/2445 2182/2373/2452 2216/2428/2453
f 2182/2373/2452 2180/2372/2445 2181/2374/2454 795/2375/2455
f 5974/2376/2456 6170/2377/2457 6189/2378/2458 5997/2379/2459
f 1682/2381/2460 5997/2379/2459 5984/2366/2448 775/2380/2461
f 2183/2382/2462 2184/2383/2463 795/2375/2455 2181/2374/2454
f 2184/2383/2463 2183/2382/2462 2154/2293/2362 797/2296/2365
f 2185/2384/2355 2187/2385/2464 822/2386/2465
f 2186/2387/2351 2185/2384/2355 822/2386/2465 2498/2886/2466
f 2187/2385/2464 2185/2384/2355 2188/2388/2375 809/2389/2467
f 777/2286/2354 2188/2388/2375 2185/2384/2355
f 2151/2282/2350 2185/2384/2355 2186/2387/2351
f 2190/2390/2468 2189/2391/2469 2191/2392/2470 877/2393/2471
f 4866/2397/2472 4865/2394/2473 4779/2395/2474 4782/2396/2475
f 4779/2395/2474 4865/2394/2473 4864/2300/2369 4798/2299/2368
f 2189/2391/2469 2190/2390/2468 797/2296/2365 2155/2295/2364
f 2193/2398/2476 2194/2399/2477 809/2389/2467
f 2193/2398/2476 809/2389/2467 2188/2388/2375 2158/2305/2374
f 2195/2400/2478 2194/2399/2477 2193/2398/2476 776/2306/2376
f 2194/2399/2477 2195/2400/2478 802/2401/2479 2277/2530/2480
f 2193/2398/2476 2158/2305/2374 776/2306/2376
f 2196/2402/2481 2197/2403/2482 802/2401/2479 2195/2400/2478
f 2198/2404/2394 2197/2403/2482 2196/2402/2481 781/2316/2386
f 2197/2403/2482 2198/2404/2394 801/2405/2483 2297/2561/2484
f 2196/2402/2481 2161/2314/2384 781/2316/2386
f 2161/2314/2384 2196/2402/2481 2195/2400/2478 776/2306/2376
f 2199/2406/2485 2200/2407/2486 801/2405/2483 2198/2404/2394
f 2200/2407/2486 2199/2406/2485 2201/2408/2487 828/2409/2488
f 2199/2406/2485 2164/2323/2393 783/2325/2396 2201/2408/2487
f 2164/2323/2393 2199/2406/2485 2198/2404/2394
f 828/2409/2488 2202/2410/2404 2203/2411/2489 2320/2591/2490
f 828/2409/2488 2201/2408/2487 2202/2410/2404
f 2203/2411/2489 2202/2410/2404 2204/2412/2491 835/2413/2492
f 2204/2412/2491 2202/2410/2404 785/2332/2403 2170/2341/2412
f 2167/2331/2400 2202/2410/2404 2201/2408/2487 783/2325/2396
f 835/2413/2492 2205/2414/2417 2206/2415/2493 2340/2617/2494
f 2205/2414/2417 835/2413/2492 2204/2412/2491 2170/2341/2412
f 2207/2416/2495 2206/2415/2493 2205/2414/2417 787/2343/2416
f 2206/2415/2493 2207/2416/2495 842/2417/2496 2360/2646/2497
f 2207/2416/2495 2208/2418/2427 2209/2419/2498 842/2417/2496
f 2210/2420/2499 2209/2419/2498 2208/2418/2427 789/2351/2426
f 2210/2420/2499 849/2421/2500 2209/2419/2498
f 2173/2349/2424 2208/2418/2427 2207/2416/2495 787/2343/2416
f 2212/2423/2501 849/2421/2500 2211/2422/2502 2213/2424/2503
f 2211/2422/2502 849/2421/2500 2210/2420/2499 2176/2356/2432
f 2212/2423/2501 2213/2424/2503 856/2425/2504 2401/2705/2505
f 2211/2422/2502 2176/2356/2432 791/2358/2436 2213/2424/2503
f 2210/2420/2499 789/2351/2426 2176/2356/2432
f 2214/2426/2506 2215/2427/2507 856/2425/2504 2213/2424/2503
f 2215/2427/2507 2214/2426/2506 2216/2428/2453 863/2429/2508
f 2214/2426/2506 2179/2364/2440 793/2365/2444 2216/2428/2453
f 2179/2364/2440 2214/2426/2506 2213/2424/2503 791/2358/2436
f 2217/2430/2509 2218/2431/2510 863/2429/2508
f 2217/2430/2509 863/2429/2508 2216/2428/2453 2182/2373/2452
f 870/2433/2511 2217/2430/2509 2219/2432/2512 2221/2435/2513
f 2218/2431/2510 2217/2430/2509 870/2433/2511 2442/2763/2514
f 2217/2430/2509 2182/2373/2452 795/2375/2455 2219/2432/2512
f 2221/2435/2513 2219/2432/2512 2220/2434/2515 877/2393/2471
f 2220/2434/2515 2190/2390/2468 877/2393/2471
f 2220/2434/2515 2184/2383/2463 797/2296/2365 2190/2390/2468
f 2220/2434/2515 2219/2432/2512 795/2375/2455 2184/2383/2463
f 2223/2439/2516 2222/2436/2517 2224/2437/2518 821/2438/2519
f 2222/2436/2517 2225/2440/2520 810/2441/2521
f 2224/2437/2518 2222/2436/2517 810/2441/2521 2229/2446/2522
f 2222/2436/2517 2187/2385/2464 809/2389/2467 2225/2440/2520
f 2187/2385/2464 2222/2436/2517 2223/2439/2516
f 822/2386/2465 2187/2385/2464 2223/2439/2516 2521/2923/2523
f 2228/2444/2524 2227/2442/2525 2226/2443/2526 811/2447/2527
f 820/2445/2528 2227/2442/2525 2228/2444/2524 2230/2449/2529
f 811/2447/2527 2226/2443/2526 2229/2446/2522 2281/2535/2530
f 2229/2446/2522 2226/2443/2526 2224/2437/2518
f 2226/2443/2526 2227/2442/2525 821/2438/2519 2224/2437/2518
f 2232/2450/2531 2231/2448/2532 2230/2449/2529 813/2453/2533
f 2231/2448/2532 2232/2450/2531 818/2451/2534 2515/2915/2535
f 2230/2449/2529 2233/2452/2536 813/2453/2533
f 2233/2452/2536 2230/2449/2529 2228/2444/2524 811/2447/2527
f 820/2445/2528 2230/2449/2529 2231/2448/2532 2516/2918/2537
f 2236/2456/2538 2235/2454/2539 2234/2455/2540 931/2459/2541
f 2236/2456/2538 909/2457/2542 2235/2454/2539
f 2234/2455/2540 2237/2458/2543 931/2459/2541
f 2234/2455/2540 2238/2460/2544 933/2461/2545 2237/2458/2543
f 2238/2460/2544 2234/2455/2540 2235/2454/2539 873/2462/2546
f 2240/2463/2547 2239/2464/2548 2241/2465/2549 817/2466/2550
f 814/2468/2551 2239/2464/2548 2242/2467/2552 2290/2552/2553
f 814/2468/2551 2241/2465/2549 2239/2464/2548
f 2242/2467/2552 2239/2464/2548 2232/2450/2531 813/2453/2533
f 2239/2464/2548 2240/2463/2547 818/2451/2534 2232/2450/2531
f 2244/2469/2554 2243/2470/2555 2245/2471/2556 816/2472/2557
f 2243/2470/2555 2246/2473/2558 815/2474/2559 2245/2471/2556
f 2246/2473/2558 2243/2470/2555 2241/2465/2549 814/2468/2551
f 2243/2470/2555 2244/2469/2554 817/2466/2550 2241/2465/2549
f 2248/2475/2560 2247/2476/2561 2101/2199/2260 780/2202/2265
f 2247/2476/2561 2249/2477/2562 779/2200/2263 2101/2199/2260
f 2249/2477/2562 2247/2476/2561 2245/2471/2556 815/2474/2559
f 2247/2476/2561 2248/2475/2560 816/2472/2557 2245/2471/2556
f 2251/2478/2563 2250/2479/2564 2252/2480/2565 878/2481/2566
f 4868/2482/2567 2252/2480/2565 2250/2479/2564 4867/2483/2568
f 4867/2483/2568 2250/2479/2564 2191/2392/2470 4866/2397/2472
f 2250/2479/2564 2251/2478/2563 877/2393/2471 2191/2392/2470
f 2255/2484/2569 2254/2485/2570 2256/2486/2571 879/2487/2572
f 4870/2491/2573 4869/2488/2574 4819/2489/2575 4800/2490/2576
f 4869/2488/2574 4868/2482/2567 4820/2492/2577 4819/2489/2575
f 2254/2485/2570 2255/2484/2569 878/2481/2566 2252/2480/2565
f 2259/2493/2578 2258/2494/2579 2260/2495/2580 881/2496/2581
f 2260/2495/2580 2258/2494/2579 4871/2497/2582 4872/2498/2583
f 4871/2497/2582 2258/2494/2579 2256/2486/2571 4870/2491/2573
f 2258/2494/2579 2259/2493/2578 879/2487/2572 2256/2486/2571
f 2264/2501/2584 2263/2499/2585 2262/2500/2586 805/2504/2587
f 819/2502/2588 2263/2499/2585 2264/2501/2584 2306/2573/2589
f 2262/2500/2586 2265/2503/2590 805/2504/2587
f 3794/2505/2591 3792/2506/2592 3475/2507/2593 3583/2508/2594
f 2262/2500/2586 2263/2499/2585 3828/2509/2595 3827/2510/2596
f 2268/2512/2597 882/2513/2598 2266/2511/2599 4873/2515/2600
f 882/2513/2598 2267/2514/2601 2266/2511/2599
f 2266/2511/2599 2267/2514/2601 881/2496/2581 4872/2498/2583
f 4873/2515/2600 4812/2516/2602 4816/2517/2603 4874/2518/2604
f 2260/2495/2580 4872/2498/2583 881/2496/2581
f 4872/2498/2583 4873/2515/2600 2266/2511/2599
f 2272/2521/2605 2271/2519/2606 2270/2520/2607 4876/2526/2608
f 2272/2521/2605 883/2522/2609 2271/2519/2606
f 4875/2523/2610 4815/2524/2611 4767/2525/2612 4876/2526/2608
f 4815/2524/2611 4875/2523/2610 4874/2518/2604 4816/2517/2603
f 2268/2512/2597 2270/2520/2607 2271/2519/2606 882/2513/2598
f 800/2213/2275 2275/2528/2613 2274/2527/2276
f 4861/2207/2270 2106/2210/2272 2274/2527/2276 4877/2529/2614
f 4877/2529/2614 2274/2527/2276 2272/2521/2605 4876/2526/2608
f 2274/2527/2276 2275/2528/2613 883/2522/2609 2272/2521/2605
f 2277/2530/2480 2278/2531/2615 810/2441/2521 2225/2440/2520
f 2278/2531/2615 2277/2530/2480 2279/2532/2616 803/2533/2617
f 2279/2532/2616 2277/2530/2480 802/2401/2479 2197/2403/2482
f 2194/2399/2477 2277/2530/2480 2225/2440/2520 809/2389/2467
f 2280/2534/2618 2281/2535/2530 2229/2446/2522 810/2441/2521
f 2280/2534/2618 2282/2536/2619 804/2537/2620 2281/2535/2530
f 2280/2534/2618 2278/2531/2615 803/2533/2617 2282/2536/2619
f 810/2441/2521 2278/2531/2615 2280/2534/2618
f 2233/2452/2536 2283/2538/2621 2284/2539/2622 813/2453/2533
f 2283/2538/2621 2285/2540/2623 806/2541/2624 2284/2539/2622
f 2285/2540/2623 2283/2538/2621 2281/2535/2530 804/2537/2620
f 2283/2538/2621 2233/2452/2536 811/2447/2527 2281/2535/2530
f 2287/2542/2625 2286/2543/2626 2288/2544/2627 831/2545/2628
f 2286/2543/2626 2263/2499/2585 819/2502/2588 2288/2544/2627
f 2263/2499/2585 2286/2543/2626 3830/2546/2629 3828/2509/2595
f 3795/2547/2630 3796/2548/2631 3458/2549/2632 3460/2550/2633
f 2242/2467/2552 2289/2551/2634 2290/2552/2553
f 2289/2551/2634 2291/2553/2635 807/2554/2636 2290/2552/2553
f 2291/2553/2635 2289/2551/2634 2284/2539/2622 806/2541/2624
f 2289/2551/2634 2242/2467/2552 813/2453/2533 2284/2539/2622
f 2246/2473/2558 2292/2555/2637 2293/2556/2638 815/2474/2559
f 2292/2555/2637 2294/2557/2639 808/2558/2640 2293/2556/2638
f 2294/2557/2639 2292/2555/2637 2290/2552/2553 807/2554/2636
f 2292/2555/2637 2246/2473/2558 814/2468/2551 2290/2552/2553
f 2249/2477/2562 2295/2559/2641 2111/2220/2282 779/2200/2263
f 2295/2559/2641 2296/2560/2642 782/2221/2285 2111/2220/2282
f 2296/2560/2642 2295/2559/2641 2293/2556/2638 808/2558/2640
f 2295/2559/2641 2249/2477/2562 815/2474/2559 2293/2556/2638
f 803/2533/2617 2297/2561/2484 2298/2562/2643 2282/2536/2619
f 2297/2561/2484 803/2533/2617 2279/2532/2616 2197/2403/2482
f 2298/2562/2643 2297/2561/2484 2299/2563/2644 823/2564/2645
f 2299/2563/2644 2297/2561/2484 801/2405/2483 2200/2407/2486
f 2300/2565/2646 2301/2566/2647 804/2537/2620 2282/2536/2619
f 2302/2567/2648 824/2568/2649 2300/2565/2646 823/2564/2645
f 824/2568/2649 2301/2566/2647 2300/2565/2646
f 2298/2562/2643 823/2564/2645 2300/2565/2646 2282/2536/2619
f 2304/2570/2650 2285/2540/2623 2303/2569/2651 825/2572/2652
f 2304/2570/2650 806/2541/2624 2285/2540/2623
f 2303/2569/2651 2305/2571/2653 825/2572/2652
f 2305/2571/2653 2303/2569/2651 2301/2566/2647 824/2568/2649
f 2303/2569/2651 2285/2540/2623 804/2537/2620 2301/2566/2647
f 819/2502/2588 2306/2573/2589 2307/2574/2654 2288/2544/2627
f 2308/2575/2655 2307/2574/2654 2306/2573/2589 929/2578/2656
f 2307/2574/2654 2308/2575/2655 927/2576/2657 2327/2601/2658
f 2309/2577/2659 929/2578/2656 2306/2573/2589 2264/2501/2584
f 2309/2577/2659 2264/2501/2584 805/2504/2587 2560/2976/2660
f 2291/2553/2635 2310/2579/2661 2311/2580/2662 807/2554/2636
f 2310/2579/2661 2312/2581/2663 826/2582/2664 2311/2580/2662
f 2312/2581/2663 2310/2579/2661 2304/2570/2650 825/2572/2652
f 2310/2579/2661 2291/2553/2635 806/2541/2624 2304/2570/2650
f 2294/2557/2639 2313/2583/2665 2314/2584/2666 808/2558/2640
f 827/2586/2667 2313/2583/2665 2315/2585/2668 2334/2610/2669
f 827/2586/2667 2314/2584/2666 2313/2583/2665
f 2315/2585/2668 2313/2583/2665 2311/2580/2662 826/2582/2664
f 2313/2583/2665 2294/2557/2639 807/2554/2636 2311/2580/2662
f 2296/2560/2642 2316/2587/2670 2115/2226/2289 782/2221/2285
f 2316/2587/2670 2317/2588/2671 784/2227/2290 2115/2226/2289
f 2317/2588/2671 2316/2587/2670 2314/2584/2666
f 2317/2588/2671 2314/2584/2666 827/2586/2667 2336/2613/2672
f 2316/2587/2670 2296/2560/2642 808/2558/2640 2314/2584/2666
f 823/2564/2645 2318/2589/2673 2319/2590/2674 2321/2593/2675
f 2318/2589/2673 823/2564/2645 2299/2563/2644 2200/2407/2486
f 2320/2591/2490 829/2592/2676 2318/2589/2673 828/2409/2488
f 829/2592/2676 2319/2590/2674 2318/2589/2673
f 2318/2589/2673 2200/2407/2486 828/2409/2488
f 2322/2594/2677 2302/2567/2648 2321/2593/2675 2323/2595/2678
f 824/2568/2649 2302/2567/2648 2322/2594/2677 2305/2571/2653
f 830/2596/2679 2322/2594/2677 2323/2595/2678 2342/2620/2680
f 2321/2593/2675 2319/2590/2674 829/2592/2676 2323/2595/2678
f 2321/2593/2675 2302/2567/2648 823/2564/2645
f 2305/2571/2653 2324/2597/2681 2325/2598/2682 825/2572/2652
f 2324/2597/2681 2326/2599/2683 832/2600/2684 2325/2598/2682
f 2322/2594/2677 2326/2599/2683 2324/2597/2681 2305/2571/2653
f 2326/2599/2683 2322/2594/2677 830/2596/2679 2344/2623/2685
f 831/2545/2628 2327/2601/2658 2328/2602/2686 2808/3409/2687
f 2327/2601/2658 831/2545/2628 2288/2544/2627 2307/2574/2654
f 2328/2602/2686 2327/2601/2658 2329/2603/2688 928/2604/2689
f 927/2576/2657 2329/2603/2688 2327/2601/2658
f 2312/2581/2663 2330/2605/2690 2331/2606/2691 826/2582/2664
f 2330/2605/2690 2332/2607/2692 833/2608/2693 2331/2606/2691
f 2330/2605/2690 2325/2598/2682 832/2600/2684 2332/2607/2692
f 2330/2605/2690 2312/2581/2663 825/2572/2652 2325/2598/2682
f 2334/2610/2669 2315/2585/2668 2333/2609/2694 834/2612/2695
f 834/2612/2695 2333/2609/2694 2335/2611/2696 2356/2641/2697
f 2331/2606/2691 2335/2611/2696 2333/2609/2694 826/2582/2664
f 2335/2611/2696 2331/2606/2691 833/2608/2693 2355/2640/2698
f 2333/2609/2694 2315/2585/2668 826/2582/2664
f 2119/2232/2295 2317/2588/2671 2336/2613/2672 786/2233/2296
f 2119/2232/2295 784/2227/2290 2317/2588/2671
f 786/2233/2296 2336/2613/2672 2337/2614/2699 2123/2238/2302
f 2334/2610/2669 2337/2614/2699 2336/2613/2672 827/2586/2667
f 2337/2614/2699 2334/2610/2669 834/2612/2695 2358/2644/2304
f 2339/2616/2700 829/2592/2676 2338/2615/2701 2340/2617/2494
f 2338/2615/2701 829/2592/2676 2320/2591/2490 2203/2411/2489
f 2340/2617/2494 836/2618/2702 2339/2616/2700
f 2340/2617/2494 2338/2615/2701 2203/2411/2489 835/2413/2492
f 2342/2620/2680 2323/2595/2678 2341/2619/2703 2343/2621/2704
f 837/2622/2705 2342/2620/2680 2343/2621/2704 2363/2650/2706
f 2339/2616/2700 836/2618/2702 2341/2619/2703 2323/2595/2678
f 2343/2621/2704 2341/2619/2703 836/2618/2702 2361/2647/2707
f 2323/2595/2678 829/2592/2676 2339/2616/2700
f 2344/2623/2685 2345/2624/2708 832/2600/2684 2326/2599/2683
f 2345/2624/2708 2344/2623/2685 2346/2625/2709 839/2626/2710
f 2342/2620/2680 837/2622/2705 2344/2623/2685 830/2596/2679
f 2346/2625/2709 2344/2623/2685 837/2622/2705 2364/2651/2711
f 2347/2627/2712 2349/2628/2713 891/2629/2714 2348/2630/2715
f 2349/2628/2713 2347/2627/2712 2350/2631/2716 845/2632/2717
f 2351/2633/2718 852/2634/2719 2347/2627/2712 2348/2630/2715
f 2350/2631/2716 2347/2627/2712 852/2634/2719 2390/2692/2720
f 2348/2630/2715 892/2635/2721 2351/2633/2718
f 833/2608/2693 2352/2636/2722 2353/2637/2723 2355/2640/2698
f 833/2608/2693 2332/2607/2692 2352/2636/2722
f 2353/2637/2723 2352/2636/2722 2354/2638/2724 840/2639/2725
f 2352/2636/2722 2345/2624/2708 839/2626/2710 2354/2638/2724
f 2352/2636/2722 2332/2607/2692 832/2600/2684 2345/2624/2708
f 2356/2641/2697 2335/2611/2696 2355/2640/2698 841/2643/2726
f 2355/2640/2698 2357/2642/2727 841/2643/2726
f 2355/2640/2698 2353/2637/2723 840/2639/2725 2357/2642/2727
f 2337/2614/2699 2358/2644/2304 2123/2238/2302
f 2358/2644/2304 2359/2645/2728 788/2239/2303
f 2359/2645/2728 2358/2644/2304 2356/2641/2697 841/2643/2726
f 834/2612/2695 2356/2641/2697 2358/2644/2304
f 2360/2646/2497 2361/2647/2707 836/2618/2702 2340/2617/2494
f 2361/2647/2707 2360/2646/2497 2362/2648/2729 843/2649/2730
f 842/2417/2496 2362/2648/2729 2360/2646/2497
f 2206/2415/2493 2360/2646/2497 2340/2617/2494
f 2363/2650/2706 2364/2651/2711 837/2622/2705
f 2364/2651/2711 2363/2650/2706 2365/2652/2731 844/2653/2732
f 2363/2650/2706 2361/2647/2707 843/2649/2730 2365/2652/2731
f 2361/2647/2707 2363/2650/2706 2343/2621/2704
f 2366/2654/2733 2367/2655/2734 839/2626/2710 2346/2625/2709
f 2367/2655/2734 2366/2654/2733 2368/2656/2735 846/2657/2736
f 2364/2651/2711 844/2653/2732 2366/2654/2733 2346/2625/2709
f 844/2653/2732 2368/2656/2735 2366/2654/2733
f 1870/2661/1917 4333/2658/2737 4329/2659/2738 675/2660/2739
f 2370/2662/2740 2369/2663/2741 2371/2664/2742
f 2370/2662/2740 2371/2664/2742 866/2665/2743 2410/2722/2744
f 2369/2663/2741 2372/2666/2745 845/2632/2717 2371/2664/2742
f 4266/2667/2746 4271/2668/2747 4333/2658/2737 4328/2669/2748
f 840/2639/2725 2373/2670/2749 2374/2671/2750 2376/2674/2751
f 840/2639/2725 2354/2638/2724 2373/2670/2749
f 2374/2671/2750 2373/2670/2749 2375/2672/2752
f 2374/2671/2750 2375/2672/2752 847/2673/2753 2376/2674/2751
f 2373/2670/2749 2367/2655/2734 846/2657/2736 2375/2672/2752
f 2367/2655/2734 2373/2670/2749 2354/2638/2724 839/2626/2710
f 2376/2674/2751 2377/2675/2754 841/2643/2726 2357/2642/2727
f 2376/2674/2751 2378/2676/2755 848/2677/2756 2377/2675/2754
f 2378/2676/2755 2376/2674/2751 847/2673/2753 2396/2699/2757
f 2376/2674/2751 2357/2642/2727 840/2639/2725
f 2359/2645/2728 2379/2678/2758 2127/2244/2308 788/2239/2303
f 2379/2678/2758 2380/2679/2759 790/2245/2309 2127/2244/2308
f 2380/2679/2759 2379/2678/2758 2377/2675/2754 848/2677/2756
f 2379/2678/2758 2359/2645/2728 841/2643/2726 2377/2675/2754
f 2381/2680/2760 2382/2681/2761 843/2649/2730 2362/2648/2729
f 2382/2681/2761 2381/2680/2760 2383/2682/2762 850/2683/2763
f 2381/2680/2760 2209/2419/2498 849/2421/2500 2383/2682/2762
f 2209/2419/2498 2381/2680/2760 2362/2648/2729 842/2417/2496
f 2384/2684/2764 2385/2685/2765 844/2653/2732 2365/2652/2731
f 2385/2685/2765 2384/2684/2764 2386/2686/2766 851/2687/2767
f 2384/2684/2764 2382/2681/2761 850/2683/2763 2386/2686/2766
f 2382/2681/2761 2384/2684/2764 2365/2652/2731 843/2649/2730
f 2387/2688/2768 2388/2689/2769 846/2657/2736 2368/2656/2735
f 2388/2689/2769 2387/2688/2768 2389/2690/2770
f 853/2691/2771 2388/2689/2769 2389/2690/2770 2407/2713/2772
f 2387/2688/2768 2385/2685/2765 851/2687/2767 2389/2690/2770
f 2385/2685/2765 2387/2688/2768 2368/2656/2735 844/2653/2732
f 2390/2692/2720 2391/2693/2773 866/2665/2743 2371/2664/2742
f 2390/2692/2720 2392/2694/2774 873/2462/2546 2391/2693/2773
f 852/2634/2719 2392/2694/2774 2390/2692/2720
f 2390/2692/2720 2371/2664/2742 845/2632/2717 2350/2631/2716
f 847/2673/2753 2393/2695/2775 2394/2696/2776 2396/2699/2757
f 847/2673/2753 2375/2672/2752 2393/2695/2775
f 2393/2695/2775 2395/2697/2777 854/2698/2778 2394/2696/2776
f 2388/2689/2769 853/2691/2771 2393/2695/2775 2375/2672/2752
f 2395/2697/2777 2393/2695/2775 853/2691/2771 2413/2727/2779
f 2375/2672/2752 846/2657/2736 2388/2689/2769
f 2378/2676/2755 2396/2699/2757 2397/2700/2780 848/2677/2756
f 2396/2699/2757 2398/2701/2781 855/2702/2782 2397/2700/2780
f 2398/2701/2781 2396/2699/2757 2394/2696/2776 854/2698/2778
f 2131/2250/2313 2380/2679/2759 2399/2703/2783 792/2251/2315
f 2131/2250/2313 790/2245/2309 2380/2679/2759
f 2399/2703/2783 2400/2704/2784 792/2251/2315
f 2399/2703/2783 2397/2700/2780 855/2702/2782
f 2400/2704/2784 2399/2703/2783 855/2702/2782 2419/2735/2785
f 2399/2703/2783 2380/2679/2759 848/2677/2756 2397/2700/2780
f 2401/2705/2505 2402/2706/2786 850/2683/2763 2383/2682/2762
f 2403/2707/2787 2402/2706/2786 2401/2705/2505 856/2425/2504
f 2403/2707/2787 857/2708/2788 2402/2706/2786
f 2212/2423/2501 2401/2705/2505 2383/2682/2762 849/2421/2500
f 2405/2710/2789 851/2687/2767 2404/2709/2790 858/2712/2791
f 851/2687/2767 2386/2686/2766 2404/2709/2790
f 2404/2709/2790 2406/2711/2792 858/2712/2791
f 2404/2709/2790 2402/2706/2786 857/2708/2788 2406/2711/2792
f 2402/2706/2786 2404/2709/2790 2386/2686/2766 850/2683/2763
f 2407/2713/2772 2408/2714/2793 853/2691/2771
f 2409/2715/2794 860/2716/2795 2407/2713/2772 2405/2710/2789
f 860/2716/2795 2408/2714/2793 2407/2713/2772
f 2405/2710/2789 858/2712/2791 2409/2715/2794
f 2407/2713/2772 2389/2690/2770 851/2687/2767 2405/2710/2789
f 6442/2720/2796 4334/2717/2797 4330/2718/2798 696/2719/2143
f 2411/2721/2799 2410/2722/2744 2412/2723/2800 886/2724/2801
f 2412/2723/2800 2410/2722/2744 866/2665/2743 2391/2693/2773
f 4272/2725/2802 2370/2662/2740 2410/2722/2744 4268/2914/2803
f 2370/2662/2740 4272/2725/2802 4267/2726/2804 2369/2663/2741
f 2395/2697/2777 2413/2727/2779 2414/2728/2805
f 854/2698/2778 2395/2697/2777 2414/2728/2805 2416/2731/2806
f 2413/2727/2779 2415/2729/2807 861/2730/2808 2414/2728/2805
f 2413/2727/2779 2408/2714/2793 860/2716/2795 2415/2729/2807
f 853/2691/2771 2408/2714/2793 2413/2727/2779
f 855/2702/2782 2416/2731/2806 2417/2732/2809 2419/2735/2785
f 2416/2731/2806 855/2702/2782 2398/2701/2781 854/2698/2778
f 2416/2731/2806 2418/2733/2810 862/2734/2811 2417/2732/2809
f 2418/2733/2810 2416/2731/2806 2414/2728/2805 861/2730/2808
f 2400/2704/2784 2419/2735/2785 2135/2255/2319 792/2251/2315
f 2135/2255/2319 2419/2735/2785 2420/2736/2331 794/2256/2320
f 2419/2735/2785 2417/2732/2809 862/2734/2811
f 2420/2736/2331 2419/2735/2785 862/2734/2811 2438/2759/2812
f 857/2708/2788 2421/2737/2813 2422/2738/2814 2406/2711/2792
f 2421/2737/2813 857/2708/2788 2403/2707/2787 2215/2427/2507
f 2423/2739/2815 2422/2738/2814 2421/2737/2813 863/2429/2508
f 2422/2738/2814 2423/2739/2815 864/2740/2816 2424/2741/2817
f 2421/2737/2813 2215/2427/2507 863/2429/2508
f 2403/2707/2787 856/2425/2504 2215/2427/2507
f 2424/2741/2817 2425/2742/2818 858/2712/2791 2406/2711/2792
f 2425/2742/2818 2424/2741/2817 2426/2743/2819 865/2744/2820
f 864/2740/2816 2426/2743/2819 2424/2741/2817
f 2422/2738/2814 2424/2741/2817 2406/2711/2792
f 2427/2745/2821 2428/2746/2822 2409/2715/2794 858/2712/2791
f 860/2716/2795 2409/2715/2794 2428/2746/2822 2432/2751/2823
f 2427/2745/2821 2429/2747/2824 867/2748/2825 2428/2746/2822
f 2425/2742/2818 865/2744/2820 2427/2745/2821 858/2712/2791
f 2429/2747/2824 2427/2745/2821 865/2744/2820 2444/2766/2826
f 2431/2750/2827 886/2724/2801 2430/2749/2828 2235/2454/2539
f 2430/2749/2828 886/2724/2801 2412/2723/2800 2391/2693/2773
f 2431/2750/2827 2235/2454/2539 909/2457/2542 2536/2943/2829
f 2430/2749/2828 2391/2693/2773 873/2462/2546 2235/2454/2539
f 2433/2752/2830 861/2730/2808 2432/2751/2823 2434/2753/2831
f 861/2730/2808 2415/2729/2807 2432/2751/2823
f 868/2754/2832 2433/2752/2830 2434/2753/2831 2454/2780/2833
f 2434/2753/2831 2432/2751/2823 2428/2746/2822
f 2434/2753/2831 2428/2746/2822 867/2748/2825 2447/2770/2834
f 2432/2751/2823 2415/2729/2807 860/2716/2795
f 2435/2755/2835 2436/2756/2836 862/2734/2811 2418/2733/2810
f 2435/2755/2835 2437/2757/2837 869/2758/2838 2436/2756/2836
f 2433/2752/2830 868/2754/2832 2435/2755/2835 2418/2733/2810
f 868/2754/2832 2437/2757/2837 2435/2755/2835
f 2418/2733/2810 861/2730/2808 2433/2752/2830
f 2139/2262/2326 2420/2736/2331 2438/2759/2812 796/2263/2329
f 2439/2760/2839 796/2263/2329 2438/2759/2812 2436/2756/2836
f 2436/2756/2836 869/2758/2838 2439/2760/2839
f 862/2734/2811 2436/2756/2836 2438/2759/2812
f 2423/2739/2815 2440/2761/2840 2441/2762/2841 864/2740/2816
f 2440/2761/2840 2442/2763/2514 871/2764/2842 2441/2762/2841
f 2442/2763/2514 2440/2761/2840 2218/2431/2510
f 2218/2431/2510 2440/2761/2840 2423/2739/2815 863/2429/2508
f 2426/2743/2819 2443/2765/2843 2444/2766/2826 865/2744/2820
f 2443/2765/2843 2445/2767/2844 872/2768/2845 2444/2766/2826
f 2445/2767/2844 2443/2765/2843 2441/2762/2841 871/2764/2842
f 2443/2765/2843 2426/2743/2819 864/2740/2816 2441/2762/2841
f 2446/2769/2846 2447/2770/2834 867/2748/2825 2429/2747/2824
f 2446/2769/2846 2448/2771/2847 874/2772/2848
f 2447/2770/2834 2446/2769/2846 874/2772/2848 2453/2779/2849
f 2444/2766/2826 2448/2771/2847 2446/2769/2846 2429/2747/2824
f 2448/2771/2847 2444/2766/2826 872/2768/2845 2464/2792/2850
f 2449/2773/2851 2450/2774/2852 852/2634/2719
f 2449/2773/2851 852/2634/2719 2351/2633/2718 892/2635/2721
f 2451/2775/2853 934/2776/2854 2449/2773/2851 894/2778/2855
f 2450/2774/2852 2449/2773/2851 934/2776/2854 2467/2795/2856
f 894/2778/2855 2449/2773/2851 2452/2777/2857 2479/2821/2858
f 892/2635/2721 2452/2777/2857 2449/2773/2851
f 2453/2779/2849 2454/2780/2833 2434/2753/2831 2447/2770/2834
f 2455/2781/2859 2454/2780/2833 2453/2779/2849 874/2772/2848
f 2454/2780/2833 2455/2781/2859 875/2782/2860 2456/2783/2861
f 2437/2757/2837 2456/2783/2861 2457/2784/2862 869/2758/2838
f 2458/2785/2863 876/2786/2864 2456/2783/2861 875/2782/2860
f 2457/2784/2862 2456/2783/2861 876/2786/2864 2460/2788/2865
f 2456/2783/2861 2437/2757/2837 868/2754/2832 2454/2780/2833
f 2439/2760/2839 2459/2787/2866 2143/2267/2334 796/2263/2329
f 2460/2788/2865 798/2268/2335 2459/2787/2866 2457/2784/2862
f 798/2268/2335 2143/2267/2334 2459/2787/2866
f 2459/2787/2866 2439/2760/2839 869/2758/2838 2457/2784/2862
f 2442/2763/2514 2461/2789/2867 2462/2790/2868
f 871/2764/2842 2442/2763/2514 2462/2790/2868 2463/2791/2869
f 2461/2789/2867 2251/2478/2563 878/2481/2566 2462/2790/2868
f 2251/2478/2563 2461/2789/2867 2221/2435/2513 877/2393/2471
f 2461/2789/2867 2442/2763/2514 870/2433/2511 2221/2435/2513
f 2463/2791/2869 2464/2792/2850 872/2768/2845 2445/2767/2844
f 2463/2791/2869 2255/2484/2569 879/2487/2572
f 2464/2792/2850 2463/2791/2869 879/2487/2572 2259/2493/2578
f 2255/2484/2569 2463/2791/2869 2462/2790/2868 878/2481/2566
f 2463/2791/2869 2445/2767/2844 871/2764/2842
f 2465/2793/2870 2466/2794/2871 874/2772/2848 2448/2771/2847
f 2466/2794/2871 2465/2793/2870 2259/2493/2578 881/2496/2581
f 2464/2792/2850 2259/2493/2578 2465/2793/2870 2448/2771/2847
f 2467/2795/2856 2238/2460/2544 873/2462/2546 2392/2694/2774
f 2238/2460/2544 2467/2795/2856 2468/2796/2872 933/2461/2545
f 2468/2796/2872 2467/2795/2856 934/2776/2854 2585/3006/2873
f 2450/2774/2852 2467/2795/2856 2392/2694/2774 852/2634/2719
f 2470/2798/2874 2455/2781/2859 2469/2797/2875 2267/2514/2601
f 875/2782/2860 2455/2781/2859 2470/2798/2874 2471/2799/2876
f 2470/2798/2874 2267/2514/2601 882/2513/2598 2471/2799/2876
f 2469/2797/2875 2466/2794/2871 881/2496/2581 2267/2514/2601
f 2469/2797/2875 2455/2781/2859 874/2772/2848 2466/2794/2871
f 2471/2799/2876 2472/2800/2877 876/2786/2864 2458/2785/2863
f 2472/2800/2877 2471/2799/2876 2271/2519/2606 883/2522/2609
f 882/2513/2598 2271/2519/2606 2471/2799/2876
f 2471/2799/2876 2458/2785/2863 875/2782/2860
f 2473/2801/2878 2146/2273/2340 798/2268/2335 2460/2788/2865
f 2146/2273/2340 2473/2801/2878 2275/2528/2613 800/2213/2275
f 2473/2801/2878 2472/2800/2877 883/2522/2609 2275/2528/2613
f 2472/2800/2877 2473/2801/2878 2460/2788/2865 876/2786/2864
f 1974/2805/2879 4335/2802/2880 4331/2803/2881 703/2804/2882
f 2474/2806/2883 2476/2807/2884 891/2629/2714 2475/2808/2885
f 4054/2809/2886 4053/2810/2887 6444/2811/2888 6445/2812/2889
f 4278/2813/2890 6444/2811/2888 4053/2810/2887 4282/2814/2891
f 2476/2807/2884 2477/2815/2892 2348/2630/2715 891/2629/2714
f 2477/2815/2892 2478/2816/2893 892/2635/2721 2348/2630/2715
f 2478/2816/2893 2477/2815/2892 4085/2817/2894 4086/2818/2895
f 4055/2819/2896 4054/2809/2886 6445/2812/2889 3474/2820/2897
f 2478/2816/2893 2479/2821/2858 2452/2777/2857 892/2635/2721
f 2479/2821/2858 2480/2822/2898 894/2778/2855
f 4087/2824/2899 4057/2825/2900 4088/2823/2901
f 4058/2826/2902 4088/2823/2901 4057/2825/2900 3461/2829/2903
f 4057/2825/2900 4056/2827/2904 3462/2828/2905 3461/2829/2903
f 894/2778/2855 2481/2830/2906 2482/2831/2907 2451/2775/2853
f 2481/2830/2906 894/2778/2855 2480/2822/2898 4088/2823/2901
f 4089/2834/2908 4090/2833/2909 2481/2830/2906
f 2482/2831/2907 2481/2830/2906 4090/2833/2909 6538/6904/2910
f 2483/2839/2911 6538/6904/2910 4090/2833/2909 4060/2836/2912
f 6538/6904/2910 2484/2840/2913 896/2832/2914 2482/2831/2907
f 4058/2826/2902 6443/2837/2915 4089/2834/2908 2481/2830/2906
f 4089/2834/2908 6443/2837/2915 4059/2835/2916
f 6523/4597/2917 3465/2838/2918 4059/2835/2916 6443/2837/2915
f 2485/2841/2919 6537/6903/2920 6538/6904/2910 2483/2839/2911
f 6516/4588/2921 4092/2843/2922 4091/2844/2923 3456/2845/2924
f 3459/2854/2925 4092/2843/2922 6516/4588/2921 6375/4577/2926
f 4060/2836/2912 3456/2845/2924 4091/2844/2923 2483/2839/2911
f 4093/2852/2927 2486/2846/2928 6537/6903/2920 2485/2841/2919
f 2486/2846/2928 2488/2848/2929 2487/2847/2930 6537/6903/2920
f 2487/2847/2930 2488/2848/2929 899/2849/2931 2522/2924/2932
f 2486/2846/2928 4093/2852/2927 4062/2850/2933 4094/2851/2934
f 4062/2850/2933 4093/2852/2927 4061/2853/2935 3485/2864/2936
f 3457/2855/2937 4061/2853/2935 6519/4576/2938 3681/4578/2939
f 3459/2854/2925 6519/4576/2938 4061/2853/2935 4092/2843/2922
f 899/2849/2931 2489/2856/2940 2490/2857/2941 2498/2886/2466
f 2489/2856/2940 899/2849/2931 2488/2848/2929 4095/2861/2942
f 2491/2858/2943 2490/2857/2941 2489/2856/2940 4096/2860/2944
f 2490/2857/2941 2491/2858/2943 900/2859/2945 2497/2885/2946
f 4096/2860/2944 2489/2856/2940 4095/2861/2942 4064/2876/2947
f 4062/2850/2933 3486/2862/2948 4063/2863/2949 4094/2851/2934
f 3486/2862/2948 4062/2850/2933 3485/2864/2936 6525/4583/2950
f 900/2859/2945 2492/2865/2951 2493/2866/2952 2496/2883/2953
f 2492/2865/2951 900/2859/2945 2491/2858/2943 4097/2873/2954
f 6191/2867/2955 6190/2868/2956 5998/2869/2957 901/2030/2106
f 5985/2870/2958 6191/2867/2955 901/2030/2106
f 4097/2873/2954 6260/2871/2959 6254/2872/2960 2492/2865/2951
f 4064/2876/2947 6447/2874/2961 4065/2875/2962 4096/2860/2944
f 4064/2876/2947 6446/2877/2963 6447/2874/2961
f 6412/4564/2964 6447/2874/2961 6446/2877/2963 3679/6898/2965
f 1996/2880/2966 4336/2878/2967 4328/2669/2748 654/2879/1916
f 2372/2666/2745 2494/2881/2968 2349/2628/2713 845/2632/2717
f 2349/2628/2713 2494/2881/2968 2475/2808/2885 891/2629/2714
f 4336/2878/2967 1996/2880/2966 703/2804/2882 4331/2803/2881
f 2496/2883/2953 2493/2866/2952 2495/2882/2969 778/2283/2348
f 2150/2284/2352 778/2283/2348 2495/2882/2969 6231/6824/2970
f 5999/2884/2971 1998/2048/2123 751/1443/1504 5973/2280/2347
f 1998/2048/2123 5999/2884/2971 5985/2870/2958 901/2030/2106
f 2498/2886/2466 2490/2857/2941 2497/2885/2946 2186/2387/2351
f 2496/2883/2953 2186/2387/2351 2497/2885/2946 900/2859/2945
f 2496/2883/2953 778/2283/2348 2186/2387/2351
f 2500/2887/2972 2499/2888/2973 2501/2889/2974 904/2890/2975
f 2499/2888/2973 2502/2891/2976 905/2892/2977 2501/2889/2974
f 2102/2201/2264 753/2204/2267 2499/2888/2973 2500/2887/2972
f 2502/2891/2976 2499/2888/2973 753/2204/2267 2594/3032/2978
f 780/2202/2265 2102/2201/2264 2500/2887/2972 2503/2894/2979
f 2504/2893/2980 2503/2894/2979 2505/2895/2981 906/2896/2982
f 2503/2894/2979 2500/2887/2972 904/2890/2975 2505/2895/2981
f 2248/2475/2560 780/2202/2265 2503/2894/2979 2504/2893/2980
f 2248/2475/2560 2504/2893/2980 816/2472/2557
f 2506/2897/2983 2508/2898/2984 907/2899/2985 2507/2900/2986
f 2508/2898/2984 2506/2897/2983 2504/2893/2980 906/2896/2982
f 2506/2897/2983 2244/2469/2554 816/2472/2557 2504/2893/2980
f 2244/2469/2554 2506/2897/2983 2507/2900/2986 817/2466/2550
f 2509/2901/2987 2511/2902/2988 908/2903/2989 2510/2904/2990
f 2511/2902/2988 2509/2901/2987 2507/2900/2986 907/2899/2985
f 2240/2463/2547 817/2466/2550 2509/2901/2987 2510/2904/2990
f 817/2466/2550 2507/2900/2986 2509/2901/2987
f 2510/2904/2990 818/2451/2534 2240/2463/2547
f 2015/2908/2144 4337/2905/2991 4332/2906/2992 743/2907/2993
f 2513/2909/2994 2512/2910/2995 2514/2911/2996 936/2912/2997
f 2512/2910/2995 2411/2721/2799 886/2724/2801 2514/2911/2996
f 2411/2721/2799 2512/2910/2995 4275/2913/2998
f 2411/2721/2799 4275/2913/2998 4268/2914/2803 2410/2722/2744
f 910/2917/2999 2515/2915/2535 2517/2916/3000 2540/2950/3001
f 2515/2915/2535 910/2917/2999 2516/2918/2537 2231/2448/2532
f 2510/2904/2990 2517/2916/3000 2515/2915/2535 818/2451/2534
f 2510/2904/2990 908/2903/2989 2517/2916/3000
f 2518/2919/3002 2520/2920/3003 911/2921/3004 2519/2922/3005
f 2520/2920/3003 2518/2919/3002 2516/2918/2537 910/2917/2999
f 2518/2919/3002 2227/2442/2525 820/2445/2528 2516/2918/2537
f 2227/2442/2525 2518/2919/3002 2519/2922/3005 821/2438/2519
f 2498/2886/2466 2521/2923/2523 2522/2924/2932 899/2849/2931
f 2519/2922/3005 2522/2924/2932 2521/2923/2523 2223/2439/2516
f 2522/2924/2932 2519/2922/3005 911/2921/3004 2545/2955/3006
f 2223/2439/2516 821/2438/2519 2519/2922/3005
f 2521/2923/2523 2498/2886/2466 822/2386/2465
f 2524/2925/3007 2523/2926/3008 2525/2927/3009 912/2928/3010
f 2523/2926/3008 2526/2929/3011 913/2930/3012 2525/2927/3009
f 2526/2929/3011 2523/2926/3008 2501/2889/2974 905/2892/2977
f 2523/2926/3008 2524/2925/3007 904/2890/2975 2501/2889/2974
f 2528/2931/3013 2527/2932/3014 2529/2933/3015 914/2934/3016
f 2527/2932/3014 2524/2925/3007 912/2928/3010 2529/2933/3015
f 2524/2925/3007 2527/2932/3014 2505/2895/2981 904/2890/2975
f 2527/2932/3014 2528/2931/3013 906/2896/2982 2505/2895/2981
f 2530/2935/3017 2532/2936/3018 915/2937/3019 2531/2938/3020
f 2530/2935/3017 2528/2931/3013 914/2934/3016 2532/2936/3018
f 2530/2935/3017 2508/2898/2984 906/2896/2982 2528/2931/3013
f 2508/2898/2984 2530/2935/3017 2531/2938/3020 907/2899/2985
f 2533/2939/3021 2535/2940/3022 916/2941/3023 2534/2942/3024
f 2535/2940/3022 2533/2939/3021 2531/2938/3020 915/2937/3019
f 2533/2939/3021 2511/2902/2988 907/2899/2985 2531/2938/3020
f 2511/2902/2988 2533/2939/3021 2534/2942/3024 908/2903/2989
f 2536/2943/2829 2537/2944/3025 936/2912/2997 2514/2911/2996
f 2537/2944/3025 2536/2943/2829 2538/2945/3026 924/2946/3027
f 2538/2945/3026 2536/2943/2829 909/2457/2542 2592/3030/3028
f 2431/2750/2827 2536/2943/2829 2514/2911/2996 886/2724/2801
f 2539/2947/3029 2541/2948/3030 917/2949/3031 2540/2950/3001
f 2541/2948/3030 2539/2947/3029 2534/2942/3024 916/2941/3023
f 2517/2916/3000 908/2903/2989 2539/2947/3029 2540/2950/3001
f 908/2903/2989 2534/2942/3024 2539/2947/3029
f 918/2953/3032 2542/2951/3033 2544/2952/3034 2568/2987/3035
f 2543/2954/3036 2542/2951/3033 918/2953/3032 2546/2956/3037
f 2544/2952/3034 2542/2951/3033 2540/2950/3001
f 2544/2952/3034 2540/2950/3001 917/2949/3031 2567/2984/3038
f 2542/2951/3033 2520/2920/3003 910/2917/2999 2540/2950/3001
f 2520/2920/3003 2542/2951/3033 2543/2954/3036 911/2921/3004
f 897/2842/3039 2545/2955/3006 2546/2956/3037 2484/2840/2913
f 2545/2955/3006 897/2842/3039 2487/2847/2930 2522/2924/2932
f 2543/2954/3036 2546/2956/3037 2545/2955/3006 911/2921/3004
f 2548/2957/3040 2547/2958/3041 2549/2959/3042 919/2960/3043
f 2547/2958/3041 2550/2961/3044 920/2962/3045 2549/2959/3042
f 2550/2961/3044 2547/2958/3041 2525/2927/3009 913/2930/3012
f 2547/2958/3041 2548/2957/3040 912/2928/3010 2525/2927/3009
f 2553/2965/3046 2552/2963/3047 2551/2964/3048 919/2960/3043
f 2553/2965/3046 921/2966/3049 2552/2963/3047
f 2551/2964/3048 2548/2957/3040 919/2960/3043
f 2529/2933/3015 2548/2957/3040 2551/2964/3048 914/2934/3016
f 2529/2933/3015 912/2928/3010 2548/2957/3040
f 2551/2964/3048 2552/2963/3047 914/2934/3016
f 2555/2967/3050 2554/2968/3051 2556/2969/3052 922/2970/3053
f 2554/2968/3051 2552/2963/3047 921/2966/3049 2556/2969/3052
f 2552/2963/3047 2554/2968/3051 2532/2936/3018 914/2934/3016
f 2554/2968/3051 2555/2967/3050 915/2937/3019 2532/2936/3018
f 2557/2971/3054 2559/2972/3055 923/2973/3056 2558/2974/3057
f 2557/2971/3054 2555/2967/3050 922/2970/3053 2559/2972/3055
f 2557/2971/3054 2535/2940/3022 915/2937/3019 2555/2967/3050
f 2535/2940/3022 2557/2971/3054 2558/2974/3057 916/2941/3023
f 2560/2976/2660 2562/2977/3058 2561/2975/3059 930/2979/3060
f 2562/2977/3058 924/2946/3027 2561/2975/3059
f 2562/2977/3058 2560/2976/2660 805/2504/2587 2265/2503/2590
f 2563/2978/3061 2309/2577/2659 2560/2976/2660 930/2979/3060
f 929/2578/2656 2309/2577/2659 2563/2978/3061 2575/2994/3062
f 2564/2980/3063 2566/2981/3064 925/2982/3065 2565/2983/3066
f 2566/2981/3064 2564/2980/3063 2558/2974/3057 923/2973/3056
f 2541/2948/3030 916/2941/3023 2564/2980/3063 2565/2983/3066
f 916/2941/3023 2558/2974/3057 2564/2980/3063
f 917/2949/3031 2541/2948/3030 2565/2983/3066 2567/2984/3038
f 2569/2985/3067 926/2986/3068 2567/2984/3038 2565/2983/3066
f 2568/2987/3035 2567/2984/3038 926/2986/3068 2587/3009/3069
f 2569/2985/3067 2565/2983/3066 925/2982/3065 2584/3007/3070
f 2544/2952/3034 2567/2984/3038 2568/2987/3035
f 2571/2988/3071 2570/2989/3072 2329/2603/2688
f 2571/2988/3071 2329/2603/2688 927/2576/2657 2573/2992/3073
f 2570/2989/3072 2572/2990/3074 928/2604/2689 2329/2603/2688
f 2572/2990/3074 2570/2989/3072 2549/2959/3042 920/2962/3045
f 919/2960/3043 2570/2989/3072 2571/2988/3071 2553/2965/3046
f 919/2960/3043 2549/2959/3042 2570/2989/3072
f 2308/2575/2655 2574/2991/3075 2573/2992/3073 927/2576/2657
f 2574/2991/3075 2308/2575/2655 929/2578/2656 2575/2994/3062
f 2571/2988/3071 2573/2992/3073 2553/2965/3046
f 2573/2992/3073 2574/2991/3075 921/2966/3049 2553/2965/3046
f 2576/2993/3076 2575/2994/3062 2563/2978/3061 930/2979/3060
f 2574/2991/3075 2575/2994/3062 2556/2969/3052 921/2966/3049
f 2575/2994/3062 2576/2993/3076 922/2970/3053 2556/2969/3052
f 2578/2995/3077 2577/2996/3078 2579/2997/3079 931/2459/2541
f 2577/2996/3078 2576/2993/3076 930/2979/3060 2579/2997/3079
f 2576/2993/3076 2577/2996/3078 2559/2972/3055 922/2970/3053
f 2577/2996/3078 2578/2995/3077 923/2973/3056 2559/2972/3055
f 2580/2998/3080 2581/2999/3081 924/2946/3027 2562/2977/3058
f 2581/2999/3081 2580/2998/3080 3832/3000/3082 3833/3001/3083
f 3797/3002/3084 3794/2505/2591 3583/2508/2594 3581/3003/3085
f 2265/2503/2590 2580/2998/3080 2562/2977/3058
f 2582/3004/3086 2237/2458/2543 933/2461/2545 2583/3005/3087
f 2582/3004/3086 2578/2995/3077 931/2459/2541 2237/2458/2543
f 2582/3004/3086 2566/2981/3064 923/2973/3056 2578/2995/3077
f 2566/2981/3064 2582/3004/3086 2583/3005/3087 925/2982/3065
f 2584/3007/3070 2468/2796/2872 2585/3006/2873 2569/2985/3067
f 2584/3007/3070 2583/3005/3087 933/2461/2545 2468/2796/2872
f 925/2982/3065 2583/3005/3087 2584/3007/3070
f 926/2986/3068 2569/2985/3067 2585/3006/2873 2586/3008/3088
f 2586/3008/3088 2451/2775/2853 2482/2831/2907 896/2832/2914
f 2586/3008/3088 2585/3006/2873 934/2776/2854 2451/2775/2853
f 896/2832/2914 2587/3009/3069 926/2986/3068 2586/3008/3088
f 2587/3009/3069 896/2832/2914 2588/3010/3089 2568/2987/3035
f 896/2832/2914 2484/2840/2913 2588/3010/3089
f 2546/2956/3037 918/2953/3032 2588/3010/3089 2484/2840/2913
f 918/2953/3032 2568/2987/3035 2588/3010/3089
f 4281/3011/3090 3834/3012/3091 3799/3013/3092 4280/3014/3093
f 3799/3013/3092 3800/3015/3094 3596/3016/3095 3597/3017/3096
f 2589/3018/3097 2513/2909/2994 936/2912/2997 2590/3019/3098
f 4276/3021/3099 4338/3022/3100 4270/3020/3101 2513/2909/2994
f 4338/3022/3100 4332/2906/2992 4270/3020/3101
f 3801/3023/3102 3798/3024/3103 3599/3025/3104 3601/3026/3105
f 2581/2999/3081 2591/3027/3106 2537/2944/3025 924/2946/3027
f 2591/3027/3106 2590/3019/3098 936/2912/2997 2537/2944/3025
f 3835/3028/3107 3836/3029/3108 3801/3023/3102 3800/3015/3094
f 2561/2975/3059 2592/3030/3028 2579/2997/3079 930/2979/3060
f 2236/2456/2538 2579/2997/3079 2592/3030/3028 909/2457/2542
f 2579/2997/3079 2236/2456/2538 931/2459/2541
f 2592/3030/3028 2561/2975/3059 924/2946/3027 2538/2945/3026
f 2103/2203/2266 2593/3031/3109 2594/3032/2978 753/2204/2267
f 2593/3031/3109 2595/3033/3110 952/3034/3111 2594/3032/2978
f 2595/3033/3110 2593/3031/3109 2596/3035/3112 951/3036/3113
f 2593/3031/3109 2103/2203/2266 756/2205/2262 2596/3035/3112
f 2108/2214/2277 2597/3037/3114 2598/3038/3115 754/2215/2278
f 2597/3037/3114 2599/3039/3116 972/3040/3117 2598/3038/3115
f 2599/3039/3116 2597/3037/3114 4878/3041/3118 4879/3042/3119
f 4753/3043/3120 4878/3041/3118 4862/2217/2280 4759/2216/2279
f 2112/2222/2286 2601/3044/3121 2596/3035/3112 756/2205/2262
f 2601/3044/3121 2602/3045/3122 951/3036/3113 2596/3035/3112
f 2602/3045/3122 2601/3044/3121 2603/3046/3123 954/3047/3124
f 2601/3044/3121 2112/2222/2286 767/2223/2284 2603/3046/3123
f 2116/2228/2291 2604/3048/3125 2603/3046/3123 767/2223/2284
f 2604/3048/3125 2605/3049/3126 954/3047/3124 2603/3046/3123
f 2605/3049/3126 2604/3048/3125 2606/3050/3127 956/3051/3128
f 2604/3048/3125 2116/2228/2291 766/2229/2292 2606/3050/3127
f 2120/2234/2297 2607/3052/3129 2606/3050/3127 766/2229/2292
f 2607/3052/3129 2608/3053/3130 956/3051/3128 2606/3050/3127
f 2608/3053/3130 2607/3052/3129 2609/3054/3131 958/3055/3132
f 2607/3052/3129 2120/2234/2297 765/2235/2298 2609/3054/3131
f 2124/2240/2299 2610/3056/3133 2609/3054/3131 765/2235/2298
f 2610/3056/3133 2611/3057/3134 958/3055/3132 2609/3054/3131
f 2611/3057/3134 2610/3056/3133 2612/3058/3135 960/3059/3136
f 2610/3056/3133 2124/2240/2299 764/2241/2305 2612/3058/3135
f 2613/3060/3137 2612/3058/3135 764/2241/2305 2128/2246/2310
f 2613/3060/3137 2614/3061/3138 960/3059/3136 2612/3058/3135
f 2613/3060/3137 2615/3062/3139 962/3063/3140 2614/3061/3138
f 2613/3060/3137 2128/2246/2310 763/2247/2311 2615/3062/3139
f 2616/3064/3141 2615/3062/3139 763/2247/2311 2132/2252/2316
f 2615/3062/3139 2616/3064/3141 2617/3065/3142 962/3063/3140
f 2616/3064/3141 2618/3066/3143 964/3067/3144 2617/3065/3142
f 2618/3066/3143 2616/3064/3141 2132/2252/2316
f 2618/3066/3143 2132/2252/2316 762/2253/2317 2619/3068/2323
f 2618/3066/3143 2619/3068/2323 2620/3069/3145 964/3067/3144
f 2619/3068/2323 2621/3070/3146 966/3071/3147 2620/3069/3145
f 2621/3070/3146 2619/3068/2323 2136/2258/2322 761/2259/2324
f 2622/3072/3148 2621/3070/3146 761/2259/2324 2140/2264/2330
f 2621/3070/3146 2622/3072/3148 2623/3073/3149 966/3071/3147
f 2622/3072/3148 2624/3074/2332 968/3075/3150 2623/3073/3149
f 2624/3074/2332 2622/3072/3148 2140/2264/2330
f 2625/3076/3151 2624/3074/2332 760/2265/2328 2144/2270/2337
f 2624/3074/2332 2625/3076/3151 2626/3077/3152 968/3075/3150
f 2625/3076/3151 2627/3078/3153 970/3079/3154 2626/3077/3152
f 2627/3078/3153 2625/3076/3151 2144/2270/2337 759/2271/2338
f 2628/3080/3155 2627/3078/3153 759/2271/2338 2147/2274/2341
f 2627/3078/3153 2628/3080/3155 2629/3081/3156 970/3079/3154
f 2628/3080/3155 2598/3038/3115 972/3040/3117 2629/3081/3156
f 2598/3038/3115 2628/3080/3155 2147/2274/2341 754/2215/2278
f 2632/3083/3157 950/3084/3158 2630/3082/3159 5806/3092/3160
f 950/3084/3158 2631/3085/3161 2630/3082/3159
f 5551/3089/3162 5744/3086/3163 5743/3087/3164 5618/3088/661
f 2633/3090/3165 5808/3091/3166 2630/3082/3159 2631/3085/3161
f 5806/3092/3160 2630/3082/3159 5808/3091/3166 5745/3105/3167
f 949/3093/3168 2633/3090/3165 2631/3085/3161 2667/3196/3169
f 2634/3094/3170 2636/3095/3171 969/3096/3172 2635/3097/3173
f 2636/3095/3171 2634/3094/3170 5809/3098/3174 5810/3099/3175
f 5858/3100/3176 5809/3098/3174 2634/3094/3170 4880/3101/3177
f 4880/3101/3177 2634/3094/3170 2635/3097/3173 4881/3102/3178
f 2633/3090/3165 949/3093/3168 2638/3103/3179 5812/6532/3180
f 2639/3104/3181 2638/3103/3179 949/3093/3168 2668/3197/3182
f 5749/3106/3183 5619/3107/3184 5745/3105/3167 5808/3091/3166
f 1129/6392/3185 5615/3108/3186 5745/3105/3167 5619/3107/3184
f 5749/3106/3183 5750/3109/3187 5616/3110/3188 5619/3107/3184
f 2640/3111/3189 2638/3103/3179 2639/3104/3181 948/3112/3190
f 2640/3111/3189 2642/3114/3191 2641/3113/3192 5813/6533/3193
f 2642/3114/3191 2640/3111/3189 948/3112/3190
f 5750/3109/3187 5751/3115/3194 5563/3116/3195 5616/3110/3188
f 1133/3118/3196 5563/3116/3195 5553/3117/3197 412/669/722
f 2643/3119/3198 2641/3113/3192 2642/3114/3191 953/3120/3199
f 2644/3121/3200 2643/3119/3198 953/3120/3199 2645/3122/3201
f 5564/3123/3202 1137/670/723 412/669/722 5553/3117/3197
f 5554/3124/3203 5564/3125/3202 5753/3126/3204 5754/3127/3205
f 2646/3128/3206 2644/3121/3200 2645/3122/3201 955/3129/3207
f 2646/3128/3206 955/3129/3207 2647/3130/3208 5818/3133/3209
f 2648/3131/3210 2647/3130/3208 955/3129/3207 2682/3217/3211
f 5817/3132/3212 5818/3133/3209 5755/3134/3213 5754/3127/3205
f 5756/3135/3214 5555/3136/3215 5818/3133/3209 5819/6539/3216
f 5755/3134/3213 5818/3133/3209 5555/3136/3215 5620/3137/3217
f 5620/3137/3217 5555/3136/3215 414/3143/3218
f 2649/3138/3219 2647/3130/3208 2648/3131/3210 957/3139/3220
f 5819/6539/3216 2649/3138/3219 957/3139/3220 2650/3140/3221
f 2651/3141/3222 2650/3140/3221 957/3139/3220 2685/3221/3223
f 5565/3142/735 1145/680/734 414/3143/3218 5555/3136/3215
f 5820/6540/3224 5758/3145/3225 5617/3146/3226 5757/3144/3227
f 415/681/736 5565/3142/735 5757/3144/3227 5617/3146/3226
f 2650/3140/3221 2651/3141/3222 2652/3147/3228 5821/6541/3229
f 959/3148/3230 2652/3147/3228 2651/3141/3222 2688/3225/3231
f 2653/3149/3232 2652/3147/3228 959/3148/3230 2654/3150/3233
f 5758/3145/3225 5759/3151/3234 5566/3152/3235 5617/3146/3226
f 5556/3153/763 5566/3154/3235 5759/3151/3234
f 5760/3155/3236 5556/3153/763 5759/3151/3234 5822/6626/3237
f 2655/3156/3238 2653/3149/3232 2654/3150/3233 961/3157/3239
f 2656/3158/3240 2655/3156/3238 961/3157/3239 2657/3159/3241
f 5567/3160/765 5556/3161/763 5760/3155/3236 5761/3162/3242
f 5557/3163/3243 5567/3164/765 5761/3162/3242 5824/6627/3244
f 5762/3165/3245 5557/3163/3243 5824/6627/3244 5825/6628/3246
f 2656/3158/3240 2657/3159/3241 2658/3166/3247 5825/6628/3246
f 963/3167/3248 2658/3166/3247 2657/3159/3241 2693/3232/3249
f 2659/3168/3250 2658/3166/3247 963/3167/3248 2660/3169/3251
f 5568/3170/3252 1157/3171/3253 417/3172/3254 5557/3173/3243
f 5568/3170/3252 5558/3174/3255 1157/3171/3253
f 1157/3171/3253 5558/3174/3255 418/721/783 6472/720/782
f 2659/3168/3250 2660/3169/3251 2661/3175/3256 5827/6548/3257
f 2660/3169/3251 965/3176/3258 2661/3175/3256
f 2662/3177/3259 2661/3175/3256 965/3176/3258 2663/3178/3260
f 5569/3179/3261 5558/3180/3255 5764/3181/3262 5765/3182/3263
f 2662/3177/3259 2664/3183/3264 5829/3184/3265 5828/3185/3266
f 2664/3183/3264 2662/3177/3259 2663/3178/3260 967/3186/3267
f 2665/3187/3268 2664/3183/3264 967/3186/3267 2666/3188/3269
f 5570/3189/3270 5559/3190/3271 5766/3191/3272
f 5829/3184/3265 5767/3192/3273 5570/3189/3270 5766/3191/3272
f 5767/3192/3273 5747/3193/3274 5552/3194/3275 5570/3195/3270
f 2636/3095/3171 2665/3187/3268 2666/3188/3269 969/3096/3172
f 2667/3196/3169 2668/3197/3182 949/3093/3168
f 2667/3196/3169 2669/3198/3276 981/3199/3277 2668/3197/3182
f 2670/3200/3278 2669/3198/3276 2667/3196/3169 2631/3085/3161
f 2670/3200/3278 994/3201/3279 2669/3198/3276
f 2670/3200/3278 2631/3085/3161 950/3084/3158 2985/3683/3280
f 4881/3102/3178 2635/3097/3173 2671/3202/3281 4882/3203/3282
f 4882/3203/3282 2671/3202/3281 2673/3204/3283 4883/3205/3284
f 2671/3202/3281 2674/3206/3285 1048/3207/3286 2673/3204/3283
f 2674/3206/3285 2671/3202/3281 2635/3097/3173 969/3096/3172
f 2675/3208/3287 2676/3209/3288 948/3112/3190 2639/3104/3181
f 2676/3209/3288 2675/3208/3287 2677/3210/3289 974/3211/3290
f 2668/3197/3182 981/3199/3277 2675/3208/3287 2639/3104/3181
f 2677/3210/3289 2675/3208/3287 981/3199/3277 2705/3247/3291
f 2678/3212/3292 2679/3213/3293 953/3120/3199 2642/3114/3191
f 2679/3213/3293 2678/3212/3292 2680/3214/3294 973/3215/3295
f 2678/3212/3292 2676/3209/3288 974/3211/3290 2680/3214/3294
f 2676/3209/3288 2678/3212/3292 2642/3114/3191 948/3112/3190
f 2681/3216/3296 2682/3217/3211 955/3129/3207 2645/3122/3201
f 2681/3216/3296 2683/3218/3297 1000/3219/3298 2682/3217/3211
f 2681/3216/3296 2679/3213/3293 973/3215/3295 2683/3218/3297
f 2679/3213/3293 2681/3216/3296 2645/3122/3201 953/3120/3199
f 2685/3221/3223 957/3139/3220 2684/3220/3299 1006/3223/3300
f 2684/3220/3299 957/3139/3220 2648/3131/3210 2682/3217/3211
f 1006/3223/3300 2684/3220/3299 2686/3222/3301 2818/3421/3302
f 2684/3220/3299 2682/3217/3211 1000/3219/3298
f 2686/3222/3301 2684/3220/3299 1000/3219/3298 2800/3398/3303
f 2687/3224/3304 2688/3225/3231 2651/3141/3222 2685/3221/3223
f 2688/3225/3231 2687/3224/3304 2689/3226/3305 1013/3227/3306
f 2687/3224/3304 2685/3221/3223 1006/3223/3300 2689/3226/3305
f 2690/3228/3307 2691/3229/3308 961/3157/3239 2654/3150/3233
f 2691/3229/3308 2690/3228/3307 2692/3230/3309 1020/3231/3310
f 2690/3228/3307 2688/3225/3231 1013/3227/3306 2692/3230/3309
f 959/3148/3230 2688/3225/3231 2690/3228/3307 2654/3150/3233
f 2693/3232/3249 2694/3233/3311 963/3167/3248
f 2694/3233/3311 2693/3232/3249 2695/3234/3312 1027/3235/3313
f 2695/3234/3312 2693/3232/3249 2691/3229/3308 1020/3231/3310
f 2691/3229/3308 2693/3232/3249 2657/3159/3241 961/3157/3239
f 2696/3236/3314 2697/3237/3315 965/3176/3258 2660/3169/3251
f 2698/3238/3316 2697/3237/3315 2696/3236/3314 1027/3235/3313
f 2698/3238/3316 1034/3239/3317 2697/3237/3315
f 2696/3236/3314 2694/3233/3311 1027/3235/3313
f 2694/3233/3311 2696/3236/3314 2660/3169/3251 963/3167/3248
f 2700/3241/3318 967/3186/3267 2699/3240/3319 2701/3242/3320
f 2699/3240/3319 967/3186/3267 2663/3178/3260 2697/3237/3315
f 2701/3242/3320 1041/3243/3321 2700/3241/3318
f 2699/3240/3319 2697/3237/3315 1034/3239/3317 2701/3242/3320
f 2663/3178/3260 965/3176/3258 2697/3237/3315
f 2702/3244/3322 2674/3206/3285 969/3096/3172 2666/3188/3269
f 2674/3206/3285 2702/3244/3322 2703/3245/3323 1048/3207/3286
f 2702/3244/3322 2700/3241/3318 1041/3243/3321 2703/3245/3323
f 2700/3241/3318 2702/3244/3322 2666/3188/3269 967/3186/3267
f 2704/3246/3324 2705/3247/3291 2669/3198/3276 994/3201/3279
f 2705/3247/3291 981/3199/3277 2669/3198/3276
f 2704/3246/3324 2706/3248/3325 982/3249/3326 2705/3247/3291
f 2707/3250/3327 2706/3248/3325 2704/3246/3324 994/3201/3279
f 2707/3250/3327 993/3251/3328 2706/3248/3325
f 2706/3248/3325 2708/3252/3329 2709/3253/3330 982/3249/3326
f 2708/3252/3329 2710/3254/3331 983/3255/3332 2709/3253/3330
f 2710/3254/3331 2708/3252/3329 2711/3256/3333 992/3257/3334
f 2708/3252/3329 2706/3248/3325 993/3251/3328 2711/3256/3333
f 2710/3254/3331 2712/3258/3335 2713/3259/3336 983/3255/3332
f 2712/3258/3335 2714/3260/3337 985/3261/3338 2713/3259/3336
f 2714/3260/3337 2712/3258/3335 2715/3262/3339 990/3263/3340
f 2712/3258/3335 2710/3254/3331 992/3257/3334
f 2715/3262/3339 2712/3258/3335 992/3257/3334 3005/3714/3341
f 2716/3264/3342 2718/3265/3343 1062/3266/3344 2717/3267/3345
f 2718/3265/3343 2716/3264/3342 2719/3268/3346 1030/3269/3347
f 2719/3268/3346 2716/3264/3342 2720/3270/3348 588/3271/3349
f 2720/3270/3348 2716/3264/3342 2717/3267/3345 1044/3272/3350
f 2714/3260/3337 2721/3273/3351 2722/3274/3352 985/3261/3338
f 2721/3273/3351 2723/3275/3353 986/3276/3354 2722/3274/3352
f 2724/3277/3355 2723/3275/3353 2721/3273/3351 990/3263/3340
f 2724/3277/3355 989/3278/3356 2723/3275/3353
f 2721/3273/3351 2714/3260/3337 990/3263/3340
f 2723/3275/3353 2725/3279/3357 2726/3280/3358 986/3276/3354
f 2725/3279/3357 2727/3281/3359 987/3282/3360 2726/3280/3358
f 2727/3281/3359 2725/3279/3357 2728/3283/3361 988/3284/3362
f 2725/3279/3357 2723/3275/3353 989/3278/3356 2728/3283/3361
f 2730/3286/3363 2727/3281/3359 2729/3285/3364 951/3036/3113
f 2730/3286/3363 987/3282/3360 2727/3281/3359
f 2729/3285/3364 2595/3033/3110 951/3036/3113
f 2731/3287/3365 2595/3033/3110 2729/3285/3364 988/3284/3362
f 2731/3287/3365 952/3034/3111 2595/3033/3110
f 2729/3285/3364 2727/3281/3359 988/3284/3362
f 4883/3205/3284 2673/3204/3283 2732/3288/3366 4884/3289/3367
f 4884/3289/3367 4885/3290/3368 4796/3291/3369 4772/3292/3370
f 2734/3293/3371 2732/3288/3366 2735/3294/3372 1049/3295/3373
f 2735/3294/3372 2732/3288/3366 2673/3204/3283 1048/3207/3286
f 2736/3296/3374 4886/3297/3375 2734/3293/3371 1049/3295/3373
f 4886/3297/3375 4885/3290/3368 2734/3293/3371
f 2736/3296/3374 2738/3298/3376 4887/3299/3377 4886/3297/3375
f 2738/3298/3376 2736/3296/3374 2739/3300/3378 1050/3301/3379
f 1049/3295/3373 2739/3300/3378 2736/3296/3374
f 2738/3298/3376 2740/3302/3380 4888/3303/3381 4887/3299/3377
f 2740/3302/3380 2742/3304/3382 4889/3305/3383 4888/3303/3381
f 2740/3302/3380 2743/3306/3384 1052/3307/3385
f 2742/3304/3382 2740/3302/3380 1052/3307/3385 2751/3326/3386
f 2740/3302/3380 2738/3298/3376 1050/3301/3379 2743/3306/3384
f 3802/3308/3387 3837/3309/3388 3838/3310/3389 3803/3311/3390
f 977/3314/3391 2744/3312/3392 2746/3313/3393 2788/3384/3394
f 977/3314/3391 2745/3315/3395 2744/3312/3392
f 2746/3313/3393 2744/3312/3392 2747/3316/3396
f 2746/3313/3393 2747/3316/3396 991/3317/3397 2787/3381/3398
f 3802/3308/3387 3519/3318/3399 3582/3319/3400 3804/3320/3401
f 2742/3304/3382 2748/3321/3402 4890/3322/3403 4889/3305/3383
f 4890/3322/3403 4891/3323/3404 4821/3324/3405 4822/3325/3406
f 2751/3326/3386 1053/3327/3407 2748/3321/3402 2742/3304/3382
f 1053/3327/3407 2750/3328/3408 2748/3321/3402
f 2750/3328/3408 2752/3329/3409 4892/3330/3410 4891/3323/3404
f 2752/3329/3409 2754/3331/3411 4893/3332/3412 4892/3330/3410
f 2754/3331/3411 2752/3329/3409 2755/3333/3413 1054/3334/3414
f 2755/3333/3413 2752/3329/3409 2750/3328/3408 1053/3327/3407
f 4893/3332/3412 4894/3335/3415 4817/3336/3416 4777/3337/3417
f 4894/3335/3415 4879/3042/3119 4818/3338/3418 4817/3336/3416
f 2599/3039/3116 2756/3339/3419 2758/3340/3420 972/3040/3117
f 2756/3339/3419 2754/3331/3411 1054/3334/3414 2758/3340/3420
f 2759/3341/3421 2760/3342/3422 974/3211/3290 2677/3210/3289
f 2760/3342/3422 2759/3341/3421 2761/3343/3423 975/3344/3424
f 2705/3247/3291 982/3249/3326 2759/3341/3421 2677/3210/3289
f 2761/3343/3423 2759/3341/3421 982/3249/3326 2762/3345/3425
f 2762/3345/3425 2763/3346/3426 975/3344/3424 2761/3343/3423
f 2762/3345/3425 2764/3347/3427 976/3348/3428 2763/3346/3426
f 2709/3253/3330 2764/3347/3427 2762/3345/3425 982/3249/3326
f 2709/3253/3330 983/3255/3332 2764/3347/3427
f 2764/3347/3427 2765/3349/3429 2766/3350/3430 976/3348/3428
f 2765/3349/3429 2767/3351/3431 978/3352/3432 2766/3350/3430
f 2767/3351/3431 2765/3349/3429 2713/3259/3336 985/3261/3338
f 2765/3349/3429 2764/3347/3427 983/3255/3332 2713/3259/3336
f 3584/3353/3433 3805/3354/3434 3804/3320/3401 3582/3319/3400
f 2768/3355/3435 2769/3356/3436 991/3317/3397 2747/3316/3396
f 2769/3356/3436 2768/3355/3435 2287/2542/2625 831/2545/2628
f 3831/3357/3437 2287/2542/2625 2768/3355/3435 3840/3358/3438
f 2767/3351/3431 2770/3359/3439 2771/3360/3440 978/3352/3432
f 2770/3359/3439 2772/3361/3441 979/3362/3442 2771/3360/3440
f 2772/3361/3441 2770/3359/3439 2722/3274/3352 986/3276/3354
f 2770/3359/3439 2767/3351/3431 985/3261/3338 2722/3274/3352
f 2772/3361/3441 2773/3363/3443 2774/3364/3444 979/3362/3442
f 2773/3363/3443 2775/3365/3445 980/3366/3446 2774/3364/3444
f 2775/3365/3445 2773/3363/3443 2726/3280/3358 987/3282/3360
f 2773/3363/3443 2772/3361/3441 986/3276/3354 2726/3280/3358
f 2776/3367/3447 2777/3368/3448 2775/3365/3445 987/3282/3360
f 980/3366/3446 2775/3365/3445 2777/3368/3448 2797/3395/3449
f 2776/3367/3447 2602/3045/3122 954/3047/3124 2777/3368/3448
f 2730/3286/3363 2602/3045/3122 2776/3367/3447 987/3282/3360
f 2730/3286/3363 951/3036/3113 2602/3045/3122
f 2778/3369/3450 2779/3370/3451 973/3215/3295 2680/3214/3294
f 2779/3370/3451 2778/3369/3450 2780/3371/3452 995/3372/3453
f 2778/3369/3450 2760/3342/3422 975/3344/3424 2780/3371/3452
f 2760/3342/3422 2778/3369/3450 2680/3214/3294 974/3211/3290
f 2781/3373/3454 2782/3374/3455 995/3372/3453 2780/3371/3452
f 996/3376/3456 2781/3373/3454 2783/3375/3457 2785/3378/3458
f 996/3376/3456 2782/3374/3455 2781/3373/3454
f 2783/3375/3457 2781/3373/3454 2763/3346/3426 976/3348/3428
f 2763/3346/3426 2781/3373/3454 2780/3371/3452 975/3344/3424
f 2783/3375/3457 2784/3377/3459 2785/3378/3458
f 2784/3377/3459 2786/3379/3460 997/3380/3461 2785/3378/3458
f 2786/3379/3460 2784/3377/3459 2766/3350/3430 978/3352/3432
f 2784/3377/3459 2783/3375/3457 976/3348/3428 2766/3350/3430
f 2789/3382/3462 935/3383/3463 2787/3381/3398 2790/3385/3464
f 2787/3381/3398 935/3383/3463 2788/3384/3394 2746/3313/3393
f 902/3386/3465 2789/3382/3462 2790/3385/3464 2808/3409/2687
f 2790/3385/3464 2787/3381/3398 991/3317/3397 2769/3356/3436
f 2786/3379/3460 2791/3387/3466 2792/3388/3467 997/3380/3461
f 998/3390/3468 2791/3387/3466 2793/3389/3469 2795/3392/3470
f 998/3390/3468 2792/3388/3467 2791/3387/3466
f 2793/3389/3469 2791/3387/3466 2771/3360/3440 979/3362/3442
f 2791/3387/3466 2786/3379/3460 978/3352/3432 2771/3360/3440
f 2793/3389/3469 2794/3391/3471 2795/3392/3470
f 2794/3391/3471 2796/3393/3472 999/3394/3473 2795/3392/3470
f 2796/3393/3472 2794/3391/3471 2774/3364/3444
f 2796/3393/3472 2774/3364/3444 980/3366/3446 2797/3395/3449
f 2794/3391/3471 2793/3389/3469 979/3362/3442 2774/3364/3444
f 2796/3393/3472 2797/3395/3449 2798/3396/3474 999/3394/3473
f 2797/3395/3449 2605/3049/3126 956/3051/3128 2798/3396/3474
f 2605/3049/3126 2797/3395/3449 2777/3368/3448 954/3047/3124
f 2683/3218/3297 2799/3397/3475 2800/3398/3303 1000/3219/3298
f 1001/3400/3476 2800/3398/3303 2799/3397/3475 2801/3399/3477
f 2799/3397/3475 2779/3370/3451 995/3372/3453 2801/3399/3477
f 2779/3370/3451 2799/3397/3475 2683/3218/3297 973/3215/3295
f 2803/3402/3478 1001/3400/3476 2802/3401/3479 2804/3403/3480
f 1001/3400/3476 2801/3399/3477 2802/3401/3479
f 2803/3402/3478 2804/3403/3480 1002/3404/3481 2821/3425/3482
f 2804/3403/3480 2802/3401/3479 2782/3374/3455 996/3376/3456
f 2802/3401/3479 2801/3399/3477 995/3372/3453 2782/3374/3455
f 2804/3403/3480 2805/3405/3483 2806/3406/3484 1002/3404/3481
f 2806/3406/3484 2805/3405/3483 2807/3407/3485 1003/3408/3486
f 2807/3407/3485 2805/3405/3483 2785/3378/3458 997/3380/3461
f 2785/3378/3458 2805/3405/3483 2804/3403/3480 996/3376/3456
f 2808/3409/2687 2809/3410/3487 902/3386/3465
f 2809/3410/3487 2808/3409/2687 2328/2602/2686 928/2604/2689
f 2769/3356/3436 831/2545/2628 2808/3409/2687 2790/3385/3464
f 2807/3407/3485 2810/3411/3488 2811/3412/3489
f 1003/3408/3486 2807/3407/3485 2811/3412/3489 2832/3442/3490
f 1004/3414/3491 2810/3411/3488 2812/3413/3492 2814/3416/3493
f 2811/3412/3489 2810/3411/3488 1004/3414/3491 2834/3444/3494
f 2812/3413/3492 2810/3411/3488 2792/3388/3467
f 2812/3413/3492 2792/3388/3467 998/3390/3468 2813/3415/3495
f 2810/3411/3488 2807/3407/3485 997/3380/3461 2792/3388/3467
f 2812/3413/3492 2813/3415/3495 2814/3416/3493
f 2814/3416/3493 2813/3415/3495 2815/3417/3496 1005/3418/3497
f 2795/3392/3470 2815/3417/3496 2813/3415/3495 998/3390/3468
f 2795/3392/3470 999/3394/3473 2815/3417/3496
f 2815/3417/3496 2816/3419/3498 2817/3420/3499 1005/3418/3497
f 2816/3419/3498 2608/3053/3130 958/3055/3132 2817/3420/3499
f 2608/3053/3130 2816/3419/3498 2798/3396/3474 956/3051/3128
f 2816/3419/3498 2815/3417/3496 999/3394/3473 2798/3396/3474
f 2819/3422/3500 1006/3223/3300 2818/3421/3302 2820/3423/3501
f 2820/3423/3501 1007/3424/3502 2819/3422/3500
f 2800/3398/3303 1001/3400/3476 2818/3421/3302 2686/3222/3301
f 2820/3423/3501 2818/3421/3302 1001/3400/3476 2803/3402/3478
f 2821/3425/3482 2822/3426/3503 1007/3424/3502
f 2821/3425/3482 1007/3424/3502 2820/3423/3501 2803/3402/3478
f 1008/3428/3504 2822/3426/3503 2821/3425/3482 2823/3427/3505
f 1002/3404/3481 2823/3427/3505 2821/3425/3482
f 2824/3429/3506 2825/3430/3507 1008/3428/3504 2823/3427/3505
f 2825/3430/3507 2824/3429/3506 2826/3431/3508 1010/3432/3509
f 2824/3429/3506 2806/3406/3484 1003/3408/3486 2826/3431/3508
f 1002/3404/3481 2806/3406/3484 2824/3429/3506 2823/3427/3505
f 1023/3435/3510 2827/3433/3511 2829/3434/3512 2871/3497/3513
f 2827/3433/3511 1023/3435/3510 2828/3436/3514
f 2829/3434/3512 2827/3433/3511 2830/3437/3515 1016/3438/3516
f 2827/3433/3511 2831/3439/3517 1065/3440/3518 2830/3437/3515
f 2831/3439/3517 2827/3433/3511 2828/3436/3514 1067/3441/3519
f 2833/3443/3520 1010/3432/3509 2832/3442/3490 1011/3445/3521
f 2832/3442/3490 1010/3432/3509 2826/3431/3508 1003/3408/3486
f 2834/3444/3494 1011/3445/3521 2832/3442/3490 2811/3412/3489
f 2835/3446/3522 2836/3447/3523 2834/3444/3494 1004/3414/3491
f 1011/3445/3521 2834/3444/3494 2836/3447/3523 2856/3478/3524
f 2836/3447/3523 2835/3446/3522 2837/3448/3525 1012/3449/3526
f 2835/3446/3522 2814/3416/3493 1005/3418/3497 2837/3448/3525
f 1004/3414/3491 2814/3416/3493 2835/3446/3522
f 2837/3448/3525 2838/3450/3527 2839/3451/3528
f 1012/3449/3526 2837/3448/3525 2839/3451/3528 2859/3482/3529
f 2838/3450/3527 2611/3057/3134 960/3059/3136 2839/3451/3528
f 2611/3057/3134 2838/3450/3527 2817/3420/3499 958/3055/3132
f 2838/3450/3527 2837/3448/3525 1005/3418/3497 2817/3420/3499
f 2840/3452/3530 2841/3453/3531 1013/3227/3306 2689/3226/3305
f 2841/3453/3531 2840/3452/3530 2842/3454/3532 1014/3455/3533
f 2842/3454/3532 2840/3452/3530 2819/3422/3500 1007/3424/3502
f 2840/3452/3530 2689/3226/3305 1006/3223/3300 2819/3422/3500
f 2843/3456/3534 2844/3457/3535 1014/3455/3533 2842/3454/3532
f 2844/3457/3535 2843/3456/3534 2845/3458/3536 1015/3459/3537
f 2843/3456/3534 2822/3426/3503 1008/3428/3504
f 2845/3458/3536 2843/3456/3534 1008/3428/3504 2825/3430/3507
f 2822/3426/3503 2843/3456/3534 2842/3454/3532 1007/3424/3502
f 2846/3460/3538 2847/3461/3539 1015/3459/3537 2845/3458/3536
f 2847/3461/3539 2846/3460/3538 2848/3462/3540 1017/3463/3541
f 2825/3430/3507 1010/3432/3509 2846/3460/3538 2845/3458/3536
f 1010/3432/3509 2848/3462/3540 2846/3460/3538
f 2849/3464/3542 2851/3465/3543 1016/3438/3516 2850/3466/3544
f 2851/3465/3543 2849/3464/3542 2852/3467/3545 1037/3468/3546
f 4186/3469/3547 2852/3467/3545 2849/3464/3542 4190/3470/3548
f 4218/3473/3549 4190/3470/3548 4185/3471/3550 4208/3472/3551
f 2854/3475/3552 1017/3463/3541 2853/3474/3553 2855/3476/3554
f 1017/3463/3541 2848/3462/3540 2853/3474/3553
f 1018/3477/3555 2854/3475/3552 2855/3476/3554 2856/3478/3524
f 2855/3476/3554 2853/3474/3553 2833/3443/3520 1011/3445/3521
f 2833/3443/3520 2853/3474/3553 2848/3462/3540 1010/3432/3509
f 1018/3477/3555 2856/3478/3524 2857/3479/3556 2875/3501/3557
f 2858/3480/3558 2857/3479/3556 2856/3478/3524 2836/3447/3523
f 2858/3480/3558 1019/3481/3559 2857/3479/3556
f 2836/3447/3523 1012/3449/3526 2858/3480/3558
f 2856/3478/3524 2855/3476/3554 1011/3445/3521
f 2859/3482/3529 2860/3483/3560 1019/3481/3559
f 2859/3482/3529 1019/3481/3559 2858/3480/3558 1012/3449/3526
f 2859/3482/3529 2614/3061/3138 962/3063/3140 2860/3483/3560
f 2614/3061/3138 2859/3482/3529 2839/3451/3528 960/3059/3136
f 2861/3484/3561 2862/3485/3562 2692/3230/3309 2841/3453/3531
f 2862/3485/3562 1020/3231/3310 2692/3230/3309
f 2862/3485/3562 2861/3484/3561 2863/3486/3563 1021/3487/3564
f 2861/3484/3561 2841/3453/3531 1014/3455/3533 2863/3486/3563
f 2692/3230/3309 1013/3227/3306 2841/3453/3531
f 2865/3489/3565 1021/3487/3564 2864/3488/3566 2866/3490/3567
f 1021/3487/3564 2863/3486/3563 2864/3488/3566
f 1022/3491/3568 2865/3489/3565 2866/3490/3567 2868/3493/3569
f 2844/3457/3535 1015/3459/3537 2864/3488/3566 2863/3486/3563
f 2866/3490/3567 2864/3488/3566 1015/3459/3537 2847/3461/3539
f 2863/3486/3563 1014/3455/3533 2844/3457/3535
f 2868/3493/3569 2866/3490/3567 2867/3492/3570 2869/3494/3571
f 1024/3495/3572 2868/3493/3569 2869/3494/3571 2873/3499/3573
f 2867/3492/3570 2847/3461/3539 1017/3463/3541 2869/3494/3571
f 2847/3461/3539 2867/3492/3570 2866/3490/3567
f 2870/3496/3574 2871/3497/3513 2829/3434/3512
f 2871/3497/3513 2870/3496/3574 2872/3498/3575 1044/3272/3350
f 2870/3496/3574 2851/3465/3543 1037/3468/3546 2872/3498/3575
f 2870/3496/3574 2829/3434/3512 1016/3438/3516 2851/3465/3543
f 2874/3500/3576 1024/3495/3572 2873/3499/3573 2875/3501/3557
f 1025/3502/3577 2874/3500/3576 2875/3501/3557 2876/3503/3578
f 2873/3499/3573 2854/3475/3552 1018/3477/3555 2875/3501/3557
f 2854/3475/3552 2873/3499/3573 2869/3494/3571 1017/3463/3541
f 2876/3503/3578 2877/3504/3579 1025/3502/3577
f 2877/3504/3579 2876/3503/3578 2878/3505/3580 1026/3506/3581
f 2878/3505/3580 2876/3503/3578 2857/3479/3556 1019/3481/3559
f 2857/3479/3556 2876/3503/3578 2875/3501/3557
f 2879/3507/3582 2880/3508/3583 1026/3506/3581 2878/3505/3580
f 2617/3065/3142 964/3067/3144 2879/3507/3582 2860/3483/3560
f 2880/3508/3583 2879/3507/3582 964/3067/3144 2620/3069/3145
f 2617/3065/3142 2860/3483/3560 962/3063/3140
f 2879/3507/3582 2878/3505/3580 1019/3481/3559 2860/3483/3560
f 2881/3509/3584 2882/3510/3585 1027/3235/3313 2695/3234/3312
f 2881/3509/3584 2883/3511/3586 1028/3512/3587 2882/3510/3585
f 2883/3511/3586 2881/3509/3584 2862/3485/3562 1021/3487/3564
f 2881/3509/3584 2695/3234/3312 1020/3231/3310 2862/3485/3562
f 1028/3512/3587 2884/3513/3588 2885/3514/3589 2903/3543/3590
f 1028/3512/3587 2883/3511/3586 2884/3513/3588
f 2885/3514/3589 2884/3513/3588 2886/3515/3591
f 2885/3514/3589 2886/3515/3591 1029/3516/3592 2904/3545/3593
f 2884/3513/3588 2865/3489/3565 1022/3491/3568 2886/3515/3591
f 2884/3513/3588 2883/3511/3586 1021/3487/3564 2865/3489/3565
f 2888/3518/3594 1029/3516/3592 2887/3517/3595 2889/3519/3596
f 1029/3516/3592 2886/3515/3591 2887/3517/3595
f 1031/3520/3597 2888/3518/3594 2889/3519/3596 2893/3531/3598
f 2868/3493/3569 1024/3495/3572 2887/3517/3595 2886/3515/3591
f 1024/3495/3572 2889/3519/3596 2887/3517/3595
f 2886/3515/3591 1022/3491/3568 2868/3493/3569
f 2890/3521/3599 2891/3522/3600 1037/3468/3546 2852/3467/3545
f 2891/3522/3600 2890/3521/3599 2892/3523/3601 1058/3524/3602
f 4187/3525/3603 2892/3523/3601 2890/3521/3599 4191/3526/3604
f 4220/3527/3605 4210/3528/3606 499/3529/1140 1396/3530/1139
f 2893/3531/3598 2894/3532/3607 1031/3520/3597
f 2894/3532/3607 2893/3531/3598 2895/3533/3608 1032/3534/3609
f 2895/3533/3608 2893/3531/3598 2874/3500/3576 1025/3502/3577
f 2893/3531/3598 2889/3519/3596 1024/3495/3572 2874/3500/3576
f 2896/3535/3610 2897/3536/3611 1032/3534/3609 2895/3533/3608
f 2897/3536/3611 2896/3535/3610 2898/3537/3612 1033/3538/3613
f 2896/3535/3610 2877/3504/3579 1026/3506/3581 2898/3537/3612
f 2896/3535/3610 2895/3533/3608 1025/3502/3577 2877/3504/3579
f 2899/3539/3614 2900/3540/3615 1033/3538/3613 2898/3537/3612
f 2900/3540/3615 2899/3539/3614 2620/3069/3145 966/3071/3147
f 2899/3539/3614 2880/3508/3583 2620/3069/3145
f 2880/3508/3583 2899/3539/3614 2898/3537/3612 1026/3506/3581
f 2901/3541/3616 2902/3542/3617 1034/3239/3317
f 2901/3541/3616 1034/3239/3317 2698/3238/3316 2882/3510/3585
f 2902/3542/3617 2901/3541/3616 2903/3543/3590 1035/3544/3618
f 2903/3543/3590 2901/3541/3616 2882/3510/3585 1028/3512/3587
f 2698/3238/3316 1027/3235/3313 2882/3510/3585
f 1035/3544/3618 2904/3545/3593 2905/3546/3619 2923/3569/3620
f 2904/3545/3593 1035/3544/3618 2903/3543/3590 2885/3514/3589
f 2906/3547/3621 2905/3546/3619 2904/3545/3593 1029/3516/3592
f 2905/3546/3619 2906/3547/3621 1036/3548/3622 2923/3569/3620
f 2907/3549/3623 2908/3550/3624 1036/3548/3622 2906/3547/3621
f 2908/3550/3624 2907/3549/3623 2909/3551/3625 1038/3552/3626
f 2907/3549/3623 2888/3518/3594 1031/3520/3597 2909/3551/3625
f 2888/3518/3594 2907/3549/3623 2906/3547/3621 1029/3516/3592
f 2910/3553/3627 2720/3270/3348 1044/3272/3350 2872/3498/3575
f 2720/3270/3348 2910/3553/3627 2911/3554/3628
f 588/3271/3349 2720/3270/3348 2911/3554/3628 3023/3738/3629
f 2910/3553/3627 2891/3522/3600 1058/3524/3602 2911/3554/3628
f 2891/3522/3600 2910/3553/3627 2872/3498/3575 1037/3468/3546
f 2912/3555/3630 2913/3556/3631 1038/3552/3626 2909/3551/3625
f 2913/3556/3631 2912/3555/3630 2914/3557/3632 1039/3558/3633
f 2912/3555/3630 2894/3532/3607 1032/3534/3609 2914/3557/3632
f 2894/3532/3607 2912/3555/3630 2909/3551/3625 1031/3520/3597
f 2915/3559/3634 2916/3560/3635 1039/3558/3633 2914/3557/3632
f 2916/3560/3635 2915/3559/3634 2917/3561/3636 1040/3562/3637
f 2915/3559/3634 2897/3536/3611 1033/3538/3613 2917/3561/3636
f 2897/3536/3611 2915/3559/3634 2914/3557/3632 1032/3534/3609
f 2918/3563/3638 2919/3564/3639 1040/3562/3637 2917/3561/3636
f 2919/3564/3639 2918/3563/3638 2623/3073/3149 968/3075/3150
f 2918/3563/3638 2900/3540/3615 966/3071/3147 2623/3073/3149
f 2900/3540/3615 2918/3563/3638 2917/3561/3636 1033/3538/3613
f 2701/3242/3320 2920/3565/3640 2921/3566/3641 1041/3243/3321
f 2920/3565/3640 2922/3567/3642 1042/3568/3643 2921/3566/3641
f 2920/3565/3640 2902/3542/3617 1035/3544/3618 2922/3567/3642
f 2902/3542/3617 2920/3565/3640 2701/3242/3320 1034/3239/3317
f 2923/3569/3620 2924/3570/3644 1042/3568/3643 2922/3567/3642
f 2924/3570/3644 2923/3569/3620 2925/3571/3645
f 1043/3572/3646 2924/3570/3644 2925/3571/3645 2926/3573/3647
f 2925/3571/3645 2923/3569/3620 1036/3548/3622 2908/3550/3624
f 2923/3569/3620 2922/3567/3642 1035/3544/3618
f 1043/3572/3646 2926/3573/3647 2927/3574/3648 2944/3596/3649
f 2928/3575/3650 2927/3574/3648 2926/3573/3647 1038/3552/3626
f 1045/3576/3651 2927/3574/3648 2928/3575/3650 2933/3583/3652
f 2908/3550/3624 1038/3552/3626 2926/3573/3647 2925/3571/3645
f 2931/3578/3653 938/3579/3654 2929/3577/3655 1063/3582/3656
f 2930/3580/3657 2929/3577/3655 938/3579/3654 2961/3625/3658
f 1063/3582/3656 2929/3577/3655 2932/3581/3659 2947/3599/3660
f 2828/3436/3514 1023/3435/3510 2929/3577/3655 1067/3441/3519
f 1023/3435/3510 2932/3581/3659 2929/3577/3655
f 1067/3441/3519 2929/3577/3655 2930/3580/3657 2960/3619/3661
f 2934/3584/3662 1045/3576/3651 2933/3583/3652 2935/3585/3663
f 1046/3586/3664 2934/3584/3662 2935/3585/3663 2936/3587/3665
f 2913/3556/3631 1039/3558/3633 2933/3583/3652 2928/3575/3650
f 2935/3585/3663 2933/3583/3652 1039/3558/3633 2916/3560/3635
f 2928/3575/3650 1038/3552/3626 2913/3556/3631
f 1046/3586/3664 2936/3587/3665 2937/3588/3666 2950/3602/3667
f 2937/3588/3666 2936/3587/3665 2938/3589/3668 1047/3590/3669
f 2936/3587/3665 2916/3560/3635 1040/3562/3637 2938/3589/3668
f 2916/3560/3635 2936/3587/3665 2935/3585/3663
f 2939/3591/3670 2940/3592/3671 1047/3590/3669 2938/3589/3668
f 2940/3592/3671 2939/3591/3670 2626/3077/3152 970/3079/3154
f 2939/3591/3670 2919/3564/3639 968/3075/3150 2626/3077/3152
f 2919/3564/3639 2939/3591/3670 2938/3589/3668 1040/3562/3637
f 2941/3593/3672 2735/3294/3372 1048/3207/3286 2703/3245/3323
f 2941/3593/3672 2942/3594/3673 1049/3295/3373 2735/3294/3372
f 2921/3566/3641 2942/3594/3673 2941/3593/3672 1041/3243/3321
f 2921/3566/3641 1042/3568/3643 2942/3594/3673
f 2941/3593/3672 2703/3245/3323 1041/3243/3321
f 2942/3594/3673 2943/3595/3674 2739/3300/3378 1049/3295/3373
f 2943/3595/3674 2944/3596/3649 1050/3301/3379 2739/3300/3378
f 2944/3596/3649 2943/3595/3674 2924/3570/3644 1043/3572/3646
f 2943/3595/3674 2942/3594/3673 1042/3568/3643 2924/3570/3644
f 2743/3306/3384 1050/3301/3379 2945/3597/3675 2946/3598/3676
f 1050/3301/3379 2944/3596/3649 2945/3597/3675
f 1052/3307/3385 2743/3306/3384 2946/3598/3676 2949/3601/3677
f 2927/3574/3648 1045/3576/3651 2945/3597/3675 2944/3596/3649
f 2946/3598/3676 2945/3597/3675 1045/3576/3651 2934/3584/3662
f 2947/3599/3660 2948/3600/3678 1063/3582/3656
f 2948/3600/3678 2947/3599/3660 2717/3267/3345 1062/3266/3344
f 2947/3599/3660 2871/3497/3513 1044/3272/3350 2717/3267/3345
f 2871/3497/3513 2947/3599/3660 2932/3581/3659 1023/3435/3510
f 2949/3601/3677 2751/3326/3386 1052/3307/3385
f 2751/3326/3386 2949/3601/3677 2950/3602/3667 1053/3327/3407
f 2949/3601/3677 2934/3584/3662 1046/3586/3664 2950/3602/3667
f 2934/3584/3662 2949/3601/3677 2946/3598/3676
f 2951/3603/3679 2755/3333/3413 1053/3327/3407 2950/3602/3667
f 2952/3604/3680 2755/3333/3413 2951/3603/3679 1047/3590/3669
f 1054/3334/3414 2755/3333/3413 2952/3604/3680 2953/3605/3681
f 2937/3588/3666 1047/3590/3669 2951/3603/3679 2950/3602/3667
f 2758/3340/3420 1054/3334/3414 2953/3605/3681 2629/3081/3156
f 2629/3081/3156 972/3040/3117 2758/3340/3420
f 2953/3605/3681 2940/3592/3671 970/3079/3154 2629/3081/3156
f 2940/3592/3671 2953/3605/3681 2952/3604/3680 1047/3590/3669
f 3960/3606/3682 2954/3607/3683 2956/3608/3684 3961/3609/3685
f 2954/3607/3683 2957/3610/3686 1065/3440/3518 2956/3608/3684
f 2957/3610/3686 2954/3607/3683 4192/3611/3687 4188/3612/3688
f 4206/3613/3689 4192/3611/3687 2954/3607/3683 3960/3606/3682
f 3529/3614/3690 4014/3615/3691 4013/3616/3692 3523/3617/3693
f 2958/3618/3694 2831/3439/3517 1067/3441/3519 2960/3619/3661
f 2831/3439/3517 2958/3618/3694 2956/3608/3684 1065/3440/3518
f 3961/3609/3685 2956/3608/3684 2958/3618/3694 3962/3620/3695
f 3549/3621/3696 4020/3622/3697 4019/3623/3698 3544/3624/3699
f 2961/3625/3658 938/3579/3654 2963/3626/3700 3964/3628/3701
f 2963/3626/3700 938/3579/3654 2967/3635/3702
f 2930/3580/3657 2961/3625/3658 2960/3619/3661
f 3963/3627/3703 2960/3619/3661 2961/3625/3658 3964/3628/3701
f 3966/3638/3704 4017/3630/3705 3538/3631/3706 4018/3629/3707
f 3708/4856/3708 3542/3632/3709 4018/3629/3707 3538/3631/3706
f 2964/3634/3710 2963/3626/3700 2967/3635/3702 2966/3633/3711
f 2964/3634/3710 2966/3633/3711 3967/3644/3712
f 2967/3635/3702 940/3636/3713 2966/3633/3711
f 2968/3639/3714 2970/3640/3715 941/3641/3716 2969/3642/3717
f 2966/3633/3711 940/3636/3713 2968/3639/3714 3968/3643/3718
f 2970/3640/3715 2968/3639/3714 940/3636/3713 3073/3800/3719
f 3967/3644/3712 2966/3633/3711 3968/3643/3718 4024/3645/3720
f 4024/3645/3720 3968/3643/3718 4023/3647/3721 3562/4861/3722
f 3969/3646/3723 4023/3647/3721 3968/3643/3718 2968/3639/3714
f 2973/3648/3724 2972/3649/3725 2974/3650/3726
f 2973/3648/3724 2974/3650/3726 943/3651/3727 2976/3662/3728
f 2969/3642/3717 2974/3650/3726 2972/3649/3725 3970/3652/3729
f 2974/3650/3726 2969/3642/3717 941/3641/3716 3032/3750/3730
f 4022/3653/3731 3969/3646/3723 2969/3642/3717 3970/3652/3729
f 3970/3652/3729 4021/3654/3732 3551/3655/3733 4022/3653/3731
f 3703/4864/3734 3556/3656/3735 4022/3653/3731 3551/3655/3733
f 4027/3659/3736 3972/3657/3737 3973/3658/3738 4026/5103/3739
f 3972/3657/3737 4027/3659/3736 4028/3660/3740 3971/3665/3741
f 2976/3662/3728 2979/3663/3742 2978/3661/3743 3973/3658/3738
f 945/3664/3744 2978/3661/3743 2979/3663/3742 2986/3686/3745
f 2979/3663/3742 2976/3662/3728 943/3651/3727 2987/3687/3746
f 3972/3657/3737 2973/3648/3724 2976/3662/3728 3973/3658/3738
f 2973/3648/3724 3972/3657/3737 3971/3665/3741 2972/3649/3725
f 5585/3666/3747 5785/3667/3748 5783/3668/3749 5583/3669/3750
f 5571/3670/3751 5768/3671/3752 5769/3672/3753
f 5561/3673/3754 543/1225/1295 5571/3670/3751 5769/3672/3753
f 2978/3661/3743 945/3664/3744 2980/3674/3755 3974/3676/3756
f 2982/3675/3757 2980/3674/3755 945/3664/3744 2985/3683/3280
f 3973/3658/3738 2978/3661/3743 3974/3676/3756 4026/5103/3739
f 2957/3610/3686 2983/3677/3758 2830/3437/3515 1065/3440/3518
f 2830/3437/3515 2983/3677/3758 2850/3466/3544 1016/3438/3516
f 4185/3471/3550 2850/3466/3544 2983/3677/3758 4193/3678/3759
f 2983/3677/3758 2957/3610/3686 4188/3612/3688 4193/3678/3759
f 5833/3685/3760 5744/3086/3163 5572/3679/3761 5770/3680/3762
f 5744/3086/3163 5551/3681/3162 5572/3679/3761
f 2985/3683/3280 950/3084/3158 2984/3682/3763 2982/3675/3757
f 5807/6632/3764 2984/3682/3763 950/3084/3158 2632/3083/3157
f 5769/3672/3753 5832/3684/3765 5833/3685/3760 5770/3680/3762
f 2670/3200/3278 2985/3683/3280 2986/3686/3745 2987/3687/3746
f 994/3201/3279 2670/3200/3278 2987/3687/3746 3009/3720/3766
f 2987/3687/3746 2986/3686/3745 2979/3663/3742
f 2986/3686/3745 2985/3683/3280 945/3664/3744
f 2988/3688/3767 2502/2891/2976 2594/3032/2978
f 2988/3688/3767 2989/3689/3768 905/2892/2977 2502/2891/2976
f 2989/3689/3768 2988/3688/3767 2990/3690/3769 947/3691/3770
f 2990/3690/3769 2988/3688/3767 2594/3032/2978 952/3034/3111
f 2731/3287/3365 2991/3692/3771 2990/3690/3769 952/3034/3111
f 2991/3692/3771 2992/3693/3772 947/3691/3770 2990/3690/3769
f 2992/3693/3772 2991/3692/3771 2993/3694/3773 585/3695/3774
f 2993/3694/3773 2991/3692/3771 2731/3287/3365 988/3284/3362
f 2994/3696/3775 2993/3694/3773 988/3284/3362 2728/3283/3361
f 2994/3696/3775 2995/3697/3776 585/3695/3774 2993/3694/3773
f 2994/3696/3775 2996/3698/3777 586/3699/3778 2995/3697/3776
f 2996/3698/3777 2994/3696/3775 2728/3283/3361 989/3278/3356
f 2997/3700/3779 2996/3698/3777 989/3278/3356 2724/3277/3355
f 2996/3698/3777 2997/3700/3779 2998/3701/3780 586/3699/3778
f 2999/3702/3781 587/3703/3782 2997/3700/3779 2724/3277/3355
f 587/3703/3782 2998/3701/3780 2997/3700/3779
f 2724/3277/3355 990/3263/3340 2999/3702/3781
f 1058/3524/3602 3000/3704/3783 3001/3705/3784 2911/3554/3628
f 1058/3524/3602 2892/3523/3601 3000/3704/3783
f 3001/3705/3784 3000/3704/3783 3002/3706/3785 946/3707/3786
f 4189/3708/3787 3002/3706/3785 3000/3704/3783 4194/3709/3788
f 4226/3710/3789 4194/3709/3788 4187/3525/3603 4212/3711/3790
f 2999/3702/3781 990/3263/3340 3003/3712/3791 3004/3713/3792
f 3003/3712/3791 990/3263/3340 2715/3262/3339 3005/3714/3341
f 3004/3713/3792 587/3703/3782 2999/3702/3781
f 3003/3712/3791 3005/3714/3341 589/3715/3793 3004/3713/3792
f 3006/3716/3794 3005/3714/3341 992/3257/3334 2711/3256/3333
f 3005/3714/3341 3006/3716/3794 3007/3717/3795 589/3715/3793
f 3008/3718/3796 590/3719/3797 3006/3716/3794 2711/3256/3333
f 590/3719/3797 3007/3717/3795 3006/3716/3794
f 3008/3718/3796 2711/3256/3333 993/3251/3328 2707/3250/3327
f 3009/3720/3766 3008/3718/3796 2707/3250/3327 994/3201/3279
f 3008/3718/3796 3009/3720/3766 3010/3721/3798
f 590/3719/3797 3008/3718/3796 3010/3721/3798 3032/3750/3730
f 3010/3721/3798 3009/3720/3766 2987/3687/3746 943/3651/3727
f 2989/3689/3768 3011/3722/3799 2526/2929/3011 905/2892/2977
f 3011/3722/3799 3012/3723/3800 913/2930/3012 2526/2929/3011
f 3012/3723/3800 3011/3722/3799 3013/3724/3801 591/3725/3802
f 3011/3722/3799 2989/3689/3768 947/3691/3770 3013/3724/3801
f 2992/3693/3772 3014/3726/3803 3013/3724/3801 947/3691/3770
f 3014/3726/3803 3015/3727/3804 591/3725/3802 3013/3724/3801
f 3015/3727/3804 3014/3726/3803 3016/3728/3805 592/3729/3806
f 3014/3726/3803 2992/3693/3772 585/3695/3774 3016/3728/3805
f 2995/3697/3776 3017/3730/3807 3016/3728/3805 585/3695/3774
f 3017/3730/3807 3018/3731/3808 592/3729/3806 3016/3728/3805
f 3017/3730/3807 3019/3732/3809 593/3733/3810 3018/3731/3808
f 3019/3732/3809 3017/3730/3807 2995/3697/3776 586/3699/3778
f 3020/3734/3811 3019/3732/3809 586/3699/3778 2998/3701/3780
f 3019/3732/3809 3020/3734/3811 3021/3735/3812 593/3733/3810
f 3020/3734/3811 3022/3736/3813 594/3737/3814 3021/3735/3812
f 3022/3736/3813 3020/3734/3811 2998/3701/3780 587/3703/3782
f 588/3271/3349 3023/3738/3629 3024/3739/3815 3077/3821/3816
f 3025/3740/3817 3024/3739/3815 3023/3738/3629 946/3707/3786
f 880/3741/3818 3024/3739/3815 3025/3740/3817 3066/3792/3819
f 3001/3705/3784 946/3707/3786 3023/3738/3629 2911/3554/3628
f 3026/3742/3820 3022/3736/3813 587/3703/3782
f 3026/3742/3820 587/3703/3782 3004/3713/3792 3028/3744/3821
f 3022/3736/3813 3026/3742/3820 3027/3743/3822 594/3737/3814
f 3026/3742/3820 3028/3744/3821 595/3745/3823
f 3027/3743/3822 3026/3742/3820 595/3745/3823 3052/3775/3824
f 3004/3713/3792 589/3715/3793 3028/3744/3821
f 3029/3746/3825 3028/3744/3821 589/3715/3793 3007/3717/3795
f 3028/3744/3821 3029/3746/3825 3030/3747/3826
f 595/3745/3823 3028/3744/3821 3030/3747/3826 3053/3777/3827
f 596/3749/3828 3029/3746/3825 3031/3748/3829 3033/3751/3830
f 3030/3747/3826 3029/3746/3825 596/3749/3828 3055/3779/3831
f 3031/3748/3829 3029/3746/3825 3007/3717/3795 590/3719/3797
f 3031/3748/3829 590/3719/3797 3032/3750/3730 3033/3751/3830
f 3033/3751/3830 3032/3750/3730 941/3641/3716 2970/3640/3715
f 2974/3650/3726 3032/3750/3730 3010/3721/3798 943/3651/3727
f 3012/3723/3800 3034/3752/3832 2550/2961/3044 913/2930/3012
f 3034/3752/3832 3035/3753/3833 920/2962/3045 2550/2961/3044
f 3035/3753/3833 3034/3752/3832 3036/3754/3834 714/3755/3835
f 3034/3752/3832 3012/3723/3800 591/3725/3802 3036/3754/3834
f 3037/3756/3836 3036/3754/3834 3015/3727/3804 592/3729/3806
f 3036/3754/3834 591/3725/3802 3015/3727/3804
f 3038/3757/3837 714/3755/3835 3037/3756/3836 3039/3758/3838
f 714/3755/3835 3036/3754/3834 3037/3756/3836
f 3039/3758/3838 715/3759/3839 3038/3757/3837
f 592/3729/3806 3039/3758/3838 3037/3756/3836
f 3018/3731/3808 3040/3760/3840 3039/3758/3838 592/3729/3806
f 3040/3760/3840 3041/3761/3841 715/3759/3839 3039/3758/3838
f 3041/3761/3841 3040/3760/3840 3042/3762/3842 838/3763/3843
f 3040/3760/3840 3018/3731/3808 593/3733/3810 3042/3762/3842
f 3043/3764/3844 3042/3762/3842 593/3733/3810 3021/3735/3812
f 3043/3764/3844 3044/3765/3845 838/3763/3843 3042/3762/3842
f 3043/3764/3844 3045/3766/3846 859/3767/3847 3044/3765/3845
f 3045/3766/3846 3043/3764/3844 3021/3735/3812 594/3737/3814
f 2788/3384/3394 3047/3768/3848 3046/3769/3849 977/3314/3391
f 3047/3768/3848 2788/3384/3394 935/3383/3463 3060/3785/3850
f 977/3314/3391 3046/3769/3849 3048/3770/3851 2745/3315/3395
f 3049/3771/3852 3048/3770/3851 3046/3769/3849 1009/3772/3853
f 3049/3771/3852 880/3741/3818 3048/3770/3851
f 3046/3769/3849 3047/3768/3848 1009/3772/3853
f 3050/3773/3854 3045/3766/3846 594/3737/3814
f 3050/3773/3854 594/3737/3814 3027/3743/3822 3052/3775/3824
f 3045/3766/3846 3050/3773/3854 3051/3774/3855 859/3767/3847
f 3050/3773/3854 3052/3775/3824 888/3776/3856 3051/3774/3855
f 3053/3777/3827 3052/3775/3824 595/3745/3823
f 3052/3775/3824 3053/3777/3827 3054/3778/3857 888/3776/3856
f 3055/3779/3831 889/3780/3858 3053/3777/3827 3030/3747/3826
f 889/3780/3858 3054/3778/3857 3053/3777/3827
f 3035/3753/3833 3056/3781/3859 2572/2990/3074 920/2962/3045
f 2809/3410/3487 928/2604/2689 3056/3781/3859 3057/3782/3860
f 928/2604/2689 2572/2990/3074 3056/3781/3859
f 902/3386/3465 2809/3410/3487 3057/3782/3860 3058/3783/3861
f 3056/3781/3859 3035/3753/3833 714/3755/3835
f 3057/3782/3860 3056/3781/3859 714/3755/3835 3038/3757/3837
f 3038/3757/3837 3058/3783/3861 3057/3782/3860
f 2789/3382/3462 902/3386/3465 3058/3783/3861 3059/3784/3862
f 935/3383/3463 2789/3382/3462 3059/3784/3862 3060/3785/3850
f 3058/3783/3861 3038/3757/3837 715/3759/3839 3059/3784/3862
f 3041/3761/3841 3060/3785/3850 3059/3784/3862 715/3759/3839
f 3047/3768/3848 3060/3785/3850 3061/3786/3863 1009/3772/3853
f 3060/3785/3850 3041/3761/3841 838/3763/3843 3061/3786/3863
f 3044/3765/3845 3062/3787/3864 3061/3786/3863 838/3763/3843
f 3062/3787/3864 3063/3788/3865 1009/3772/3853 3061/3786/3863
f 3063/3788/3865 3062/3787/3864 3064/3789/3866 1030/3269/3347
f 3062/3787/3864 3044/3765/3845 859/3767/3847 3064/3789/3866
f 3838/3310/3389 2745/3315/3395 3065/3790/3867 3841/3791/3868
f 3841/3791/3868 3065/3790/3867 3066/3792/3819 3842/3793/3869
f 3065/3790/3867 3048/3770/3851 880/3741/3818 3066/3792/3819
f 3048/3770/3851 3065/3790/3867 2745/3315/3395
f 3067/3794/3870 3064/3789/3866 859/3767/3847 3051/3774/3855
f 3067/3794/3870 2718/3265/3343 1030/3269/3347 3064/3789/3866
f 2718/3265/3343 3067/3794/3870 3068/3795/3871 1062/3266/3344
f 3068/3795/3871 3067/3794/3870 3051/3774/3855 888/3776/3856
f 3069/3796/3872 3068/3795/3871 888/3776/3856 3054/3778/3857
f 3069/3796/3872 2948/3600/3678 1062/3266/3344 3068/3795/3871
f 2948/3600/3678 3069/3796/3872 3070/3797/3873 1063/3582/3656
f 3070/3797/3873 3069/3796/3872 3054/3778/3857 889/3780/3858
f 3071/3798/3874 3070/3797/3873 889/3780/3858
f 3072/3799/3875 3071/3798/3874 889/3780/3858 3055/3779/3831
f 3071/3798/3874 2931/3578/3653 1063/3582/3656 3070/3797/3873
f 2967/3635/3702 938/3579/3654 3071/3798/3874 940/3636/3713
f 938/3579/3654 2931/3578/3653 3071/3798/3874
f 3071/3798/3874 3072/3799/3875 940/3636/3713
f 3073/3800/3719 3055/3779/3831 596/3749/3828
f 3073/3800/3719 596/3749/3828 3033/3751/3830 2970/3640/3715
f 3072/3799/3875 3055/3779/3831 3073/3800/3719 940/3636/3713
f 3074/3801/3876 3075/3802/3877 946/3707/3786 3002/3706/3785
f 3809/3806/3878 3844/3803/3879 3843/3804/3880 3808/3805/3881
f 4230/3807/3882 4242/3808/3883 3777/3809/1385 6448/3810/1384
f 4228/3811/3884 4216/3812/3885 6440/3813/1381 1555/3814/1380
f 3076/3815/3886 3025/3740/3817 946/3707/3786
f 3076/3815/3886 946/3707/3786 3075/3802/3877 3845/3817/3887
f 3066/3792/3819 3025/3740/3817 3076/3815/3886 3842/3793/3869
f 3807/3816/3888 3842/3793/3869 3845/3817/3887 3810/3818/3889
f 3520/3819/3890 3810/3818/3889 3809/3806/3878 3521/3820/3891
f 2719/3268/3346 588/3271/3349 3077/3821/3816 3063/3788/3865
f 2719/3268/3346 3063/3788/3865 1030/3269/3347
f 3063/3788/3865 3077/3821/3816 3049/3771/3852 1009/3772/3853
f 3077/3821/3816 3024/3739/3815 880/3741/3818 3049/3771/3852
f 3169/3822/3892 6312/3823/3893 3162/3824/3894 3170/3825/3895
f 6312/3823/3893 3169/3822/3892 6301/3826/3896
f 6302/3827/3897 6312/3823/3893 6301/3826/3896 5657/3830/3898
f 6290/3965/3899 5525/3829/3900 5657/3830/3898 5522/3828/3901
f 5659/3831/3902 5522/3828/3901 5657/3830/3898 6301/3826/3896
f 6314/3832/3903 3169/3822/3892 3170/3825/3895 3165/3833/3904
f 5834/3834/3905 5835/3835/3906 5772/3836/3907
f 5771/3837/3908 5834/3834/3905 5772/3836/3907 5577/4313/3909
f 3174/3840/3910 3173/3838/3911 3171/3839/3912 3158/3843/3913
f 3173/3838/3911 3174/3840/3910 3160/3841/3914 117/4310/3915
f 3158/3843/3913 3171/3839/3912 3175/3842/3916 91/4257/3917
f 3175/3842/3916 3171/3839/3912 5834/3834/3905 5836/3844/3918
f 5787/3845/3919 5587/3846/3920 5586/3847/3921 5786/3848/3922
f 3176/3849/3923 3179/3850/3924 4424/3851/3925 4425/3852/3926
f 5793/3854/3927 5856/3855/3928 5837/3856/3929 5774/3857/3930
f 3161/3860/3931 3181/3858/3932 3183/3859/3933 117/4310/3915
f 3979/4350/3934 3181/3858/3932 3161/3860/3931 3182/3861/3935
f 5549/3862/3936 5573/3863/3937 5778/3864/3938 5777/3865/3939
f 5782/3866/3940 5582/3867/3941 5584/3868/3942 5784/3869/3943
f 3917/3870/3944 3918/3871/3945 3643/3872/3946 3639/3873/3947
f 3981/3891/3948 3920/3876/3949 3640/3874/3950 3919/3875/3951
f 3920/3876/3949 3487/3877/3952 3640/3874/3950
f 3185/3878/3953 3187/3879/3954 3082/3880/3955
f 3980/5066/3956 3185/3878/3953 3082/3880/3955 3186/3881/3957
f 3982/5067/3958 3188/3882/3959 3159/3883/3960 3185/3878/3953
f 3187/3879/3954 3185/3878/3953 3159/3883/3960 799/4319/3961
f 3919/3875/3951 3640/3874/3950 3614/3884/3962
f 3980/5066/3956 3919/3875/3951 3614/3884/3962 3921/3885/3963
f 3190/3886/3964 3189/3887/3965 3191/3888/3966 3083/3889/3967
f 3191/3888/3966 3189/3887/3965 3186/3881/3957 3082/3880/3955
f 3981/3891/3948 3186/3881/3957 3189/3887/3965 3983/3890/3968
f 3922/3892/3969 3923/3893/3970 3489/3894/3971 3491/3895/3972
f 3192/3897/3973 3194/3898/3974 3193/3896/3975 3986/4084/3976
f 3084/3899/3977 3193/3896/3975 3194/3898/3974 269/4287/3978
f 3190/3886/3964 3083/3889/3967 3192/3897/3973 3985/5069/3979
f 3083/3889/3967 3194/3898/3974 3192/3897/3973
f 3924/3900/3980 3501/3901/3981 3984/5068/3982
f 3923/3893/3970 3984/5068/3982 3501/3901/3981 3707/4853/3983
f 3489/3894/3971 3923/3893/3970 3707/4853/3983
f 3924/3900/3980 3925/3902/3984 3502/3903/3985 3501/3901/3981
f 3195/3904/3986 3197/3905/3987 3157/3906/3988 3196/3907/3989
f 3197/3905/3987 3195/3904/3986 3198/3908/3990 3086/3909/3991
f 3926/3910/3992 6386/4714/3993 3492/3912/3994 3928/3913/3995
f 6386/4714/3993 3926/3910/3992 3503/3911/3996
f 3503/3911/3996 3988/4356/3997 3927/3914/3998 6391/4721/3999
f 3988/4356/3997 3503/3911/3996 3926/3910/3992
f 6391/4721/3999 3927/3914/3998 3641/3915/4000
f 3086/3909/3991 3198/3908/3990 3990/3916/4001 3199/3917/4002
f 3198/3908/3990 3989/3918/4003 3990/3916/4001
f 3086/3909/3991 3199/3917/4002 3200/3919/4004 3207/3938/4005
f 3991/3928/4006 3201/3920/4007 3200/3919/4004 3199/3917/4002
f 3201/3920/4007 3087/3921/4008 3200/3919/4004
f 6282/4708/4009 3495/3924/4010 3929/3922/4011 3494/3923/4012
f 3990/3916/4001 3929/3922/4011 3495/3924/4010 3930/3925/4013
f 3087/3921/4008 3201/3920/4007 3992/3926/4014 3202/3927/4015
f 3992/3926/4014 3201/3920/4007 3931/3932/4016
f 3931/3932/4016 3201/3920/4007 3991/3928/4006 3498/3933/4017
f 3202/3927/4015 3203/3929/4018 3087/3921/4008
f 3993/5071/4019 3204/3930/4020 3203/3929/4018 3202/3927/4015
f 3204/3930/4020 3085/3931/4021 3203/3929/4018
f 3931/3932/4016 6403/4703/4022 3604/3934/4023 3992/3926/4014
f 6403/4703/4022 3931/3932/4016 3498/3933/4017
f 3992/3926/4014 3604/3934/4023 3932/3935/4024 3202/3927/4015
f 3200/3919/4004 3087/3921/4008 3205/3936/4025 3207/3938/4005
f 3206/3937/4026 3205/3936/4025 3087/3921/4008 3203/3929/4018
f 3208/3939/4027 3140/3940/4028 3205/3936/4025 3206/3937/4026
f 3207/3938/4005 3205/3936/4025 3140/3940/4028 3259/4042/4029
f 3134/3941/4030 3208/3939/4027 3206/3937/4026 1056/4327/4031
f 3210/3942/4032 3209/3943/4033 3211/3944/4034 3139/3945/4035
f 3211/3944/4034 3209/3943/4033 3212/3946/4036 3136/3947/4037
f 3212/3946/4036 3209/3943/4033 3191/3888/3966
f 3212/3946/4036 3191/3888/3966 3082/3880/3955 799/4319/3961
f 3209/3943/4033 3210/3942/4032 3083/3889/3967 3191/3888/3966
f 3215/3950/4038 3214/3948/4039 3213/3949/4040 3095/3953/4041
f 3214/3948/4039 3215/3950/4038 3092/3951/4042 1055/4326/4043
f 3213/3949/4040 3216/3952/4044 3095/3953/4041
f 3211/3944/4034 3216/3952/4044 3213/3949/4040 3139/3945/4035
f 3216/3952/4044 3211/3944/4034 3136/3947/4037 320/4314/4045
f 3139/3945/4035 3213/3949/4040 3214/3948/4039 272/4288/4046
f 5661/3955/4047 5523/3956/4048 5660/3954/4049 6304/6436/4050
f 5483/6434/4051 5611/3957/4052 5660/3954/4049 5523/3956/4048
f 3217/3958/4053 6315/3959/4054 3218/3960/4055
f 3217/3958/4053 3218/3960/4055 3150/3961/4056 4469/4168/4057
f 6315/3959/4054 6314/3832/3903 3165/3833/3904 3218/3960/4055
f 3094/3964/4058 5486/3962/4059 6316/3963/4060
f 3107/6433/4061 6316/3963/4060 5486/3962/4059 5611/3957/4052
f 5522/3828/3901 5486/3962/4059 3094/3964/4058 6290/3965/3899
f 3221/3967/4062 3138/3968/4063 3219/3966/4064 3222/3970/4065
f 3220/3969/4066 3219/3966/4064 3138/3968/4063 3251/4031/4067
f 3147/3971/4068 3221/3967/4062 3222/3970/4065 3289/4100/4069
f 3098/3973/4070 3219/3966/4064 3223/3972/4071 3247/4028/4072
f 3098/3973/4070 3222/3970/4065 3219/3966/4064
f 3223/3972/4071 3219/3966/4064 3220/3969/4066
f 3093/3974/4073 3223/3972/4071 3220/3969/4066 3249/4029/4074
f 4422/3975/4075 4426/3976/4076 4446/3977/4077 4443/3978/4078
f 3227/3980/4079 3224/3979/4080 4676/3982/4081 4668/3985/4082
f 4676/3982/4081 3228/3983/4083 3102/3984/4084 4668/3985/4082
f 3224/3979/4080 3225/3986/4085 4673/3987/4086 4676/3982/4081
f 3230/3988/4087 3229/3989/4088 4427/3990/4089 4417/3991/4090
f 3229/3989/4088 3232/3992/4091 4415/3993/4092 4427/3990/4089
f 4667/3994/4093 3232/3992/4091 3229/3989/4088 4677/3995/4094
f 3233/3998/4095 4677/3995/4094 4665/3996/4096 3088/3997/4097
f 3232/3992/4091 3234/3999/4098 4428/4000/4099 4415/3993/4092
f 4472/4004/4100 4448/4001/4101 4444/4002/4102 4466/4003/4103
f 4678/4005/4104 3237/4006/4105 3151/4007/4106 4672/4008/4107
f 3237/4006/4105 4678/4005/4104 4667/3994/4093 3100/4009/4108
f 4418/3981/4109 4429/4010/4110 4449/4011/4111 4438/4012/4112
f 4429/4010/4110 4414/4013/4113 4434/4014/4114 4449/4011/4111
f 3240/4015/4115 3238/4016/4116 4679/4017/4117 4666/4018/4118
f 3241/4019/4119 4679/4017/4117 4668/3985/4082 3102/3984/4084
f 3208/3939/4027 3134/3941/4030 3242/4020/4120 3244/4022/4121
f 3242/4020/4120 3134/3941/4030 3243/4021/4122 3245/4023/4123
f 3244/4022/4121 3140/3940/4028 3208/3939/4027
f 3242/4020/4120 3245/4023/4123 3096/4024/4124
f 3244/4022/4121 3242/4020/4120 3096/4024/4124 3273/4066/4125
f 3093/3974/4073 3245/4023/4123 3243/4021/4122 3246/4025/4126
f 3248/4026/4127 3141/4027/4128 3246/4025/4126 3243/4021/4122
f 3247/4028/4072 3246/4025/4126 3141/4027/4128 3305/4129/4129
f 3243/4021/4122 3134/3941/4030 3248/4026/4127
f 3223/3972/4071 3093/3974/4073 3246/4025/4126 3247/4028/4072
f 3245/4023/4123 3093/3974/4073 3249/4029/4074 3250/4030/4130
f 3096/4024/4124 3245/4023/4123 3250/4030/4130 3270/4062/4131
f 3251/4031/4067 3131/4032/4132 3249/4029/4074 3220/3969/4066
f 3131/4032/4132 3250/4030/4130 3249/4029/4074
f 3252/4034/4133 3254/4035/4134 3146/4040/4135 3307/4131/4136
f 3146/4040/4135 3254/4035/4134 3253/4033/4137
f 3253/4033/4137 3254/4035/4134 3084/3899/3977 269/4287/3978
f 3255/4036/4138 3111/4037/4139 3256/4038/4140 3145/4039/4141
f 3252/4034/4133 3256/4038/4140 3111/4037/4139 3280/4081/4142
f 3254/4035/4134 3252/4034/4133 3280/4081/4142
f 3256/4038/4140 3252/4034/4133 3307/4131/4136
f 3156/4043/4143 3257/4041/4144 3259/4042/4029 748/4318/4145
f 3156/4043/4143 3258/4044/4146 3257/4041/4144
f 3207/3938/4005 3259/4042/4029 3257/4041/4144 3086/3909/3991
f 3197/3905/3987 3086/3909/3991 3257/4041/4144 3258/4044/4146
f 3157/3906/3988 3197/3905/3987 3258/4044/4146 3184/4368/4147
f 3168/4047/4148 3260/4045/4149 3262/4046/4150 812/4320/4151
f 3260/4045/4149 3168/4047/4148 3261/4048/4152 3264/4050/4153
f 3262/4046/4150 3260/4045/4149 3263/4049/4154
f 3136/3947/4037 3262/4046/4150 3263/4049/4154 320/4314/4045
f 3263/4049/4154 3260/4045/4149 3264/4050/4153 3101/4051/4155
f 3261/4048/4152 3167/4052/4156 3264/4050/4153
f 3265/4053/4157 3267/4054/4158 3128/4055/4159 3266/4056/4160
f 3265/4053/4157 3268/4057/4161 3127/4058/4162 3267/4054/4158
f 3265/4053/4157 3269/4059/4163 3120/4060/4164 3268/4057/4161
f 3269/4059/4163 3265/4053/4157 3266/4056/4160 3105/4061/4165
f 3270/4062/4131 3272/4063/4166 3130/4064/4167
f 3271/4065/4168 3270/4062/4131 3130/4064/4167 3342/4203/4169
f 3272/4063/4166 3270/4062/4131 3250/4030/4130 3131/4032/4132
f 3273/4066/4125 3096/4024/4124 3270/4062/4131 3271/4065/4168
f 3271/4065/4168 3090/4067/4170 3273/4066/4125
f 3274/4069/4171 3276/4070/4172 3275/4068/4173 3108/4076/4174
f 3276/4070/4172 3144/4071/4175 3275/4068/4173
f 3274/4069/4171 3277/4072/4176 3143/4073/4177 3276/4070/4172
f 3278/4074/4178 3277/4072/4176 3274/4069/4171 3108/4076/4174
f 3097/4075/4179 3277/4072/4176 3278/4074/4178 3306/4132/4180
f 3994/4083/4181 3934/4078/4182 3631/4079/4183 3933/4077/4184
f 3631/4079/4183 3565/4080/4185 3933/4077/4184
f 3995/5072/4186 3279/4082/4187 3254/4035/4134 3280/4081/4142
f 3994/4083/4181 3193/3896/3975 3084/3899/3977 3279/4082/4187
f 3084/3899/3977 3254/4035/4134 3279/4082/4187
f 3933/4077/4184 3986/4084/3976 3193/3896/3975 3994/4083/4181
f 3286/4095/4188 3110/4087/4189 3281/4085/4190 3283/4086/4191
f 3996/4092/4192 3281/4085/4190 3110/4087/4189 3282/4088/4193
f 3998/4091/4194 3284/4089/4195 3283/4086/4191 3281/4085/4190
f 3283/4086/4191 3284/4089/4195 3114/4090/4196 3285/4094/4197
f 3937/4158/4198 3998/4091/4194 3281/4085/4190 3996/4092/4192
f 3282/4088/4193 3997/4093/4199 3996/4092/4192
f 3286/4095/4188 3283/4086/4191 3142/4097/4200
f 3142/4097/4200 3283/4086/4191 3285/4094/4197 3287/4096/4201
f 1459/4332/4202 3142/4097/4200 3287/4096/4201 1066/4331/4203
f 3288/4098/4204 3287/4096/4201 3285/4094/4197 3114/4090/4196
f 3287/4096/4201 3288/4098/4204 3116/4099/4205 3352/4217/4206
f 3109/4102/4207 3289/4100/4069 3291/4101/4208 1459/4332/4202
f 3289/4100/4069 3109/4102/4207 3290/4103/4209 3292/4104/4210
f 3291/4101/4208 3289/4100/4069 3222/3970/4065
f 3291/4101/4208 3222/3970/4065 3098/3973/4070 1473/4336/4211
f 3147/3971/4068 3289/4100/4069 3292/4104/4210 3338/4199/4212
f 3290/4103/4209 3148/4105/4213 3292/4104/4210
f 3294/4106/4214 3293/4107/4215 3295/4108/4216 3115/4109/4217
f 3293/4107/4215 3296/4110/4218 3117/4111/4219 3295/4108/4216
f 3296/4110/4218 3293/4107/4215 3297/4112/4220 3123/4113/4221
f 3297/4112/4220 3293/4107/4215 3294/4106/4214 3144/4071/4175
f 3300/4118/4222 3299/4115/4223 4000/4116/4224 3298/4114/4225
f 3939/4146/4226 3999/4117/4227 3298/4114/4225 4000/4116/4224
f 3112/4119/4228 3299/4115/4223 3300/4118/4222 1463/4333/4229
f 3999/4117/4227 3280/4081/4142 3111/4037/4139 3298/4114/4225
f 3255/4036/4138 3300/4118/4222 3298/4114/4225 3111/4037/4139
f 3995/5072/4186 3938/4120/4230 3630/4121/4231 3934/4078/4182
f 3630/4121/4231 3631/4079/4183 3934/4078/4182
f 3932/3935/4024 3627/4122/4232 3993/5071/4019 3202/3927/4015
f 3993/5071/4019 3627/4122/4232 3940/4123/4233 3204/3930/4020
f 6393/4704/4234 3627/4122/4232 3932/3935/4024 3604/3934/4023
f 3085/3931/4021 3301/4124/4235 3304/4130/4236
f 3304/4130/4236 3301/4124/4235 3302/4125/4237 3141/4027/4128
f 4001/5074/4238 3301/4124/4235 3085/3931/4021 3204/3930/4020
f 3997/4093/4199 3282/4088/4193 3302/4125/4237 3301/4124/4235
f 3303/4128/4239 3302/4125/4237 3282/4088/4193 3110/4087/4189
f 3940/4123/4233 3627/4122/4232 3557/4126/4240 3936/4127/4241
f 3303/4128/4239 3305/4129/4129 3141/4027/4128
f 3303/4128/4239 3141/4027/4128 3302/4125/4237
f 3110/4087/4189 3286/4095/4188 3305/4129/4129 3303/4128/4239
f 1473/4336/4211 3305/4129/4129 3286/4095/4188 3142/4097/4200
f 3256/4038/4140 3307/4131/4136 3306/4132/4180 3145/4039/4141
f 3306/4132/4180 3308/4133/4242 3145/4039/4141
f 3308/4133/4242 3306/4132/4180 3278/4074/4178 3108/4076/4174
f 3097/4075/4179 3306/4132/4180 3307/4131/4136 1051/4325/4243
f 3309/4135/4244 3311/4136/4245 3310/4134/4246 3125/4141/4247
f 3311/4136/4245 3101/4051/4155 3310/4134/4246
f 3311/4136/4245 3309/4135/4244 3312/4137/4248 3091/4138/4249
f 3239/4139/4250 3103/4140/4251 3309/4135/4244 3125/4141/4247
f 3103/4140/4251 3312/4137/4248 3309/4135/4244
f 3314/4142/4252 3313/4143/4253 3315/4144/4254
f 3113/4145/4255 3314/4142/4252 3315/4144/4254 3328/4188/4256
f 3313/4143/4253 3299/4115/4223 3112/4119/4228
f 3315/4144/4254 3313/4143/4253 3112/4119/4228 3330/4189/4257
f 3939/4146/4226 3941/4147/4258 3632/4148/4259 3633/4149/4260
f 1555/3814/1380 3813/4150/4261 4244/4151/4262 4228/3811/3884
f 3114/4090/4196 3316/4152/4263 3317/4153/4264 3288/4098/4204
f 3316/4152/4263 3114/4090/4196 3284/4089/4195 4004/4155/4265
f 4183/4154/4266 3314/4142/4252 3317/4153/4264 3316/4152/4263
f 3317/4153/4264 3314/4142/4252 3113/4145/4255 3331/4190/4267
f 3316/4152/4263 4004/4155/4265 4183/4154/4266
f 3634/4156/4268 3943/4157/4269 3937/4158/4198 3636/4159/4270
f 5521/4160/4271 5539/4161/4272 5678/4162/4273 5663/4163/4274
f 3320/4164/4275 4680/4165/4276 4671/4166/4277 3149/4167/4278
f 4469/4168/4057 3150/3961/4056 4464/4169/4279 4445/5300/4280
f 5535/4170/4281 5523/3956/4048 5661/3955/4047
f 5673/4171/4282 5535/4170/4281 5661/3955/4047 6305/6491/4283
f 3323/4172/4284 3322/4173/4285 3264/4050/4153 3167/4052/4156
f 3322/4173/4285 3310/4134/4246 3101/4051/4155 3264/4050/4153
f 3310/4134/4246 3322/4173/4285 3226/4174/4286
f 3125/4141/4247 3310/4134/4246 3226/4174/4286 4470/5279/4287
f 3322/4173/4285 3323/4172/4284 3153/4175/4288
f 3226/4174/4286 3322/4173/4285 3153/4175/4288 4470/5279/4287
f 4681/4176/4289 4670/4177/4290 3129/4178/4291 3325/4179/4292
f 3326/4180/4293 3324/4181/4294 4430/4182/4295 4419/4183/4296
f 4430/4182/4295 3324/4181/4294 3327/4184/4297 4416/4185/4298
f 3327/4184/4297 3324/4181/4294 4681/4176/4289 4669/4186/4299
f 3329/4187/4300 3328/4188/4256 3295/4108/4216 3117/4111/4219
f 3330/4189/4257 3115/4109/4217 3328/4188/4256 3315/4144/4254
f 3115/4109/4217 3295/4108/4216 3328/4188/4256
f 3328/4188/4256 3329/4187/4300 3113/4145/4255
f 3331/4190/4267 3332/4191/4301 3116/4099/4205 3288/4098/4204
f 3332/4191/4301 3331/4190/4267 3329/4187/4300 3117/4111/4219
f 3113/4145/4255 3329/4187/4300 3331/4190/4267
f 3317/4153/4264 3331/4190/4267 3288/4098/4204
f 3335/4194/4302 3334/4192/4303 3333/4193/4304 3138/3968/4063
f 3335/4194/4302 3118/4195/4305 3334/4192/4303
f 3333/4193/4304 3251/4031/4067 3138/3968/4063
f 3336/4196/4306 3251/4031/4067 3333/4193/4304 3119/4197/4307
f 3336/4196/4306 3131/4032/4132 3251/4031/4067
f 3333/4193/4304 3334/4192/4303 3119/4197/4307
f 3337/4198/4308 3221/3967/4062 3147/3971/4068 3338/4199/4212
f 3221/3967/4062 3337/4198/4308 3335/4194/4302 3138/3968/4063
f 3337/4198/4308 3339/4200/4309 3118/4195/4305 3335/4194/4302
f 3339/4200/4309 3337/4198/4308 3338/4199/4212
f 3122/4201/4310 3339/4200/4309 3338/4199/4212 3348/4213/4311
f 3342/4203/4169 3132/4204/4312 3340/4202/4313 3271/4065/4168
f 3132/4204/4312 3341/4205/4314 3340/4202/4313
f 3340/4202/4313 3343/4206/4315 3090/4067/4170 3271/4065/4168
f 3343/4206/4315 3340/4202/4313 3341/4205/4314 3106/4207/4316
f 3268/4057/4161 3344/4208/4317 3345/4209/4318 3127/4058/4162
f 3344/4208/4317 3346/4210/4319 3126/4211/4320 3345/4209/4318
f 3346/4210/4319 3344/4208/4317 3347/4212/4321
f 3346/4210/4319 3347/4212/4321 3119/4197/4307 887/4321/4322
f 3344/4208/4317 3268/4057/4161 3120/4060/4164 3347/4212/4321
f 3292/4104/4210 3148/4105/4213 3348/4213/4311 3338/4199/4212
f 3148/4105/4213 3349/4214/4323 3348/4213/4311
f 3348/4213/4311 3350/4215/4324 3122/4201/4310
f 3350/4215/4324 3348/4213/4311 3349/4214/4323 3123/4113/4221
f 3351/4216/4325 3352/4217/4206 3116/4099/4205 3332/4191/4301
f 3352/4217/4206 3351/4216/4325 3349/4214/4323 3148/4105/4213
f 3351/4216/4325 3296/4110/4218 3123/4113/4221 3349/4214/4323
f 3351/4216/4325 3332/4191/4301 3117/4111/4219 3296/4110/4218
f 3343/4206/4315 3353/4218/4326 6/4219/4327
f 3090/4067/4170 3343/4206/4315 6/4219/4327 348/4316/4328
f 3353/4218/4326 8/4220/4329 3099/4221/4330 6/4219/4327
f 8/4220/4329 3353/4218/4326 3231/4222/4331 3104/4223/4332
f 3353/4218/4326 3343/4206/4315 3106/4207/4316 3231/4222/4331
f 13/4227/4333 4661/4224/4334 4662/4225/4335 3133/4226/4336
f 4411/4231/4337 15/4228/4338 10/4229/4339 4410/4230/4340
f 4475/4235/4341 4451/4232/4342 4437/4233/4343 4458/4234/4344
f 4665/3996/4096 3230/3988/4087 10/4229/4339 4661/4224/4334
f 5628/4237/4345 5502/4238/4346 5626/4236/4347 6298/6607/4348
f 5500/4239/4349 5626/4236/4347 5502/4238/4346 5471/5108/4350
f 43/4240/4351 6310/4241/4352 44/4242/4353 3155/4243/4354
f 6318/4244/4355 6317/4245/4356 3624/4246/4357 3914/4247/4358
f 5488/4248/4359 5490/4249/4360 6321/4250/4361 6319/4251/4362
f 5579/4252/4363 5741/4253/4364 5773/4254/4365 3094/6562/4058
f 3094/6562/4058 5773/4254/4365 5575/4255/4366
f 3175/3842/3916 47/4256/4367 91/4257/3917
f 91/4257/3917 47/4256/4367 3178/4258/4368 3166/4259/4369
f 5741/4253/4364 5579/4252/4363 5775/4260/4370 5838/6564/4371
f 6316/6563/4060 5576/4261/4372 5775/4260/4370 5579/4252/4363
f 8/4220/4329 93/4262/4373 95/4263/4374 3099/4221/4330
f 93/4262/4373 100/4264/4375 3163/4265/4376 95/4263/4374
f 93/4262/4373 3235/4266/4377 3164/4267/4378 100/4264/4375
f 93/4262/4373 8/4220/4329 3104/4223/4332 3235/4266/4377
f 134/4270/4379 129/4268/4380 125/4269/4381 3126/4211/4320
f 129/4268/4380 134/4270/4379 3137/4271/4382 971/4323/4383
f 3126/4211/4320 125/4269/4381 138/4272/4384 3345/4209/4318
f 3215/3950/4038 138/4272/4384 125/4269/4381 3092/3951/4042
f 138/4272/4384 3215/3950/4038 3095/3953/4041 385/4291/4385
f 125/4269/4381 129/4268/4380 3092/3951/4042
f 3312/4137/4248 3103/4140/4251 143/4273/4386 3091/4138/4249
f 146/4274/4387 143/4273/4386 3103/4140/4251 4455/4283/4388
f 3091/4138/4249 143/4273/4386 150/4275/4389 2/4292/4390
f 150/4275/4389 143/4273/4386 3267/4054/4158 3127/4058/4162
f 3267/4054/4158 143/4273/4386 146/4274/4387 3128/4055/4159
f 230/4276/4391 3347/4212/4321 3120/4060/4164 235/4277/4392
f 3347/4212/4321 230/4276/4391 3336/4196/4306 3119/4197/4307
f 230/4276/4391 3272/4063/4166 3131/4032/4132 3336/4196/4306
f 3272/4063/4166 230/4276/4391 235/4277/4392 3130/4064/4167
f 4663/4278/4393 4666/4018/4118 3089/4279/4394 255/4280/4395
f 4455/4283/4388 4434/4014/4114 4431/4281/4396 4452/4282/4397
f 4452/4282/4397 4431/4281/4396 4439/4284/4398 4461/4285/4399
f 3326/4180/4293 252/4286/4400 4663/4278/4393 4670/4177/4290
f 272/4288/4046 3253/4033/4137 269/4287/3978 3139/3945/4035
f 3146/4040/4135 3253/4033/4137 272/4288/4046 1055/4326/4043
f 269/4287/3978 3210/3942/4032 3139/3945/4035
f 3210/3942/4032 269/4287/3978 3194/3898/3974 3083/3889/3967
f 318/4289/4401 3269/4059/4163 3105/4061/4165
f 318/4289/4401 3105/4061/4165 382/4290/4402 3342/4203/4169
f 3269/4059/4163 318/4289/4401 235/4277/4392 3120/4060/4164
f 318/4289/4401 3342/4203/4169 3130/4064/4167 235/4277/4392
f 382/4290/4402 3132/4204/4312 3342/4203/4169
f 2/4292/4390 150/4275/4389 385/4291/4385 3095/3953/4041
f 138/4272/4384 385/4291/4385 3345/4209/4318
f 385/4291/4385 150/4275/4389 3127/4058/4162 3345/4209/4318
f 3/4293/4403 3327/4184/4297 4669/4186/4299 4660/4294/4404
f 4436/4297/4405 4416/4185/4298 4409/4295/4406 4432/4296/4407
f 3/4293/4403 15/4228/4338 4411/4231/4337 4409/4295/4406
f 4662/4225/4335 4660/4294/4404 5/4298/4408 3133/4226/4336
f 43/4240/4351 3155/4243/4354 24/4299/4409 6299/6440/4410
f 24/4299/4409 3155/4243/4354 59/4300/4411 6312/3823/3893
f 6289/4301/4412 71/4302/4413 3078/4303/4414
f 6289/4301/4412 3078/4303/4414 5501/6522/4415
f 5501/6522/4415 3078/4303/4414 5472/4304/4416 5628/4237/4345
f 71/4302/4413 6289/4301/4412 5484/4305/4417 6311/4306/4418
f 59/4300/4411 3162/3824/3894 6312/3823/3893
f 5841/4309/4419 5742/4307/4420 5805/4308/4421 3183/3859/3933
f 5841/4309/4419 5778/3864/3938 5742/4307/4420
f 122/4311/4422 3161/3860/3931 117/4310/3915 3160/3841/3914
f 5550/4312/4423 5577/4313/3909 5772/3836/3907 5742/4307/4420
f 3216/3952/4044 320/4314/4045 2/4292/4390 3095/3953/4041
f 320/4314/4045 3311/4136/4245 3091/4138/4249 2/4292/4390
f 320/4314/4045 3263/4049/4154 3101/4051/4155 3311/4136/4245
f 716/4315/4424 348/4316/4328 6/4219/4327 3099/4221/4330
f 3273/4066/4125 3090/4067/4170 348/4316/4328 3244/4022/4121
f 348/4316/4328 716/4315/4424 3140/3940/4028 3244/4022/4121
f 752/4317/4425 748/4318/4145 95/4263/4374 3163/4265/4376
f 748/4318/4145 716/4315/4424 3099/4221/4330 95/4263/4374
f 716/4315/4424 748/4318/4145 3259/4042/4029 3140/3940/4028
f 748/4318/4145 752/4317/4425 3156/4043/4143
f 799/4319/3961 3159/3883/3960 812/4320/4151 3262/4046/4150
f 3082/3880/3955 3187/3879/3954 799/4319/3961
f 799/4319/3961 3262/4046/4150 3136/3947/4037 3212/3946/4036
f 134/4270/4379 3346/4210/4319 887/4321/4322 3137/4271/4382
f 134/4270/4379 3126/4211/4320 3346/4210/4319
f 887/4321/4322 890/4322/4426 3137/4271/4382
f 3334/4192/4303 890/4322/4426 887/4321/4322 3119/4197/4307
f 890/4322/4426 3334/4192/4303 3118/4195/4305 1057/4328/4427
f 984/4324/4428 3277/4072/4176 971/4323/4383 3137/4271/4382
f 984/4324/4428 3143/4073/4177 3277/4072/4176
f 1051/4325/4243 129/4268/4380 971/4323/4383 3097/4075/4179
f 3092/3951/4042 129/4268/4380 1051/4325/4243 1055/4326/4043
f 971/4323/4383 3277/4072/4176 3097/4075/4179
f 3214/3948/4039 1055/4326/4043 272/4288/4046
f 3307/4131/4136 3146/4040/4135 1055/4326/4043 1051/4325/4243
f 1056/4327/4031 3304/4130/4236 3248/4026/4127 3134/3941/4030
f 3304/4130/4236 3141/4027/4128 3248/4026/4127
f 1056/4327/4031 3203/3929/4018 3085/3931/4021 3304/4130/4236
f 3203/3929/4018 1056/4327/4031 3206/3937/4026
f 1057/4328/4427 1060/4329/4429 3143/4073/4177 984/4324/4428
f 3339/4200/4309 1060/4329/4429 1057/4328/4427 3118/4195/4305
f 3339/4200/4309 3122/4201/4310 1060/4329/4429
f 890/4322/4426 1057/4328/4427 984/4324/4428 3137/4271/4382
f 3297/4112/4220 1061/4330/4430 3350/4215/4324 3123/4113/4221
f 1061/4330/4430 1060/4329/4429 3122/4201/4310 3350/4215/4324
f 1060/4329/4429 1061/4330/4430 3276/4070/4172 3143/4073/4177
f 1061/4330/4430 3297/4112/4220 3144/4071/4175 3276/4070/4172
f 1459/4332/4202 1066/4331/4203 3290/4103/4209 3109/4102/4207
f 1066/4331/4203 3352/4217/4206 3148/4105/4213 3290/4103/4209
f 3352/4217/4206 1066/4331/4203 3287/4096/4201
f 1463/4333/4229 1466/4334/4431 3330/4189/4257 3112/4119/4228
f 1466/4334/4431 3115/4109/4217 3330/4189/4257
f 3300/4118/4222 3255/4036/4138 3145/4039/4141 1463/4333/4229
f 1466/4334/4431 1463/4333/4229 3145/4039/4141 3308/4133/4242
f 1469/4335/4432 3275/4068/4173 3144/4071/4175 3294/4106/4214
f 3308/4133/4242 3275/4068/4173 1469/4335/4432 1466/4334/4431
f 3308/4133/4242 3108/4076/4174 3275/4068/4173
f 1469/4335/4432 3294/4106/4214 3115/4109/4217 1466/4334/4431
f 1473/4336/4211 3098/3973/4070 3247/4028/4072 3305/4129/4129
f 1459/4332/4202 3291/4101/4208 1473/4336/4211 3142/4097/4200
f 1477/4337/4433 752/4317/4425 3163/4265/4376 1481/4338/4434
f 1485/4339/4435 752/4317/4425 1477/4337/4433 3170/3825/3895
f 3156/4043/4143 752/4317/4425 1485/4339/4435 3258/4044/4146
f 1485/4339/4435 3170/3825/3895 3162/3824/3894 3184/4368/4147
f 1477/4337/4433 1481/4338/4434 3165/3833/3904 3170/3825/3895
f 2959/4340/4436 2955/4341/4437 3174/3840/3910 3158/3843/3913
f 2955/4341/4437 2962/4342/4438 3160/3841/3914 3174/3840/3910
f 2962/4342/4438 2955/4341/4437 3261/4048/4152 3168/4047/4148
f 2955/4341/4437 2959/4340/4436 3167/4052/4156 3261/4048/4152
f 3154/5374/4439 2971/5376/4440 4664/4344/4441 4674/3853/4442
f 3179/3850/3924 2965/4343/4443 4413/4345/4444 4424/3851/3925
f 4413/4345/4444 4422/3975/4075 4443/3978/4078 4433/4346/4445
f 3225/3986/4085 2965/4343/4443 4664/4344/4441 4673/3987/4086
f 3182/3861/3935 3161/3860/3931 2977/4347/4446 3976/4349/4447
f 2981/4348/4448 2977/4347/4446 3161/3860/3931 122/4311/4422
f 2977/4347/4446 2981/4348/4448 3188/3882/3959 3976/4349/4447
f 3979/4350/3934 3182/3861/3935 3976/4349/4447 3918/3871/3945
f 3613/4352/4449 3915/4351/4450 3921/3885/3963 3614/3884/3962
f 2981/4348/4448 3159/3883/3960 3188/3882/3959
f 3081/4353/4451 3079/4354/4452 3196/3907/3989 3157/3906/3988
f 3079/4354/4452 3927/3914/3998 3988/4356/3997 3196/3907/3989
f 3927/3914/3998 3079/4354/4452 3977/4355/4453 3641/3915/4000
f 3977/4355/4453 3079/4354/4452 44/4242/4353 3975/4357/4454
f 3155/4243/4354 3079/4354/4452 3081/4353/4451 59/4300/4411
f 3155/4243/4354 44/4242/4353 3079/4354/4452
f 3135/4358/4455 3124/4359/4456 100/4264/4375 3164/4267/4378
f 3124/4359/4456 1481/4338/4434 3163/4265/4376 100/4264/4375
f 1481/4338/4434 3124/4359/4456 3218/3960/4055 3165/3833/3904
f 3150/3961/4056 3124/4359/4456 3135/4358/4455 4464/4169/4279
f 3150/3961/4056 3218/3960/4055 3124/4359/4456
f 3177/4360/4457 4675/4361/4458 4672/4008/4107 3151/4007/4106
f 3236/4362/4459 3172/4363/4460 4420/4364/4461 4423/4365/4462
f 4464/4169/4279 3135/4358/4455 4463/4366/4463 4442/5301/4464
f 4671/4166/4277 3321/4367/4465 3172/4363/4460 4675/4361/4458
f 1485/4339/4435 3184/4368/4147 3258/4044/4146
f 3184/4368/4147 3081/4353/4451 3157/3906/3988
f 59/4300/4411 3081/4353/4451 3184/4368/4147 3162/3824/3894
f 58/4369/4466 91/4257/3917 3166/4259/4369 2975/4370/4467
f 58/4369/4466 2959/4340/4436 3158/3843/3913 91/4257/3917
f 58/4369/4466 3323/4172/4284 3167/4052/4156 2959/4340/4436
f 3323/4172/4284 58/4369/4466 2975/4370/4467 3153/4175/4288
f 2962/4342/4438 120/4371/4468 122/4311/4422 3160/3841/3914
f 2981/4348/4448 122/4311/4422 120/4371/4468 3159/3883/3960
f 120/4371/4468 812/4320/4151 3159/3883/3960
f 120/4371/4468 2962/4342/4438 3168/4047/4148 812/4320/4151
usemtl lambert4SG
f 3847/4372/4469 3846/4373/4470 6585/6953/4471 6586/6954/4472
f 3354/4376/4473 4250/4377/4474 4247/4378/4475 3846/4373/4470
f 6587/6955/4476 3848/4380/4477 3847/4372/4469 6586/6954/4472
f 4248/4381/4478 4245/4382/4479 3357/4383/4480 3849/4384/4481
f 6588/6956/4482 3850/4385/4483 3848/4380/4477 6587/6955/4476
f 3357/4383/4480 3359/4387/4484 3851/4388/4485 3849/4384/4481
f 6589/6957/4486 3852/4390/4487 3850/4385/4483 6588/6956/4482
f 3851/4388/4485 3359/4387/4484 3361/4391/4488 3853/4392/4489
f 6590/6958/4490 3854/4394/4491 3852/4390/4487 6589/6957/4486
f 3853/4392/4489 3361/4391/4488 3363/4395/4492 3855/4396/4493
f 6591/6959/4494 3856/4397/4495 3854/4394/4491 6590/6958/4490
f 3855/4396/4493 3363/4395/4492 3365/4399/4496 3857/4400/4497
f 6592/6960/4498 3858/4401/4499 3856/4397/4495 6591/6959/4494
f 3857/4400/4497 3365/4399/4496 3367/4403/4500 3859/4404/4501
f 3860/4405/4502 3858/4401/4499 6592/6960/4498 6593/6961/4503
f 3367/4403/4500 3369/4407/4504 3861/4408/4505 3859/4404/4501
f 3862/4409/4506 3860/4405/4502 6593/6961/4503 6594/6962/4507
f 3369/4407/4504 3371/4411/4508 3863/4412/4509 3861/4408/4505
f 3864/4413/4510 3862/4409/4506 6594/6962/4507 6595/6963/4511
f 3863/4412/4509 3371/4411/4508 3373/4415/4512 3865/4416/4513
f 3866/4417/4514 3864/4413/4510 6595/6963/4511 6596/6964/4515
f 3865/4416/4513 3373/4415/4512 3375/4419/4516 3867/4420/4517
f 3868/4421/4518 3866/4417/4514 6596/6964/4515 6597/6965/4519
f 3375/4419/4516 3377/4423/4520 3869/4424/4521 3867/4420/4517
f 3870/4425/4522 3868/4421/4518 6597/6965/4519 6598/6966/4523
f 3377/4423/4520 3379/4427/4524 3871/4428/4525 3869/4424/4521
f 6599/6967/4526 3872/4430/4527 3870/4425/4522 6598/6966/4523
f 3871/4428/4525 3379/4427/4524 3381/4431/4528 3873/4432/4529
f 6600/6968/4530 4310/4434/4531 3872/4430/4527 6599/6967/4526
f 3873/4432/4529 3381/4431/4528 3382/4435/4532 3874/4436/4533
f 3875/4437/4534 4309/4438/4535 6602/6970/4536 6603/6971/4537
f 3382/4435/4532 3384/4441/4538 3876/4442/4539 3874/4436/4533
f 6604/6972/4540 3877/4443/4541 3875/4437/4534 6603/6971/4537
f 3384/4441/4538 3386/4445/4542 3878/4446/4543 3876/4442/4539
f 3879/4447/4544 3877/4443/4541 6604/6972/4540 6605/6973/4545
f 3386/4445/4542 3387/4449/4546 3879/4447/4544 3878/4446/4543
f 3388/4451/4547 3354/4376/4473 3355/4452/4548 3389/4450/4549
f 3388/4451/4547 4246/4453/4550 4250/4377/4474 3354/4376/4473
f 3390/4454/4551 3389/4450/4549 3355/4452/4548 3356/4455/4552
f 4245/4382/4479 4251/4456/4553 3391/4457/4554 3357/4383/4480
f 3392/4458/4555 3390/4454/4551 3356/4455/4552 3358/4459/4556
f 3391/4457/4554 3393/4460/4557 3359/4387/4484 3357/4383/4480
f 3360/4462/4558 3394/4461/4559 3392/4458/4555 3358/4459/4556
f 3393/4460/4557 3395/4463/4560 3361/4391/4488 3359/4387/4484
f 3396/4464/4561 3394/4461/4559 3360/4462/4558 3362/4465/4562
f 3395/4463/4560 3397/4466/4563 3363/4395/4492 3361/4391/4488
f 3398/4467/4564 3396/4464/4561 3362/4465/4562 3364/4468/4565
f 3397/4466/4563 3399/4469/4566 3365/4399/4496 3363/4395/4492
f 3366/4471/4567 3400/4470/4568 3398/4467/4564 3364/4468/4565
f 3399/4469/4566 3401/4472/4569 3367/4403/4500 3365/4399/4496
f 3402/4473/4570 3400/4470/4568 3366/4471/4567 3368/4474/4571
f 3367/4403/4500 3401/4472/4569 3403/4475/4572 3369/4407/4504
f 3370/4477/4573 3404/4476/4574 3402/4473/4570 3368/4474/4571
f 3369/4407/4504 3403/4475/4572 3405/4478/4575 3371/4411/4508
f 3372/4479/4576 3406/4480/4577 3404/4476/4574 3370/4477/4573
f 3371/4411/4508 3405/4478/4575 3407/4481/4578 3373/4415/4512
f 3408/4482/4579 3406/4480/4577 3372/4479/4576 3374/4483/4580
f 3373/4415/4512 3407/4481/4578 3409/4484/4581 3375/4419/4516
f 3376/4485/4582 3410/4486/4583 3408/4482/4579 3374/4483/4580
f 3409/4484/4581 3411/4487/4584 3377/4423/4520 3375/4419/4516
f 3378/4488/4585 3412/4489/4586 3410/4486/4583 3376/4485/4582
f 3411/4487/4584 3413/4490/4587 3379/4427/4524 3377/4423/4520
f 3380/4491/4588 3414/4492/4589 3412/4489/4586 3378/4488/4585
f 3413/4490/4587 3415/4493/4590 3381/4431/4528 3379/4427/4524
f 4312/4494/4591 4314/4495/4592 3414/4492/4589 3380/4491/4588
f 3381/4431/4528 3415/4493/4590 3416/4496/4593 3382/4435/4532
f 3417/4497/4594 4311/4498/4595 4308/4499/4596 3383/4500/4597
f 3382/4435/4532 3416/4496/4593 3418/4501/4598 3384/4441/4538
f 3385/4502/4599 3419/4503/4600 3417/4497/4594 3383/4500/4597
f 3384/4441/4538 3418/4501/4598 3420/4504/4601 3386/4445/4542
f 3421/4505/4602 3419/4503/4600 3385/4502/4599 3387/4449/4546
f 3386/4445/4542 3420/4504/4601 3421/4505/4602 3387/4449/4546
f 3389/4450/4549 3881/4506/4603 3880/4507/4604 3388/4451/4547
f 3880/4507/4604 3422/4508/4605 4255/4509/4606 4252/4510/4607
f 3882/4511/4608 3881/4506/4603 3389/4450/4549 3390/4454/4551
f 4253/4512/4609 3425/4513/4610 3883/4514/4611 4254/4515/4612
f 3884/4516/4613 3882/4511/4608 3390/4454/4551 3392/4458/4555
f 3885/4518/4614 3883/4514/4611 3425/4513/4610 3427/4517/4615
f 3886/4519/4616 3884/4516/4613 3392/4458/4555 3394/4461/4559
f 3427/4517/4615 3429/4520/4617 3887/4521/4618 3885/4518/4614
f 3888/4522/4619 3886/4519/4616 3394/4461/4559 3396/4464/4561
f 3429/4520/4617 3431/4523/4620 3889/4524/4621 3887/4521/4618
f 3890/4525/4622 3888/4522/4619 3396/4464/4561 3398/4467/4564
f 3431/4523/4620 3433/4526/4623 3891/4527/4624 3889/4524/4621
f 3892/4528/4625 3890/4525/4622 3398/4467/4564 3400/4470/4568
f 3433/4526/4623 3435/4529/4626 3893/4530/4627 3891/4527/4624
f 3402/4473/4570 3894/4531/4628 3892/4528/4625 3400/4470/4568
f 3435/4529/4626 3437/4532/4629 3895/4533/4630 3893/4530/4627
f 3404/4476/4574 3896/4534/4631 3894/4531/4628 3402/4473/4570
f 3897/4536/4632 3895/4533/4630 3437/4532/4629 3439/4535/4633
f 3406/4480/4577 3898/4537/4634 3896/4534/4631 3404/4476/4574
f 3439/4535/4633 3441/4538/4635 3899/4539/4636 3897/4536/4632
f 3408/4482/4579 3900/4540/4637 3898/4537/4634 3406/4480/4577
f 3441/4538/4635 3443/4541/4638 3901/4542/4639 3899/4539/4636
f 3410/4486/4583 3902/4543/4640 3900/4540/4637 3408/4482/4579
f 3901/4542/4639 3443/4541/4638 3445/4544/4641 3903/4545/4642
f 3412/4489/4586 3904/4546/4643 3902/4543/4640 3410/4486/4583
f 3903/4545/4642 3445/4544/4641 3447/4547/4644 3905/4548/4645
f 3906/4549/4646 3904/4546/4643 3412/4489/4586 3414/4492/4589
f 3905/4548/4645 3447/4547/4644 3449/4550/4647 3907/4551/4648
f 4317/4552/4649 3906/4549/4646 3414/4492/4589 4314/4495/4592
f 3908/4554/4650 3450/4553/4651 3452/4557/4652 3910/4558/4653
f 3417/4497/4594 3909/4555/4654 4313/4556/4655 4311/4498/4595
f 3911/4559/4656 3909/4555/4654 3417/4497/4594 3419/4503/4600
f 3452/4557/4652 3454/4560/4657 3912/4561/4658 3910/4558/4653
f 3421/4505/4602 3913/4562/4659 3911/4559/4656 3419/4503/4600
f 3912/4561/4658 3454/4560/4657 3455/4563/4660 3913/4562/4659
usemtl lambert2SG
f 6411/4565/4661 3679/6898/2965 6446/2877/2963 4063/2863/2949
f 6433/4568/4662 6002/4569/4663 6373/4570/4664 6413/4571/4665
f 6257/4572/4666 6193/4573/4667 6353/4574/4668
f 6385/6832/4669 6258/4575/4670 6257/4572/4666 6353/4574/4668
f 6519/4576/2938 6375/4577/2926 3681/4578/2939
f 3457/2855/2937 3681/4578/2939 6518/4579/4671
f 3681/4912/2939 6362/4581/4672 3472/61/71 3680/4580/70
f 6518/4579/4671 3681/4578/2939 6372/4582/4673 3485/2864/2936
f 3485/2864/2936 6372/4582/4673 6525/4583/2950
f 3680/4580/70 3469/4584/4674 6372/4914/4673 3681/4912/2939
f 6372/4914/4673 3469/4584/4674 3682/4585/4675
f 4102/5156/73 3469/4584/4674 3680/4580/70 3467/60/68
f 6516/4588/2921 3683/4586/4676 3685/4587/4677 6375/4577/2926
f 3456/2845/2924 6517/4589/4678 3683/4586/4676 6516/4588/2921
f 3473/4590/4679 3684/4591/4680 3687/4592/4681
f 3473/4590/4679 3687/4592/4681 3476/4593/4682 4103/5157/4683
f 3459/2854/2925 6375/4577/2926 6519/4576/2938
f 3472/61/71 6362/4581/4672 3684/4591/4680 4103/5157/4683
f 4103/5157/4683 3684/4591/4680 3473/4590/4679
f 6376/4594/94 6377/4595/4684 6522/4596/4685 3465/2838/2918
f 6523/4597/2917 6376/4594/94 3465/2838/2918
f 6376/4917/94 3477/78/93 3686/4598/4686
f 3456/2845/2924 3465/2838/2918 6522/4596/4685 6517/4589/4678
f 3476/4593/4682 3687/4592/4681 3686/4598/4686 3477/78/93
f 6378/4600/4687 3689/4601/4688 6439/4602/4689
f 3589/2009/2085 6420/4603/2084 6378/4600/4687 6439/4602/4689
f 3689/4919/4688 3668/4605/561 3490/522/557 3688/4604/4690
f 3490/522/557 3480/93/109 3688/4604/4690
f 3689/4601/4688 3648/4606/4691 6421/4607/4692
f 3590/2015/2092 6439/4602/4689 3689/4601/4688 6421/4607/4692
f 3480/93/109 3479/92/108 3690/4608/4693 3688/4604/4690
f 6421/4607/4692 6422/4609/2078 3594/2004/2077
f 3590/2015/2092 6421/4607/4692 4045/2003/2075 4046/2014/2091
f 4045/2003/2075 6421/4607/4692 3594/2004/2077
f 3479/92/108 3482/4610/4694 3647/4611/4695 3690/4608/4693
f 6422/4609/2078 6367/4612/4696 3646/4613/4697
f 3580/2005/2079 6422/4609/2078 3646/4613/4697 6416/4614/4698
f 3482/4610/4694 3481/107/125 6355/4615/4699 3647/4611/4695
f 6416/4614/4698 6417/4616/4700 3585/4617/4701 3580/2005/2079
f 3481/107/125 3484/106/124 6354/4618/4702 6355/4615/4699
f 6418/4619/4703 3586/4620/4704 3585/4617/4701
f 3657/4645/4705 6418/4619/4703 3585/4617/4701 6417/4616/4700
f 3483/4621/129 3644/4622/4706 4112/105/123 4144/110/119
f 3484/106/124 4112/105/123 3644/4622/4706 3657/4925/4705
f 6354/4618/4702 3484/106/124 3657/4925/4705
f 6521/4623/4707 3655/4624/4708 3654/4625/4709 6520/4626/4710
f 3518/250/289 6356/4627/4711 6357/4628/4712
f 4114/251/290 3518/250/289 6357/4628/4712 3548/293/341
f 6520/4626/4710 3654/4625/4709 6376/4594/94 6523/4597/2917
f 3517/79/90 3653/4599/92 6356/4627/4711 3518/250/289
f 3600/4629/4713 3598/4630/4714 6423/4631/4715 6424/4632/4716
f 3528/261/303 3515/260/302 3651/4633/4717 3656/4634/4718
f 6425/4637/4719 6424/4632/4716 3650/4635/4720 3663/4636/4721
f 3649/4638/307 3651/4633/4717 3515/260/302
f 6369/4639/4722 3659/4640/4723 6410/4641/4724 6527/4642/4725
f 3545/289/337 3660/4643/340 6359/4644/334
f 6410/4641/4724 6521/4623/4707 3462/2828/2905 3474/2820/2897
f 3548/293/341 6357/4628/4712 3660/4643/340
f 6368/4646/4726 6419/4647/4727 6418/4619/4703 3657/4645/4705
f 3483/4621/129 4113/298/128 3658/4648/348 6368/4933/4726
f 3644/4622/4706 3483/4621/129 6368/4933/4726
f 6419/4647/4727 6368/4646/4726 3652/4649/4728
f 6419/4647/4727 3652/4649/4728 6423/4631/4715 3587/5130/4729
f 3525/299/347 3528/261/303 3656/4634/4718 3658/4648/348
f 6429/4651/4730 6381/4652/4731 6427/4650/4732 4278/2813/2890
f 6381/4652/4731 6379/4653/4733 6427/4650/4732
f 4279/320/371 3554/4654/374 6360/4655/4734 6363/4656/4735
f 6370/4657/4736 6369/4639/4722 6527/4642/4725 6524/4658/4737
f 3558/290/335 6359/4644/334 6360/4655/4734
f 4120/291/339 3558/290/335 6360/4655/4734 3554/4654/374
f 3663/4636/4721 3661/4659/4738 6426/4660/4739 6425/4637/4719
f 6358/4661/382 3649/4638/307 3514/263/306
f 6428/4663/4740 6426/4660/4739 3661/4659/4738 6380/4662/4741
f 4299/4664/4742 3564/321/372 3662/4665/4743 6364/4666/4744
f 6413/4571/4665 6431/4667/4745 6508/4668/4746 3508/4669/4747
f 6066/4670/4748 6129/4671/4749 6130/4672/4750 6366/4673/4751
f 6374/4674/4752 3671/4675/4753 6438/4676/4754 6414/4677/4755
f 3611/417/468 3612/416/467 3667/4678/4756
f 3671/4944/4753 3666/4679/4757 3611/417/468 3667/4678/4756
f 6526/4680/4758 6371/4681/4759 3677/4682/4760 6411/4565/4661
f 3486/2862/2948 6526/4680/4758 6411/4565/4661 4063/2863/2949
f 6371/4946/4759 3665/4683/4761 3500/49/53 3664/4567/52
f 3665/4683/4761 3499/4684/4762 3500/49/53
f 6372/4582/4673 6371/4681/4759 6525/4583/2950
f 6525/4583/2950 6371/4681/4759 6526/4680/4758 3486/2862/2948
f 3499/4684/4762 3665/4683/4761 3682/4585/4675 3469/4584/4674
f 3588/2008/2082 3513/4685/4763 6415/4686/4764 6420/4603/2084
f 3671/4675/4753 3669/4688/4765 6415/4686/4764
f 3513/4685/4763 6438/4676/4754 3671/4675/4753 6415/4686/4764
f 3612/416/467 3488/523/562 3670/4687/563 3667/4678/4756
f 3636/4159/4270 6406/4689/4766 3766/4690/4767 3634/4156/4268
f 3638/1144/1209 3769/4691/4768 3767/4692/4769 3637/1145/1210
f 3634/4156/4268 3766/4690/4767 6399/4693/4770 4176/4694/4771
f 4175/4695/4772 4178/4696/4773 3769/4691/4768 3638/1144/1209
f 3557/4126/4240 6285/4697/4774 3768/4698/4775 3553/4699/4776
f 3629/4700/4777 3757/4701/4778 3756/4702/4779 3628/1166/1231
f 3553/4699/4776 3768/4698/4775 6406/4689/4766
f 3935/5073/4780 3553/4699/4776 6406/4689/4766 3636/4159/4270
f 3637/1145/1210 3767/4692/4769 3757/4701/4778 3629/4700/4777
f 3604/3934/4023 6403/4703/4022 6393/4704/4234
f 3504/4705/1239 3623/1167/1232 3672/4706/4781
f 3676/4707/4782 3504/4705/1239 3672/4706/4781 6403/4955/4022
f 3627/4122/4232 6393/4704/4234 6285/4697/4774 3557/4126/4240
f 3628/1166/1231 3756/4702/4779 3672/4706/4781 3623/1167/1232
f 3495/3924/4010 6282/4708/4009 6387/4709/4783 3498/3933/4017
f 3505/4710/4784 3675/4711/1241 3674/4712/4785
f 3505/4710/4784 3674/4712/4785 4010/5091/4786 3951/1171/1236
f 4010/5091/4786 3674/4712/4785 3507/4713/4787
f 3498/3933/4017 6387/4709/4783 6403/4703/4022
f 6387/4958/4783 3675/4711/1241 3504/4705/1239 3676/4707/4782
f 4009/1173/1240 3675/4711/1241 3505/4710/4784
f 3492/3912/3994 6386/4714/3993 6402/4715/4788 3494/3923/4012
f 3673/4717/4789 3753/4718/4790 3509/4716/4791
f 3509/4716/4791 3753/4718/4790 3511/4719/4792 4012/1187/1247
f 3494/3923/4012 6402/4715/4788 6282/4708/4009
f 3507/4713/4787 3674/4712/4785 3673/4717/4789 4011/5092/4793
f 4011/5092/4793 3673/4717/4789 3509/4716/4791
f 3641/3915/4000 6397/4720/4794 6391/4721/3999
f 3642/4722/4795 3773/4723/4796 3754/4724/4797 3493/1197/1266
f 3503/3911/3996 6391/4721/3999 6386/4714/3993
f 3511/4719/4792 3753/4718/4790 3773/4723/4796 3642/4722/4795
f 3624/4246/4357 6404/4725/4798 6392/4726/4799
f 3914/4247/4358 3624/4246/4357 6392/4726/4799 3625/4727/4800
f 6404/4963/4798 3752/4729/4801 3626/1194/1264 3755/4728/4802
f 3752/4729/4801 3497/1211/1282 3626/1194/1264
f 3625/4727/4800 6392/4726/4799 6397/4720/4794
f 3625/4727/4800 6397/4720/4794 3916/5086/4803
f 3916/5086/4803 6397/4720/4794 3641/3915/4000 3977/4355/4453
f 3493/1197/1266 3754/4724/4797 3755/4728/4802 3626/1194/1264
f 3522/4730/4804 6408/4731/4805 6286/4732/4806 6292/4733/4807
f 5487/4734/4808 6486/4735/4809 3770/4736/4810 3569/4737/4811
f 3624/4246/4357 6317/4245/4356 6329/4738/4812 6404/4725/4798
f 6329/4969/4812 3751/4739/1281 3497/1211/1282 3752/4729/4801
usemtl lambert3SG
f 3543/4375/4813 3547/4374/4814 3750/4740/4815 3749/4741/4816
usemtl lambert2SG
f 3622/4742/4817 6535/4743/4818 6536/4744/4819 3619/4745/4820
usemtl lambert3SG
f 3547/4374/4814 4258/4746/4821 4257/4747/4822 3750/4740/4815
usemtl lambert2SG
f 4229/1318/1383 4174/4748/4823 4177/4749/4824 3696/4750/4825
usemtl lambert3SG
f 3540/4379/4826 3748/4751/4827 3747/4752/4828 3537/4386/4829
usemtl lambert2SG
f 3607/4753/4830 6533/4754/4831 6534/4755/4832 3608/4756/4833
usemtl lambert3SG
f 3543/4375/4813 3749/4741/4816 3748/4751/4827 3540/4379/4826
usemtl lambert2SG
f 3608/4756/4833 6534/4755/4832 6535/4743/4818 3622/4742/4817
usemtl lambert3SG
f 3534/4389/4834 3745/4757/4835 3743/4758/4836 3532/4393/4837
usemtl lambert2SG
f 3610/4762/4838 3609/4759/4839 3744/4760/4840 3746/4761/4841
usemtl lambert3SG
f 3537/4386/4829 3747/4752/4828 3745/4757/4835 3534/4389/4834
usemtl lambert2SG
f 3607/4753/4830 3610/4762/4838 3746/4761/4841 6533/4754/4831
usemtl lambert3SG
f 3524/4402/4842 3527/4398/4843 3741/4763/4844 3731/4764/4845
usemtl lambert2SG
f 3606/1373/1436 3605/1372/1435 6532/4765/4846 3742/4766/4847
usemtl lambert3SG
f 3527/4398/4843 3532/4393/4837 3743/4758/4836 3741/4763/4844
usemtl lambert2SG
f 3609/4759/4839 3606/1373/1436 3742/4766/4847 3744/4760/4840
usemtl lambert3SG
f 3560/4426/4848 3738/4767/4849 3740/4768/4850 3555/4429/4851
usemtl lambert2SG
f 3618/2134/2200 3463/2133/2199 6531/4769/4852 6529/4770/4853
usemtl lambert3SG
f 3555/4429/4851 3740/4768/4850 4320/4771/4854 4307/4433/4855
usemtl lambert2SG
f 4359/4772/4856 6463/4773/4857 3785/4774/4858 4358/2138/2204
usemtl lambert3SG
f 3566/4422/4859 3570/4418/4860 3737/4775/4861 3736/4776/4862
usemtl lambert2SG
f 3616/2175/2239 3617/2174/2238 6530/4777/4863 3733/4778/4864
usemtl lambert3SG
f 3560/4426/4848 3566/4422/4859 3736/4776/4862 3738/4767/4849
usemtl lambert2SG
f 3617/2174/2238 3618/2134/2200 6529/4770/4853 6530/4777/4863
usemtl lambert3SG
f 3573/4414/4865 3575/4410/4866 3734/4779/4867 3732/4780/4868
usemtl lambert2SG
f 3615/2184/2247 3735/4781/4869 3730/4782/4870 3621/4783/4871
usemtl lambert3SG
f 3570/4418/4860 3573/4414/4865 3732/4780/4868 3737/4775/4861
usemtl lambert2SG
f 3616/2175/2239 3733/4778/4864 3735/4781/4869 3615/2184/2247
usemtl lambert3SG
f 3579/4406/4872 3524/4402/4842 3731/4764/4845 3729/4784/4873
usemtl lambert2SG
f 3605/1372/1435 3620/4785/4874 6528/4786/4875 6532/4765/4846
usemtl lambert3SG
f 3575/4410/4866 3579/4406/4872 3729/4784/4873 3734/4779/4867
usemtl lambert2SG
f 3621/4783/4871 3730/4782/4870 6528/4786/4875 3620/4785/4874
usemtl lambert3SG
f 3552/4787/4876 3728/4788/4877 3727/4789/4878 3559/4790/4879
f 3583/2508/2594 3475/2507/2593 6462/4791/4880 6459/4792/4881
f 3559/4790/4879 3727/4789/4878 3726/4793/4882 3561/4794/4883
f 3475/2507/2593 3478/4795/4884 6461/4796/4885 6462/4791/4880
f 3568/4798/4886 3561/4794/4883 3726/4793/4882 3725/4797/4887
f 3478/4795/4884 3460/2550/2633 6460/4799/4888 6461/4796/4885
f 3572/4801/4889 3568/4798/4886 3725/4797/4887 3714/4800/4890
f 3460/2550/2633 3458/2549/2632 3724/4802/4891 6460/4799/4888
f 3550/4806/4892 3592/4803/4893 3723/4804/4894 3721/4805/4895
f 3599/3025/3104 3581/3003/3085 3722/4807/4896 6457/4808/4897
f 3552/4787/4876 3550/4806/4892 3721/4805/4895 3728/4788/4877
f 3581/3003/3085 3583/2508/2594 6459/4792/4881 3722/4807/4896
f 3591/4440/4898 4319/4439/4899 4318/4809/4900 3719/4810/4901
f 4277/4811/4902 3597/3017/3096 3720/4812/4903 6466/4813/4904
f 3593/4444/4905 3591/4440/4898 3719/4810/4901 3717/4814/4906
f 3597/3017/3096 3596/3016/3095 6458/4815/4907 3720/4812/4903
f 3592/4803/4893 3595/4448/4908 3718/4816/4909 3723/4804/4894
f 3601/3026/3105 3599/3025/3104 6457/4808/4897 3716/4817/4910
f 3595/4448/4908 3593/4444/4905 3717/4814/4906 3718/4816/4909
f 3596/3016/3095 3601/3026/3105 3716/4817/4910 6458/4815/4907
f 3530/4821/4911 3526/4818/4912 3709/4819/4913 3694/4820/4914
f 3516/4822/4915 3710/4823/4916 6456/4824/4917 3519/3318/3399
f 3526/4818/4912 3577/4825/4918 3711/4826/4919 3709/4819/4913
f 3519/3318/3399 6456/4824/4917 3713/4827/4920 3582/3319/3400
f 3574/4828/4921 3712/4829/4922 3711/4826/4919 3577/4825/4918
f 3582/3319/3400 3713/4827/4920 3715/4830/4923 3584/3353/3433
f 3572/4801/4889 3714/4800/4890 3712/4829/4922 3574/4828/4921
f 3584/3353/3433 3715/4830/4923 3724/4802/4891 3458/2549/2632
usemtl lambert2SG
f 3633/4149/4260 3632/4148/4259 3763/4831/4924 6394/4832/4925
f 3531/4833/4926 3762/4834/4927 3764/4835/4928 3535/4836/4929
f 4199/4837/4930 3635/4838/4931 4238/4839/4932 4201/4840/4933
f 4198/4841/4934 4202/4842/4935 4240/4843/4936 4232/4844/4937
f 3631/4079/4183 3630/4121/4231 6405/4845/4938 3759/4846/4939
f 3523/3617/3693 3760/4847/4940 3761/4848/4941 3529/3614/3690
f 3938/4120/4230 3633/4149/4260 6394/4832/4925 3630/4121/4231
f 6394/4832/4925 6405/4845/4938 3630/4121/4231
f 3529/3614/3690 3761/4848/4941 3762/4834/4927 3531/4833/4926
f 3502/3903/3985 3565/4080/4185 6284/4849/4942 6390/4850/4943
f 3544/3624/3699 3705/4851/4944 3758/4852/4945 3549/3621/3696
f 3565/4080/4185 3631/4079/4183 3759/4846/4939 6284/4849/4942
f 3549/3621/3696 3758/4852/4945 3760/4847/4940 3523/3617/3693
f 3707/4853/3983 6389/4854/4946 3489/3894/3971
f 6389/5010/4946 3708/4856/3708 3538/3631/3706 3706/4855/4947
f 3501/3901/3981 3502/3903/3985 6390/4850/4943 3707/4853/3983
f 3542/3632/3709 3708/4856/3708 3705/4851/4944
f 4018/3629/3707 3542/3632/3709 3705/4851/4944 3544/3624/3699
f 3491/3895/3972 3489/3894/3971 6389/4854/4946 6283/4857/4948
f 3567/4858/4949 3701/4859/4950 3538/3631/3706 4017/3630/3705
f 3701/4859/4950 3706/4855/4947 3538/3631/3706
f 3487/3877/3952 3491/3895/3972 6283/4857/4948 3704/4860/4951
f 3702/4862/4952 3704/5013/4951 3701/4859/4950 3562/4861/3722
f 3562/4861/3722 3701/4859/4950 3567/4858/4949 4024/3645/3720
f 3487/3877/3952 3704/4860/4951 3772/4863/4953 3640/3874/3950
f 3556/3656/3735 3703/4864/3734 3562/4861/3722 4023/3647/3721
f 3702/4862/4952 3562/4861/3722 3703/4864/3734 3772/5014/4953
f 3640/3874/3950 3772/4863/4953 3698/4865/4954 3614/3884/3962
f 3551/3655/3733 3771/4866/4955 3703/4864/3734
f 3918/3871/3945 3613/4352/4449 6388/4867/4956 3643/3872/3946
f 6388/4867/4956 6398/4868/4957 3643/3872/3946
f 3576/4870/4958 3700/4871/4959 3578/4869/4960 4028/3660/3740
f 3699/4872/4961 3578/4869/4960 3700/4871/4959 6398/5016/4957
f 6388/4867/4956 3613/4352/4449 3614/3884/3962 3698/4865/4954
f 3578/4869/4960 3699/4872/4961 4021/3654/3732 3971/3665/3741
f 3551/3655/3733 4021/3654/3732 3699/4872/4961 3771/4866/4955
f 3771/4866/4955 3699/4872/4961 6388/5017/4956 3698/5015/4954
f 5780/4873/4962 5843/4874/4963 6407/4875/4964 6288/4876/4965
f 5779/4877/4966 5621/4878/4967 5622/4879/4968 5781/4880/4969
f 3639/3873/3947 3643/3872/3946 6398/4868/4957 6396/4881/4970
f 3576/4870/4958 3571/4882/4971 3774/4883/4972 3700/4871/4959
usemtl lambert3SG
f 3530/4821/4911 3694/4820/4914 3693/4884/4973 3533/4885/4974
f 3470/4886/4975 6454/4887/4976 3710/4823/4916 3516/4822/4915
f 3536/4889/4977 3533/4885/4974 3693/4884/4973 3692/4888/4978
f 3471/4890/4979 6453/4891/4980 6454/4887/4976 3470/4886/4975
f 3541/4892/4981 3697/4893/4982 3695/4894/4983 3546/4895/4984
f 3506/4896/4985 6455/4897/4986 6451/4898/4987 3521/3820/3891
f 4249/4900/4988 3546/4895/4984 3695/4894/4983 4256/4899/4989
f 4197/4901/4990 4200/4902/4991 6455/4897/4986 3506/4896/4985
f 3536/4889/4977 3692/4888/4978 3691/4903/4992 3539/4904/4993
f 3520/3819/3890 6452/4905/4994 6453/4891/4980 3471/4890/4979
f 3539/4904/4993 3691/4903/4992 3697/4893/4982 3541/4892/4981
f 3521/3820/3891 6451/4898/4987 6452/4905/4994 3520/3819/3890
usemtl lambert2SG
f 3677/4906/4760 3664/4567/52 6361/4566/56 3679/4907/2965
f 6002/4908/4663 6003/4909/4995 3678/4910/4996 6373/4911/4664
f 3681/4912/2939 6375/4913/2926 6362/4581/4672
f 3683/4915/4676 3687/4592/4681 3684/4591/4680 3685/4916/4677
f 3684/4591/4680 6362/4581/4672 6375/4913/2926 3685/4916/4677
f 3686/4598/4686 6377/4918/4684 6376/4917/94
f 6377/4918/4684 3686/4598/4686 3687/4592/4681 3683/4915/4676
f 3689/4919/4688 6378/4920/4687 3668/4605/561
f 3688/4604/4690 3690/4608/4693 3648/4921/4691 3689/4919/4688
f 3690/4608/4693 3647/4611/4695 6367/4922/4696 3648/4921/4691
f 3647/4611/4695 6355/4615/4699 3646/4923/4697 6367/4922/4696
f 6355/4615/4699 6354/4618/4702 3645/4924/4997 3646/4923/4697
f 3657/4925/4705 3645/4924/4997 6354/4618/4702
f 6357/4628/4712 6356/4627/4711 3654/4926/4709 3655/4927/4708
f 3654/4926/4709 6356/4627/4711 3653/4599/92 6376/4917/94
f 3656/4634/4718 3651/4633/4717 3650/4928/4720 3652/4929/4728
f 3651/4633/4717 3649/4638/307 3663/4930/4721 3650/4928/4720
f 6369/4932/4722 6359/4644/334 3660/4643/340 3659/4931/4723
f 3659/4931/4723 3660/4643/340 6357/4628/4712 3655/4927/4708
f 6368/4933/4726 3657/4925/4705 3644/4622/4706
f 3658/4648/348 3656/4634/4718 3652/4929/4728 6368/4933/4726
f 6363/4656/4735 6379/4934/4733 6381/4935/4731 3662/4665/4743
f 6360/4655/4734 6359/4644/334 6369/4932/4722 6370/4936/4736
f 3649/4638/307 6358/4661/382 3661/4937/4738 3663/4930/4721
f 6382/4938/4998 6380/4939/4741 6364/4666/4744 3662/4665/4743
f 6509/4940/4999 6373/4941/4664 3678/4942/4996 5884/4943/5000
f 3671/4944/4753 6374/4945/4752 3666/4679/4757
f 3664/4567/52 3677/4906/4760 6371/4946/4759
f 6371/4946/4759 6372/4914/4673 3682/4585/4675 3665/4683/4761
f 3670/4687/563 3668/4605/561 6378/4920/4687 3669/4947/4765
f 3667/4678/4756 3670/4687/563 3669/4947/4765 3671/4944/4753
f 6406/4948/4766 3767/4692/4769 3769/4691/4768 3766/4949/4767
f 6399/4950/4770 4178/4696/4773 4239/4951/5001 4237/4952/5002
f 6285/4953/4774 3756/4702/4779 3757/4701/4778 3768/4954/4775
f 3768/4954/4775 3757/4701/4778 3767/4692/4769 6406/4948/4766
f 3672/4706/4781 6393/4956/4234 6403/4955/4022
f 6393/4956/4234 3672/4706/4781 3756/4702/4779 6285/4953/4774
f 6282/4957/4009 3674/4712/4785 3675/4711/1241 6387/4958/4783
f 3676/4707/4782 6403/4955/4022 6387/4958/4783
f 6402/4960/4788 6386/4959/3993 3753/4718/4790 3673/4717/4789
f 6402/4960/4788 3673/4717/4789 3674/4712/4785 6282/4957/4009
f 6397/4961/4794 3754/4724/4797 3773/4723/4796
f 3773/4723/4796 6391/4962/3999 6397/4961/4794
f 6386/4959/3993 6391/4962/3999 3773/4723/4796 3753/4718/4790
f 3755/4728/4802 6392/4964/4799 6404/4963/4798
f 6392/4964/4799 3755/4728/4802 3754/4724/4797 6397/4961/4794
f 6401/4965/5003 5666/4966/5004 5720/4967/5005 5721/4968/5006
f 3752/4729/4801 6404/4963/4798 6329/4969/4812
usemtl lambert3SG
f 3750/4740/4815 6536/4970/4819 6535/4971/4818 3749/4741/4816
f 4261/4973/5007 4257/4747/4822 4258/4746/4821 4264/4972/5008
f 3748/4751/4827 6534/4974/4832 6533/4975/4831 3747/4752/4828
f 3749/4741/4816 6535/4971/4818 6534/4974/4832 3748/4751/4827
f 3746/4976/4841 3744/4977/4840 3743/4758/4836 3745/4757/4835
f 6533/4975/4831 3746/4976/4841 3745/4757/4835 3747/4752/4828
f 3742/4978/4847 6532/4979/4846 3731/4764/4845 3741/4763/4844
f 3744/4977/4840 3742/4978/4847 3741/4763/4844 3743/4758/4836
f 6529/4980/4853 6531/4981/4852 3740/4768/4850 3738/4767/4849
f 4320/4771/4854 3740/4768/4850 6531/4981/4852 4300/4982/5009
f 3733/4983/4864 6530/4984/4863 3736/4776/4862 3737/4775/4861
f 6530/4984/4863 6529/4980/4853 3738/4767/4849 3736/4776/4862
f 3734/4779/4867 3730/4985/4870 3735/4986/4869 3732/4780/4868
f 3732/4780/4868 3735/4986/4869 3733/4983/4864 3737/4775/4861
f 3731/4764/4845 6532/4979/4846 6528/4987/4875 3729/4784/4873
f 3729/4784/4873 6528/4987/4875 3730/4985/4870 3734/4779/4867
f 6459/4988/4881 6462/4989/4880 3727/4789/4878 3728/4788/4877
f 6462/4989/4880 6461/4990/4885 3726/4793/4882 3727/4789/4878
f 6461/4990/4885 6460/4991/4888 3725/4797/4887 3726/4793/4882
f 6460/4991/4888 3724/4992/4891 3714/4800/4890 3725/4797/4887
f 6457/4993/4897 3722/4994/4896 3721/4805/4895 3723/4804/4894
f 3722/4994/4896 6459/4988/4881 3728/4788/4877 3721/4805/4895
f 4318/4809/4900 6466/4995/4904 3720/4996/4903 3719/4810/4901
f 3720/4996/4903 6458/4997/4907 3717/4814/4906 3719/4810/4901
f 3716/4998/4910 6457/4993/4897 3723/4804/4894 3718/4816/4909
f 6458/4997/4907 3716/4998/4910 3718/4816/4909 3717/4814/4906
f 3709/4819/4913 6456/4999/4917 3710/5000/4916 3694/4820/4914
f 3711/4826/4919 3713/5001/4920 6456/4999/4917 3709/4819/4913
f 3712/4829/4922 3715/5002/4923 3713/5001/4920 3711/4826/4919
f 3714/4800/4890 3724/4992/4891 3715/5002/4923 3712/4829/4922
usemtl lambert2SG
f 3763/5004/4924 3764/4835/4928 3762/4834/4927 6394/5003/4925
f 4201/5005/4933 4202/4842/4935 3764/4835/4928 3763/5004/4924
f 3761/4848/4941 3760/4847/4940 3759/5006/4939 6405/5007/4938
f 3762/4834/4927 3761/4848/4941 6405/5007/4938 6394/5003/4925
f 3758/4852/4945 3705/4851/4944 6390/5008/4943 6284/5009/4942
f 3760/4847/4940 3758/4852/4945 6284/5009/4942 3759/5006/4939
f 6389/5010/4946 3707/5011/3983 3708/4856/3708
f 3705/4851/4944 3708/4856/3708 3707/5011/3983 6390/5008/4943
f 3706/4855/4947 3701/4859/4950 6283/5012/4948 6389/5010/4946
f 3704/5013/4951 6283/5012/4948 3701/4859/4950
f 3704/5013/4951 3702/4862/4952 3772/5014/4953
f 3703/4864/3734 3771/4866/4955 3698/5015/4954 3772/5014/4953
f 6398/5016/4957 6388/5017/4956 3699/4872/4961
f 6400/5018/5010 6288/5019/4965 5781/4880/4969
f 6400/5018/5010 5781/4880/4969 5622/4879/4968 6408/6446/4805
f 3700/4871/4959 3774/4883/4972 6396/5020/4970 6398/5016/4957
usemtl lambert3SG
f 3694/4820/4914 3710/5000/4916 6454/5021/4976 3693/4884/4973
f 3693/4884/4973 6454/5021/4976 6453/5022/4980 3692/4888/4978
f 3697/4893/4982 6451/5023/4987 6455/5024/4986 3695/4894/4983
f 4256/4899/4989 3695/4894/4983 6455/5024/4986 4200/5025/4991
f 3692/4888/4978 6453/5022/4980 6452/5026/4994 3691/4903/4992
f 3691/4903/4992 6452/5026/4994 6451/5023/4987 3697/4893/4982
usemtl lambert2SG
f 3776/5027/5011 3622/4742/4817 3619/4745/4820 3775/5028/5012
f 4179/5029/5013 4180/5030/5014 3811/1310/1375 3775/5028/5012
f 3779/1356/1421 3607/4753/4830 3608/4756/4833 3778/1357/1418
f 3778/1357/1418 3608/4756/4833 3622/4742/4817 3776/5027/5011
f 3609/4759/4839 3610/4762/4838 3780/1365/1428 3781/1364/1427
f 3610/4762/4838 3607/4753/4830 3779/1356/1421 3780/1365/1428
f 1588/1374/1437 1589/1377/1440 3819/2189/2251 3818/1378/1441
f 3606/1373/1436 3609/4759/4839 3781/1364/1427 3782/1370/1433
f 2061/2130/2196 2059/2129/2195 3820/5031/5015 3821/2176/2240
f 4359/4772/4856 4355/5032/5016 2060/5033/5017 6463/4773/4857
f 3823/5034/5018 2088/2170/2233 3822/2177/2234 3787/2173/2237
f 3618/2134/2200 3617/2174/2238 3787/2173/2237 3786/2131/2197
f 3789/2185/2248 3615/2184/2247 3621/4783/4871 3790/2190/2254
f 3824/2183/2246 2089/2178/2241 2088/2170/2233 3823/5034/5018
f 3791/2191/2253 3620/4785/4874 3605/1372/1435 3783/1371/1434
f 3790/2190/2254 3621/4783/4871 3620/4785/4874 3791/2191/2253
f 3829/5035/5019 3827/2510/2596 3792/2506/2592 3794/2505/2591
f 3478/4795/4884 3475/2507/2593 3792/2506/2592 3793/5036/5020
f 3460/2550/2633 3478/4795/4884 3793/5036/5020 3795/2547/2630
f 2286/2543/2626 2287/2542/2625 3831/3357/3437 3830/2546/2629
f 3581/3003/3085 3599/3025/3104 3798/3024/3103 3797/3002/3084
f 3832/3000/3082 3829/5035/5019 3794/2505/2591 3797/3002/3084
f 4280/3014/3093 3799/3013/3092 3597/3017/3096 4277/4811/4902
f 2589/3018/3097 2590/3019/3098 3835/3028/3107 3834/3012/3091
f 3836/3029/3108 3833/3001/3083 3798/3024/3103 3801/3023/3102
f 3601/3026/3105 3596/3016/3095 3800/3015/3094 3801/3023/3102
f 3803/3311/3390 3516/4822/4915 3519/3318/3399 3802/3308/3387
f 3804/3320/3401 3839/5037/5021 3837/3309/3388 3802/3308/3387
f 3840/3358/3438 2768/3355/3435 2747/3316/3396 3839/5037/5021
f 3805/3354/3434 3584/3353/3433 3458/2549/2632 3796/2548/2631
f 3806/5038/5022 3470/4886/4975 3516/4822/4915 3803/3311/3390
f 3807/3816/3888 3471/4890/4979 3470/4886/4975 3806/5038/5022
f 3808/3805/3881 3506/4896/4985 3521/3820/3891 3809/3806/3878
f 4195/5039/5023 3843/3804/3880 3074/3801/3876 4189/3708/3787
f 4195/5039/5023 4204/5040/5024 3843/3804/3880
f 3810/3818/3889 3520/3819/3890 3471/4890/4979 3807/3816/3888
f 3810/3818/3889 3845/3817/3887 3844/3803/3879 3809/3806/3878
f 3812/1313/1378 3776/5027/5011 3775/5028/5012 3811/1310/1375
f 3814/1354/1419 3778/1357/1418 3776/5027/5011 3812/1313/1378
f 1585/1367/1430 1586/1366/1429 3817/1363/1426 3816/1362/1425
f 3780/1365/1428 3779/1356/1421 3815/1355/1417 3816/1362/1425
f 3782/1370/1433 3781/1364/1427 3817/1363/1426 3818/1378/1441
f 3786/2131/2197 3787/2173/2237 3822/2177/2234 3821/2176/2240
f 3824/2183/2246 3789/2185/2248 3790/2190/2254 3825/2182/2245
f 3826/2188/2252 3791/2191/2253 3783/1371/1434 3819/2189/2251
f 3826/2188/2252 2092/2186/2249 2091/2180/2243 3825/2182/2245
f 3793/5036/5020 3792/2506/2592 3827/2510/2596 3828/2509/2595
f 3795/2547/2630 3793/5036/5020 3828/2509/2595 3830/2546/2629
f 3797/3002/3084 3798/3024/3103 3833/3001/3083 3832/3000/3082
f 4281/3011/3090 4342/5041/5025 4338/3022/3100 4276/3021/3099
f 2590/3019/3098 2591/3027/3106 3836/3029/3108 3835/3028/3107
f 3837/3309/3388 2744/3312/3392 2745/3315/3395 3838/3310/3389
f 3840/3358/3438 3805/3354/3434 3796/2548/2631 3831/3357/3437
f 3841/3791/3868 3806/5038/5022 3803/3311/3390 3838/3310/3389
f 3842/3793/3869 3807/3816/3888 3806/5038/5022 3841/3791/3868
f 3844/3803/3879 3075/3802/3877 3074/3801/3876 3843/3804/3880
f 3076/3815/3886 3845/3817/3887 3842/3793/3869
f 4243/5042/5026 4227/1314/1379 4172/5043/5027 4180/5030/5014
f 3783/1371/1434 3782/1370/1433 3818/1378/1441 3819/2189/2251
f 3784/2132/2198 3786/2131/2197 3821/2176/2240 3820/5031/5015
f 4301/2137/2203 3784/2132/2198 3820/5031/5015 4302/5044/5028
f 3787/2173/2237 3788/2172/2236 3823/5034/5018
f 3823/5034/5018 3788/2172/2236 3789/2185/2248 3824/2183/2246
f 2265/2503/2590 2262/2500/2586 3827/2510/2596 3829/5035/5019
f 3796/2548/2631 3795/2547/2630 3830/2546/2629 3831/3357/3437
f 2580/2998/3080 2265/2503/2590 3829/5035/5019 3832/3000/3082
f 3800/3015/3094 3799/3013/3092 3834/3012/3091 3835/3028/3107
f 2591/3027/3106 2581/2999/3081 3833/3001/3083 3836/3029/3108
f 3839/5037/5021 2747/3316/3396 2744/3312/3392 3837/3309/3388
f 3839/5037/5021 3804/3320/3401 3805/3354/3434 3840/3358/3438
f 4244/4151/4262 4242/3808/3883 4203/5045/5029 4204/5040/5024
f 3075/3802/3877 3844/3803/3879 3845/3817/3887
usemtl lambert4SG
f 3355/4452/4548 3354/4376/4473 3846/4373/4470 3847/4372/4469
f 6584/6952/5030 6585/6953/4471 3846/4373/4470 4247/4378/4475
f 3848/4380/4477 3356/4455/4552 3355/4452/4548 3847/4372/4469
f 3849/4384/4481 6581/6948/5031 6582/6949/5032 4248/4381/4478
f 3850/4385/4483 3358/4459/4556 3356/4455/4552 3848/4380/4477
f 6580/6947/5033 6581/6948/5031 3849/4384/4481 3851/4388/4485
f 3852/4390/4487 3360/4462/4558 3358/4459/4556 3850/4385/4483
f 3853/4392/4489 6579/6946/5034 6580/6947/5033 3851/4388/4485
f 3854/4394/4491 3362/4465/4562 3360/4462/4558 3852/4390/4487
f 3855/4396/4493 6618/6986/5035 6579/6946/5034 3853/4392/4489
f 3856/4397/4495 3364/4468/4565 3362/4465/4562 3854/4394/4491
f 3857/4400/4497 6617/6985/5036 6618/6986/5035 3855/4396/4493
f 3858/4401/4499 3366/4471/4567 3364/4468/4565 3856/4397/4495
f 3859/4404/4501 6616/6984/5037 6617/6985/5036 3857/4400/4497
f 3368/4474/4571 3366/4471/4567 3858/4401/4499 3860/4405/4502
f 6615/6983/5038 6616/6984/5037 3859/4404/4501 3861/4408/4505
f 3862/4409/4506 3370/4477/4573 3368/4474/4571 3860/4405/4502
f 6614/6982/5039 6615/6983/5038 3861/4408/4505 3863/4412/4509
f 3372/4479/4576 3370/4477/4573 3862/4409/4506 3864/4413/4510
f 3865/4416/4513 6613/6981/5040 6614/6982/5039 3863/4412/4509
f 3374/4483/4580 3372/4479/4576 3864/4413/4510 3866/4417/4514
f 3867/4420/4517 6612/6980/5041 6613/6981/5040 3865/4416/4513
f 3376/4485/4582 3374/4483/4580 3866/4417/4514 3868/4421/4518
f 6611/6979/5042 6612/6980/5041 3867/4420/4517 3869/4424/4521
f 3378/4488/4585 3376/4485/4582 3868/4421/4518 3870/4425/4522
f 6610/6978/5043 6611/6979/5042 3869/4424/4521 3871/4428/4525
f 3872/4430/4527 3380/4491/4588 3378/4488/4585 3870/4425/4522
f 3873/4432/4529 6609/6977/5044 6610/6978/5043 3871/4428/4525
f 4310/4434/4531 4312/4494/4591 3380/4491/4588 3872/4430/4527
f 3874/4436/4533 6608/6976/5045 6609/6977/5044 3873/4432/4529
f 3383/4500/4597 4308/4499/4596 4309/4438/4535 3875/4437/4534
f 6607/6975/5046 6608/6976/5045 3874/4436/4533 3876/4442/4539
f 3877/4443/4541 3385/4502/4599 3383/4500/4597 3875/4437/4534
f 3387/4449/4546 3385/4502/4599 3877/4443/4541 3879/4447/4544
f 6605/6973/4545 6606/6974/5047 3878/4446/4543 3879/4447/4544
f 3881/4506/4603 3423/5046/5048 3422/4508/4605 3880/4507/4604
f 4252/4510/4607 4246/4453/4550 3388/4451/4547 3880/4507/4604
f 3424/5047/5049 3423/5046/5048 3881/4506/4603 3882/4511/4608
f 3391/4457/4554 4251/4456/4553 4254/4515/4612 3883/4514/4611
f 3426/5048/5050 3424/5047/5049 3882/4511/4608 3884/4516/4613
f 3885/4518/4614 3393/4460/4557 3391/4457/4554 3883/4514/4611
f 3428/5049/5051 3426/5048/5050 3884/4516/4613 3886/4519/4616
f 3395/4463/4560 3393/4460/4557 3885/4518/4614 3887/4521/4618
f 3430/5050/5052 3428/5049/5051 3886/4519/4616 3888/4522/4619
f 3397/4466/4563 3395/4463/4560 3887/4521/4618 3889/4524/4621
f 3432/5051/5053 3430/5050/5052 3888/4522/4619 3890/4525/4622
f 3399/4469/4566 3397/4466/4563 3889/4524/4621 3891/4527/4624
f 3434/5052/5054 3432/5051/5053 3890/4525/4622 3892/4528/4625
f 3401/4472/4569 3399/4469/4566 3891/4527/4624 3893/4530/4627
f 3894/4531/4628 3436/5053/5055 3434/5052/5054 3892/4528/4625
f 3895/4533/4630 3403/4475/4572 3401/4472/4569 3893/4530/4627
f 3896/4534/4631 3438/5054/5056 3436/5053/5055 3894/4531/4628
f 3897/4536/4632 3405/4478/4575 3403/4475/4572 3895/4533/4630
f 3898/4537/4634 3440/5055/5057 3438/5054/5056 3896/4534/4631
f 3407/4481/4578 3405/4478/4575 3897/4536/4632 3899/4539/4636
f 3900/4540/4637 3442/5056/5058 3440/5055/5057 3898/4537/4634
f 3409/4484/4581 3407/4481/4578 3899/4539/4636 3901/4542/4639
f 3902/4543/4640 3444/5057/5059 3442/5056/5058 3900/4540/4637
f 3903/4545/4642 3411/4487/4584 3409/4484/4581 3901/4542/4639
f 3904/4546/4643 3446/5058/5060 3444/5057/5059 3902/4543/4640
f 3905/4548/4645 3413/4490/4587 3411/4487/4584 3903/4545/4642
f 3448/5059/5061 3446/5058/5060 3904/4546/4643 3906/4549/4646
f 3415/4493/4590 3413/4490/4587 3905/4548/4645 3907/4551/4648
f 4316/5060/5062 3448/5059/5061 3906/4549/4646 4317/4552/4649
f 3416/4496/4593 3415/4493/4590 3907/4551/4648 3908/4554/4650
f 3909/4555/4654 3451/5061/5063 4315/5062/5064 4313/4556/4655
f 3910/4558/4653 3418/4501/4598 3416/4496/4593 3908/4554/4650
f 3911/4559/4656 3453/5063/5065 3451/5061/5063 3909/4555/4654
f 3420/4504/4601 3418/4501/4598 3910/4558/4653 3912/4561/4658
f 3913/4562/4659 3455/4563/4660 3453/5063/5065 3911/4559/4656
f 3913/4562/4659 3421/4505/4602 3420/4504/4601 3912/4561/4658
usemtl lambert2SG
f 5582/3867/3941 5782/3866/3940 5780/4873/4962 5581/5064/5066
f 3181/3858/3932 3979/4350/3934 3918/3871/3945 3978/5065/5067
f 3918/3871/3945 3917/3870/3944 3978/5065/5067
f 3186/3881/3957 3981/3891/3948 3919/3875/3951 3980/5066/3956
f 3185/3878/3953 3980/5066/3956 3921/3885/3963 3982/5067/3958
f 3922/3892/3969 3491/3895/3972 3487/3877/3952 3920/3876/3949
f 3983/3890/3968 3984/5068/3982 3923/3893/3970 3922/3892/3969
f 3984/5068/3982 3190/3886/3964 3985/5069/3979 3924/3900/3980
f 3192/3897/3973 3986/4084/3976 3925/3902/3984 3985/5069/3979
f 3925/3902/3984 3924/3900/3980 3985/5069/3979
f 3928/3913/3995 3989/3918/4003 3987/5070/5068 3926/3910/3992
f 3987/5070/5068 3195/3904/3986 3196/3907/3989
f 3926/3910/3992 3987/5070/5068 3196/3907/3989 3988/4356/3997
f 3928/3913/3995 3492/3912/3994 3494/3923/4012 3929/3922/4011
f 3199/3917/4002 3990/3916/4001 3930/3925/4013 3991/3928/4006
f 3930/3925/4013 3495/3924/4010 3498/3933/4017
f 3930/3925/4013 3498/3933/4017 3991/3928/4006
f 3279/4082/4187 3995/5072/4186 3934/4078/4182 3994/4083/4181
f 3565/4080/4185 3502/3903/3985 3925/3902/3984
f 3986/4084/3976 3933/4077/4184 3565/4080/4185 3925/3902/3984
f 3996/4092/4192 3935/5073/4780 3636/4159/4270 3937/4158/4198
f 3936/4127/4241 3557/4126/4240 3553/4699/4776 3935/5073/4780
f 3999/4117/4227 3939/4146/4226 3633/4149/4260 3938/4120/4230
f 3280/4081/4142 3999/4117/4227 3938/4120/4230 3995/5072/4186
f 3204/3930/4020 3940/4123/4233 4001/5074/4238
f 3936/4127/4241 3997/4093/4199 4001/5074/4238 3940/4123/4233
f 4000/4116/4224 4002/5075/5069 3941/4147/4258 3939/4146/4226
f 3941/4147/4258 4002/5075/5069 4173/5076/5070 4205/5077/5071
f 4238/5078/4932 6395/5079/5072 3765/5080/5073 4240/4843/4936
f 3943/4157/4269 4004/4155/4265 3998/4091/4194 3937/4158/4198
f 3914/4247/4358 3975/4357/4454 6320/5081/5074 6318/4244/4355
f 5529/5082/5075 5527/5083/5076 5665/5084/5077
f 5667/5085/5078 5529/5082/5075 5665/5084/5077 6306/6595/5079
f 3918/3871/3945 3915/4351/4450 3613/4352/4449
f 3982/5067/3958 3915/4351/4450 3976/4349/4447 3188/3882/3959
f 3915/4351/4450 3982/5067/3958 3921/3885/3963
f 3975/4357/4454 3914/4247/4358 3625/4727/4800 3916/5086/4803
f 3945/1158/1224 1458/1141/1206 1456/1140/1205 3944/5087/5080
f 4236/5088/5081 4231/5089/5082 4175/4695/4772 4184/5090/5083
f 3946/1156/1221 4032/1159/1223 4031/1165/1230 3947/1157/1222
f 3946/1156/1221 1461/1154/1219 1458/1141/1206 3945/1158/1224
f 3623/1167/1232 3504/4705/1239 4008/1172/1238 4029/1164/1229
f 1464/1160/1225 1462/1155/1220 3947/1157/1222 3948/1162/1227
f 4009/1173/1240 3505/4710/4784 3951/1171/1236 3950/1170/1233
f 4012/1187/1247 3952/1179/1246 4011/5092/4793 3509/4716/4791
f 4010/5091/4786 3507/4713/4787 3952/1179/1246 3951/1171/1236
f 3952/1179/1246 3507/4713/4787 4011/5092/4793
f 4035/1186/1256 3642/4722/4795 3493/1197/1266 4005/1196/1255
f 4030/1195/1265 3626/1194/1264 3497/1211/1282 4007/1210/1280
f 4030/1195/1265 3956/1193/1263 1476/1182/1251 3955/1184/1252
f 5722/6425/5084 5670/5095/5085 5530/5093/5086 5668/5094/5087
f 5670/5095/5085 5532/5096/5088 5530/5093/5086
f 1482/1198/1267 1480/1190/1259 3958/5097/1262 5714/1201/1269
f 3961/3609/3685 4015/5098/5089 4016/5099/5090 3960/3606/3682
f 3960/3606/3682 4016/5099/5090 4196/5100/5091 4206/3613/3689
f 3962/3620/3695 2958/3618/3694 2960/3619/3661 3963/3627/3703
f 3962/3620/3695 4014/3615/3691 4015/5098/5089 3961/3609/3685
f 3964/3628/3701 2963/3626/3700 3965/3637/5092 4019/3623/3698
f 3964/3628/3701 4020/3622/3697 4013/3616/3692 3963/3627/3703
f 4018/3629/3707 3544/3624/3699 4019/3623/3698 3965/3637/5092
f 3967/3644/3712 4024/3645/3720 3567/4858/4949 4017/3630/3705
f 3969/3646/3723 2968/3639/3714 2969/3642/3717
f 3556/3656/3735 4023/3647/3721 3969/3646/3723 4022/3653/3731
f 4021/3654/3732 3970/3652/3729 2972/3649/3725 3971/3665/3741
f 3578/4869/4960 3971/3665/3741 4028/3660/3740
f 5583/5101/3750 5783/3668/3749 5768/3671/3752 5571/5102/3751
f 3571/4882/4971 3576/4870/4958 4027/3659/3736 4026/5103/3739
f 5584/3868/3942 6321/5104/4361 41/5105/5093
f 5584/3868/3942 41/5105/5093 5549/3862/3936 5784/3869/3943
f 3983/3890/3968 3922/3892/3969 3920/3876/3949 3981/3891/3948
f 3989/3918/4003 3928/3913/3995 3929/3922/4011 3990/3916/4001
f 3997/4093/4199 3936/4127/4241 3935/5073/4780 3996/4092/4192
f 4205/5077/5071 4173/5076/5070 4003/5106/5094 3942/5107/5095
f 5531/6439/5096 5471/5108/4350 41/5109/5093 5490/4249/4360
f 41/5109/5093 6321/4250/4361 5490/4249/4360
f 3915/4351/4450 3918/3871/3945 3976/4349/4447
f 3916/5086/4803 3977/4355/4453 3975/4357/4454
f 3189/3887/3965 3190/3886/3964 3984/5068/3982 3983/3890/3968
f 3195/3904/3986 3987/5070/5068 3989/3918/4003 3198/3908/3990
f 3301/4124/4235 4001/5074/4238 3997/4093/4199
f 3299/4115/4223 3313/4143/4253 4002/5075/5069 4000/4116/4224
f 4234/5113/5097 6464/5110/1215 1460/5111/1214 4222/5112/5098
f 3284/4089/4195 3998/4091/4194 4004/4155/4265
f 3975/4357/4454 44/4242/4353 6310/4241/4352 6320/5081/5074
f 4033/1146/1211 3945/1158/1224 3944/5087/5080 4034/1143/1208
f 4033/1146/1211 3637/1145/1210 3629/4700/4777 4032/1159/1223
f 3948/1162/1227 3947/1157/1222 4031/1165/1230 4029/1164/1229
f 4012/1187/1247 3511/4719/4792 3642/4722/4795 4035/1186/1256
f 4006/1209/1279 3958/5097/1262 3957/1192/1261 4007/1210/1280
f 4014/3615/3691 3962/3620/3695 3963/3627/3703 4013/3616/3692
f 4020/3622/3697 3964/3628/3701 4019/3623/3698
f 4028/3660/3740 4027/3659/3736 3576/4870/4958
f 5785/3667/3748 5585/5114/3747 5621/4878/4967
f 5785/3667/3748 5621/4878/4967 5779/4877/4966 5848/6576/5099
f 4184/5090/5083 4182/5115/5100 4233/1147/1212 4236/5088/5081
f 3629/4700/4777 3628/1166/1231 4031/1165/1230 4032/1159/1223
f 4029/1164/1229 4008/1172/1238 3949/1163/1228
f 3954/1185/1250 4035/1186/1256 4005/1196/1255
f 4007/1210/1280 3957/1192/1261 3956/1193/1263 4030/1195/1265
f 5532/5116/5088 5526/5117/5101 5487/5118/4808 5491/5119/5102
f 4015/5098/5089 3531/4833/4926 3535/4836/4929 4016/5099/5090
f 4016/5099/5090 3535/4836/4929 4198/4841/4934 4196/5100/5091
f 4014/3615/3691 3529/3614/3690 3531/4833/4926 4015/5098/5089
f 4020/3622/3697 3549/3621/3696 3523/3617/3693 4013/3616/3692
f 4361/5120/5103 4067/5121/5104 1974/5122/2879 4352/5123/5105
f 3602/5124/5106 3603/5125/5107 4036/5126/5108 4038/5127/5109
f 4040/5129/5110 3598/4630/4714 3600/4629/4713 4039/5128/5111
f 3600/4629/4713 3602/5124/5106 4038/5127/5109 4039/5128/5111
f 4042/1995/2066 3586/4620/4704 3587/5130/4729 4041/5131/5112
f 6423/4631/4715 3598/4630/4714 4041/5131/5112 3587/5130/4729
f 4040/5129/5110 4070/1984/2056 4041/5131/5112 3598/4630/4714
f 3580/2005/2079 3585/4617/4701 4043/1994/2065
f 4073/1993/2064 4044/2002/2063 3580/2005/2079 4043/1994/2065
f 3585/4617/4701 3586/4620/4704 4042/1995/2066 4043/1994/2065
f 1986/2011/2074 1987/2010/2086 4078/2022/2099 4077/5132/2080
f 4076/1998/2069 4077/5132/2080 4047/2006/2083 4046/2014/2091
f 3512/2037/2113 3513/4685/4763 4049/2023/2100 4050/2034/2110
f 3513/4685/4763 3588/2008/2082 4048/2007/2081 4049/2023/2100
f 6067/5133/5113 5939/5134/5114 5937/5135/5115 6065/5136/5116
f 1990/2017/2093 1992/2032/2108 4081/5137/5117 4080/2018/2094
f 4084/5138/5118 4083/5139/5119 4053/2810/2887 4054/2809/2886
f 4335/2802/2880 1974/2805/2879 4067/5140/5104 4344/5141/5120
f 3474/2820/2897 3462/2828/2905 4056/2827/2904 4055/2819/2896
f 4085/2817/2894 4084/5138/5118 4054/2809/2886 4055/2819/2896
f 6443/2837/2915 4058/2826/2902 3461/2829/2903
f 4087/2824/2899 4086/2818/2895 4056/2827/2904 4057/2825/2900
f 3465/2838/2918 3456/2845/2924 4060/2836/2912 4059/2835/2916
f 4088/2823/2901 4058/2826/2902 2481/2830/2906
f 6518/4579/4671 3485/2864/2936 4061/2853/2935 3457/2855/2937
f 4063/2863/2949 6446/2877/2963 4064/2876/2947 4095/2861/2942
f 4063/2863/2949 4095/2861/2942 4094/2851/2934
f 6004/5142/5121 6001/5143/5122 3508/4669/4747 4052/5144/5123
f 4096/2860/2944 4065/2875/2962 4097/2873/2954 2491/2858/2943
f 4038/5127/5109 4036/5126/5108 4066/1978/2051 4068/1977/2050
f 4040/5129/5110 4039/5128/5111 4069/1985/2057 4070/1984/2056
f 4039/5128/5111 4038/5127/5109 4068/1977/2050 4069/1985/2057
f 4042/1995/2066 4041/5131/5112 4071/1986/2058 4072/1989/2060
f 4070/1984/2056 4071/1986/2058 4041/5131/5112
f 4073/1993/2064 4072/1989/2060 1980/1988/2059
f 4046/2014/2091 4045/2003/2075 4075/1999/2070 4076/1998/2069
f 4050/2034/2110 4049/2023/2100 4079/2019/2097 4080/2018/2094
f 4079/2019/2097 4078/2022/2099 1987/2010/2086
f 6132/5145/5124 4051/2035/2111 4081/5137/5117 6133/5146/5125
f 4055/2819/2896 4056/2827/2904 4086/2818/2895 4085/2817/2894
f 2480/2822/2898 2479/2821/2858 4087/2824/2899 4088/2823/2901
f 4092/2843/2922 2485/2841/2919 2483/2839/2911 4091/2844/2923
f 2488/2848/2929 2486/2846/2928 4094/2851/2934 4095/2861/2942
f 6197/5147/5126 6196/5148/5127 6004/5142/5121 6005/5149/5128
f 4361/5120/5103 4304/5150/5129 4303/1972/2045 4360/1971/2044
f 4077/5132/2080 4078/2022/2099 4048/2007/2081
f 1984/1997/2068 1986/2011/2074 4077/5132/2080 4076/1998/2069
f 4051/2035/2111 4050/2034/2110 4080/2018/2094 4081/5137/5117
f 2476/2807/2884 2474/2806/2883 4083/5139/5119 4084/5138/5118
f 4282/2814/2891 4053/2810/2887 4083/5139/5119 4283/5151/5130
f 2477/2815/2892 2476/2807/2884 4084/5138/5118 4085/2817/2894
f 2479/2821/2858 2478/2816/2893 4086/2818/2895 4087/2824/2899
f 124/44/48 121/43/47 4130/5152/5131
f 4130/5152/5131 4131/517/550 124/44/48
f 6198/5153/5132 6006/5154/60 6000/5155/5133 6193/4573/4667
f 128/55/62 4132/62/61 4100/59/67 4133/72/66
f 4132/62/61 4102/5156/73 3467/60/68 4100/59/67
f 4103/5157/4683 3476/4593/4682 4104/5158/5134 4135/71/82
f 4135/71/82 4101/58/69 3472/61/71 4103/5157/4683
f 135/73/83 4137/81/85 4106/80/95 4138/5159/87
f 4104/5158/5134 3476/4593/4682 3477/78/93
f 4104/5158/5134 3477/78/93 4105/77/91 4136/70/81
f 4109/521/556 4107/90/106 3480/93/109
f 3480/93/109 3490/522/557 4109/521/556
f 4139/88/104 4140/97/114 4108/91/107 4107/90/106
f 3482/4610/4694 3479/92/108 4108/91/107 4110/100/117
f 3481/107/125 3482/4610/4694 4110/100/117 4111/99/116
f 4144/110/119 4143/98/115 147/101/112
f 4146/249/287 4114/251/290 3548/293/341 4115/292/288
f 4114/251/290 4146/249/287 4138/5159/87 4106/80/95
f 4150/5160/349 4148/5161/304 4116/259/301 4118/258/300
f 231/253/292 4149/5162/291 4117/262/305 4148/5161/304
f 4120/291/339 4152/323/328 249/285/331 4151/5163/338
f 4119/288/336 4151/5163/338 229/247/234 4147/248/286
f 4118/258/300 4153/296/342 253/294/344 4150/5160/349
f 4284/319/370 4123/318/369 4155/330/383 4285/5164/5135
f 232/252/294 4156/5165/379 4124/327/380 4149/5162/291
f 4299/4664/4742 3563/328/381 4124/327/380 4305/331/384
f 5941/5166/5136 5887/5167/462 5888/5168/5137 5942/5169/5138
f 4157/5170/5139 4158/527/564 4126/415/466 4125/414/465
f 3500/49/53 3499/4684/4762 4128/5171/555 4099/50/54
f 4128/5171/555 3499/4684/4762 3469/4584/4674 4102/5156/73
f 4141/89/105 4109/521/556 384/524/559
f 3488/523/562 3612/416/467 4126/415/466 4129/520/560
f 4159/5172/5140 4127/410/461 6006/5154/60 6007/51/59
f 4104/5158/5134 4136/70/81 4135/71/82
f 4107/90/106 4109/521/556 4141/89/105
f 4141/89/105 4139/88/104 4107/90/106
f 4110/100/117 4108/91/107 4140/97/114 4142/96/113
f 144/94/110 147/101/112 4143/98/115 4142/96/113
f 4305/331/384 4124/327/380 4156/5165/379 4306/329/375
f 4099/50/54 4128/5171/555 4160/518/553
f 4128/5171/555 4102/5156/73 4134/64/75
f 4129/520/560 4126/415/466 4158/527/564
f 4098/47/51 4099/50/54 4131/517/550
f 4131/517/550 4130/5152/5131 4098/47/51
f 139/83/97 140/82/96 4140/97/114 4139/88/104
f 4112/105/123 4111/99/116 4143/98/115 4144/110/119
f 4146/249/287 228/246/242 137/75/86 4138/5159/87
f 234/256/297 231/253/292 4148/5161/304 4150/5160/349
f 4155/330/383 4306/329/375 268/316/366 4285/5164/5135
f 5942/5169/5138 5888/5168/5137 6348/5173/5141 5906/409/460
f 314/403/454 315/402/453 4158/527/564 4157/5170/5139
f 4232/4844/4937 4235/5174/5142 4196/5100/5091 4198/4841/4934
usemtl lambert4SG
f 4259/5176/5143 4252/4510/4607 4255/4509/4606 4260/5175/5144
usemtl lambert2SG
f 4217/1012/1088 6441/5177/5145 478/1217/1288 4207/1216/1287
f 1352/1003/1079 1353/1006/1082 4163/1010/1086 4167/1008/1084
f 4168/5178/5146 1353/1006/1082 1393/1060/1134 4164/1251/1321
f 4168/5178/5146 4163/1010/1086 1353/1006/1082
f 3944/5087/5080 1456/1140/1205 4169/1151/1216 4182/5115/5100
f 1456/1140/1205 1457/1142/1207 4165/1152/1217 4169/1151/1216
f 1457/1142/1207 1486/1212/1283 4170/5179/5147 4165/1152/1217
f 1486/1212/1283 1355/1007/1083 4162/1009/1085 4170/5179/5147
f 4225/1254/1323 1509/5180/5148 520/1068/1142 4211/1067/1141
f 4166/1252/1320 1506/1247/1316 1507/1246/1315 4172/5043/5027
f 4172/5043/5027 1507/1246/1315 1553/1311/1376 4180/5030/5014
f 3775/5028/5012 3619/4745/4820 4174/4748/4823 4179/5029/5013
f 4003/5106/5094 4173/5076/5070 3314/4142/4252 4183/4154/4266
f 4237/5181/5002 3635/4838/4931 4176/4694/4771 6399/4693/4770
f 4231/5089/5082 4239/4951/5001 4178/4696/4773 4175/4695/4772
f 3619/4745/4820 6536/4744/4819 4177/4749/4824 4174/4748/4823
f 3766/4949/4767 3769/4691/4768 4178/4696/4773 6399/4950/4770
f 3777/1320/1385 3813/5182/4261 4243/5042/5026 4241/1317/1382
f 1553/1311/1376 3811/1310/1375 4180/5030/5014
f 3943/4157/4269 3634/4156/4268 4176/4694/4771 4181/5183/5149
f 3638/1144/1209 4034/1143/1208 4184/5090/5083 4175/4695/4772
f 4004/4155/4265 3943/4157/4269 4181/5183/5149 4183/4154/4266
f 4034/1143/1208 3944/5087/5080 4182/5115/5100 4184/5090/5083
f 4173/5076/5070 4002/5075/5069 3313/4143/4253 3314/4142/4252
f 4188/3612/3688 4192/3611/3687 4222/5112/5098 4214/5184/5150
f 4190/3470/3548 4218/3473/3549 4210/3528/3606 4186/3469/3547
f 4190/3470/3548 2849/3464/3542 2850/3466/3544 4185/3471/3550
f 1396/3530/1139 520/5185/1142 4212/3711/3790 4220/3527/3605
f 4191/3526/3604 2890/3521/3599 2852/3467/3545 4186/3469/3547
f 4222/5112/5098 1460/5111/1214 531/5186/1286 4214/5184/5150
f 4234/5113/5097 4222/5112/5098 4192/3611/3687 4206/3613/3689
f 4193/3678/3759 4224/5187/5151 4208/3472/3551 4185/3471/3550
f 4214/5184/5150 4224/5187/5151 4193/3678/3759 4188/3612/3688
f 4194/3709/3788 4226/3710/3789 4216/3812/3885 4189/3708/3787
f 4194/3709/3788 3000/3704/3783 2892/3523/3601 4187/3525/3603
f 3506/4896/4985 3808/3805/3881 4203/5045/5029 4197/4901/4990
f 3074/3801/3876 3002/3706/3785 4189/3708/3787
f 3632/4148/4259 3941/4147/4258 4205/5077/5071 4199/4837/4930
f 3763/4831/4924 3632/4148/4259 4199/4837/4930 4201/4840/4933
f 3535/4836/4929 3764/4835/4928 4202/4842/4935 4198/4841/4934
f 4230/3807/3882 3696/5188/4825 4200/4902/4991 4197/4901/4990
f 4238/5078/4932 4240/4843/4936 4202/4842/4935 4201/5005/4933
f 4195/5039/5023 4228/3811/3884 4244/4151/4262 4204/5040/5024
f 3808/3805/3881 3843/3804/3880 4204/5040/5024 4203/5045/5029
f 6465/5189/5152 6464/5110/1215 4234/5113/5097 4235/5174/5142
f 4235/5174/5142 4234/5113/5097 4206/3613/3689 4196/5100/5091
f 4214/5184/5150 531/5186/1286 1487/5190/1285 4224/5187/5151
f 4224/5187/5151 1487/5190/1285 478/5191/1288 4208/3472/3551
f 4209/1011/1087 499/1066/1140 6441/5177/5145 4217/1012/1088
f 4163/1010/1086 4168/5178/5146 4219/1064/1138 4209/1011/1087
f 4219/1064/1138 4168/5178/5146 4164/1251/1321 4211/1067/1141
f 4182/5115/5100 4169/1151/1216 4221/1148/1213 4233/1147/1212
f 531/1215/1286 1460/1149/1214 4221/1148/1213 4213/1153/1218
f 4165/1152/1217 4170/5179/5147 4223/1213/1284 4213/1153/1218
f 4170/5179/5147 4162/1009/1085 4207/1216/1287 4223/1213/1284
f 4215/1253/1322 6440/1316/1381 1509/5180/5148 4225/1254/1323
f 4166/1252/1320 4172/5043/5027 4227/1314/1379 4215/1253/1322
f 4179/5029/5013 4174/4748/4823 4229/1318/1383 4241/1317/1382
f 4208/3472/3551 478/5191/1288 6441/5192/5145 4218/3473/3549
f 4220/3527/3605 4191/3526/3604 4186/3469/3547 4210/3528/3606
f 520/5185/1142 1509/5193/5148 4226/3710/3789 4212/3711/3790
f 4197/4901/4990 4203/5045/5029 4242/3808/3883 4230/3807/3882
f 4228/3811/3884 4195/5039/5023 4189/3708/3787 4216/3812/3885
f 4199/4837/4930 4205/5077/5071 3942/5107/5095 3635/4838/4931
f 4229/1318/1383 3696/4750/4825 6448/1319/1384
f 1509/5193/5148 6440/3813/1381 4216/3812/3885 4226/3710/3789
f 4240/4843/4936 3765/5080/5073 6449/5194/5153 4232/4844/4937
f 3765/5195/5073 6395/5196/5072 4237/4952/5002 4239/4951/5001
f 4243/5042/5026 3813/5182/4261 1555/1315/1380 4227/1314/1379
f 4244/4151/4262 3813/4150/4261 3777/3809/1385 4242/3808/3883
f 4181/5183/5149 4176/4694/4771 3635/4838/4931 3942/5107/5095
f 6465/5197/5152 6449/5198/5153 4231/5089/5082 4236/5088/5081
f 4183/4154/4266 4181/5183/5149 3942/5107/5095 4003/5106/5094
f 6464/1150/1215 6465/5197/5152 4236/5088/5081 4233/1147/1212
f 4232/4844/4937 6449/5194/5153 6465/5189/5152 4235/5174/5142
f 4207/1216/1287 4162/1009/1085 4167/1008/1084 4217/1012/1088
f 4164/1251/1321 4171/1250/1319 4225/1254/1323 4211/1067/1141
f 3635/4838/4931 4237/5181/5002 6395/5199/5072 4238/4839/4932
f 6449/5198/5153 3765/5195/5073 4239/4951/5001 4231/5089/5082
f 4180/5030/5014 4179/5029/5013 4241/1317/1382 4243/5042/5026
f 6441/5192/5145 499/3529/1140 4210/3528/3606 4218/3473/3549
f 4212/3711/3790 4187/3525/3603 4191/3526/3604 4220/3527/3605
usemtl lambert4SG
f 4246/4453/4550 4252/4510/4607 4259/5176/5143 4262/5200/5154
f 4263/5201/5155 4250/4377/4474 4246/4453/4550 4262/5200/5154
f 6583/6950/5156 6584/6952/5030 4247/4378/4475 4265/5202/5157
usemtl lambert3SG
f 6536/4970/4819 3750/4740/4815 4257/4747/4822 4177/5203/4824
usemtl lambert4SG
f 4248/4381/4478 4265/5204/5157 4263/5205/5155 4245/4382/4479
f 4245/4382/4479 4263/5205/5155 4262/5206/5154 4251/4456/4553
f 4254/4515/4612 4259/5207/5143 4260/5208/5144 4253/4512/4609
usemtl lambert3SG
f 4256/4899/4989 4261/5209/5007 4264/5210/5008 4249/4900/4988
usemtl lambert4SG
f 6582/6949/5032 6583/6951/5156 4265/5204/5157 4248/4381/4478
f 4262/5206/5154 4259/5207/5143 4254/4515/4612 4251/4456/4553
usemtl lambert3SG
f 4177/5203/4824 4257/4747/4822 4261/4973/5007
usemtl lambert2SG
f 4261/4973/5007 3696/5211/4825 4177/5203/4824
usemtl lambert3SG
f 4261/5209/5007 4256/4899/4989 4200/5025/4991
usemtl lambert2SG
f 4200/5025/4991 3696/5212/4825 4261/5209/5007
usemtl lambert4SG
f 4265/5202/5157 4247/4378/4475 4250/4377/4474 4263/5201/5155
usemtl lambert3SG
f 4322/5213/5158 3739/5214/5159 6466/4995/4904 4318/4809/4900
usemtl lambert2SG
f 266/314/362 4154/322/365 4285/5164/5135 268/316/366
f 4284/319/370 4122/324/373 3554/4654/374 4279/320/371
f 4267/2726/2804 4271/2668/2747 2369/2663/2741
f 2372/2666/2745 2369/2663/2741 4271/2668/2747 4266/2667/2746
f 4334/2717/2797 4329/2659/2738 4267/2726/2804 4272/2725/2802
f 4273/5215/5160 2474/2806/2883 2475/2808/2885 4269/5216/5161
f 4282/2814/2891 4343/5217/5162 4340/5218/5163 4278/2813/2890
f 2494/2881/2968 2372/2666/2745 4266/2667/2746 4274/5219/5164
f 4269/5216/5161 2475/2808/2885 2494/2881/2968 4274/5219/5164
f 2512/2910/2995 2513/2909/2994 4270/3020/3101 4275/2913/2998
f 4337/2905/2991 2015/2908/2144 696/2719/2143 4330/2718/2798
f 4341/5220/5165 3785/5221/4858 6463/5222/4857 4342/5041/5025
f 2513/2909/2994 2589/3018/3097 4276/3021/3099
f 6427/4650/4732 6524/4658/4737 6444/2811/2888 4278/2813/2890
f 6363/4656/4735 3662/4665/4743 3564/321/372 4279/320/371
f 3739/5223/5159 4356/2135/2201 3464/5224/5166
f 6363/4656/4735 6360/4655/4734 6370/4936/4736 6379/4934/4733
f 4277/4811/4902 4339/5225/5167 4341/5220/5165 4280/3014/3093
f 4276/3021/3099 2589/3018/3097 3834/3012/3091 4281/3011/3090
f 4283/5151/5130 4083/5139/5119 2474/2806/2883 4273/5215/5160
f 4283/5151/5130 4344/5141/5120 4343/5217/5162 4282/2814/2891
f 4285/5164/5135 4154/322/365 4122/324/373 4284/319/370
f 4306/329/375 4156/5165/379 270/325/376
usemtl lambert3SG
f 4300/4982/5009 3739/5214/5159 4322/5213/5158 4320/4771/4854
usemtl lambert2SG
f 1869/1841/1919 1871/1840/1918 4286/2040/2116 4291/1845/1923
f 4291/1845/1923 4350/1836/1914 4346/5226/5168 4287/1846/1924
f 4287/1846/1924 4346/5226/5168 4351/5227/5169 4292/1895/1969
f 4351/5227/5169 4347/2068/2142 4288/1899/1973 4292/1895/1969
f 4303/1972/2045 4036/5126/5108 3603/5125/5107 4298/1973/2046
f 4293/1981/2054 4352/5123/5105 4348/5228/5170 4289/1980/2053
f 4289/1980/2053 4348/5228/5170 4353/5229/5171 4294/2038/2114
f 4294/2038/2114 4353/5229/5171 4345/1837/1915 4286/2040/2116
f 4288/1899/1973 4295/2076/2149 2014/2071/1974
f 4295/2076/2149 4354/2067/2141 4349/5230/5172 4290/2075/2148
f 743/5231/2993 2060/5033/5017 4355/5032/5016 4349/5230/5172
f 4297/2136/2202 3463/2133/2199 3784/2132/2198 4301/2137/2203
f 6430/5232/5173 6428/4663/4740 6380/4662/4741 6382/5233/4998
f 6364/4666/4744 6358/4661/382 3563/328/381 4299/4664/4742
f 4300/5234/5009 6531/4769/4852 3463/2133/2199 4297/2136/2202
f 6380/4939/4741 3661/4937/4738 6358/4661/382 6364/4666/4744
f 4302/5044/5028 3820/5031/5015 2059/2129/2195 4296/2128/2194
f 4302/5044/5028 4359/4772/4856 4358/2138/2204 4301/2137/2203
f 4293/1981/2054 1973/1975/2048 4066/1978/2051 4304/5150/5129
f 4304/5150/5129 4066/1978/2051 4036/5126/5108 4303/1972/2045
f 4305/331/384 4123/318/369 3564/321/372 4299/4664/4742
usemtl lambert4SG
f 6601/6969/5174 4323/5236/5175 4310/4434/4531 6600/6968/4530
f 4325/5237/5176 4326/5238/5177 4314/4495/4592 4312/4494/4591
f 4314/4495/4592 4326/5238/5177 4327/5239/5178 4317/4552/4649
usemtl lambert3SG
f 4322/5213/5158 4324/5235/5179 4307/4433/4855 4320/4771/4854
usemtl lambert4SG
f 4323/5236/5175 4325/5237/5176 4312/4494/4591 4310/4434/4531
f 4316/5060/5062 4317/4552/4649 4327/5239/5178 4321/5240/5180
f 4321/5240/5180 4327/5239/5178 4313/4556/4655 4315/5062/5064
f 6602/6970/4536 4309/4438/4535 4323/5236/5175 6601/6969/5174
f 4308/4499/4596 4311/4498/4595 4326/5238/5177 4325/5237/5176
f 4326/5238/5177 4311/4498/4595 4313/4556/4655 4327/5239/5178
usemtl lambert3SG
f 4318/4809/4900 4319/4439/4899 4324/5235/5179 4322/5213/5158
usemtl lambert4SG
f 4309/4438/4535 4308/4499/4596 4325/5237/5176 4323/5236/5175
usemtl lambert2SG
f 6450/5241/5181 6382/4938/4998 3662/4665/4743 6381/4935/4731
usemtl lambert3SG
f 4339/5225/5167 4277/4811/4902 6466/4813/4904 3739/5242/5159
usemtl lambert2SG
f 4271/2668/2747 4267/2726/2804 4329/2659/2738 4333/2658/2737
f 4333/2658/2737 1870/2661/1917 654/2879/1916 4328/2669/2748
f 4272/2725/2802 4268/2914/2803 4330/2718/2798 4334/2717/2797
f 4335/2802/2880 4273/5215/5160 4269/5216/5161 4331/2803/2881
f 4274/5219/5164 4266/2667/2746 4328/2669/2748 4336/2878/2967
f 4331/2803/2881 4269/5216/5161 4274/5219/5164 4336/2878/2967
f 4275/2913/2998 4270/3020/3101 4332/2906/2992 4337/2905/2991
f 4338/3022/3100 2060/5243/5017 743/2907/2993 4332/2906/2992
f 6381/4652/4731 6429/4651/4730 6409/5244/5182 6450/5245/5181
f 4342/5041/5025 6463/5222/4857 2060/5243/5017 4338/3022/3100
f 4344/5141/5120 4283/5151/5130 4273/5215/5160 4335/2802/2880
f 4334/2717/2797 6442/2720/2796 675/2660/2739 4329/2659/2738
f 4343/5217/5162 4037/5246/5183 3468/5247/5184 4340/5218/5163
f 4268/2914/2803 4275/2913/2998 4337/2905/2991 4330/2718/2798
f 4342/5041/5025 4281/3011/3090 4280/3014/3093 4341/5220/5165
f 4339/5225/5167 3464/5248/5166 3785/5221/4858 4341/5220/5165
f 4344/5141/5120 4067/5140/5104 4037/5246/5183 4343/5217/5162
f 4300/5234/5009 4297/2136/2202 4356/2135/2201 3739/5223/5159
f 6409/5249/5182 6430/5232/5173 6382/5233/4998 6450/5250/5181
f 4291/1845/1923 4286/2040/2116 4345/1837/1915 4350/1836/1914
f 4357/1974/2047 3468/5251/5184 4037/5252/5183 4360/1971/2044
f 4295/2076/2149 4288/1899/1973 4347/2068/2142 4354/2067/2141
f 3785/4774/4858 3464/5224/5166 4356/2135/2201 4358/2138/2204
f 4359/4772/4856 4302/5044/5028 4296/2128/2194 4355/5032/5016
f 4352/5123/5105 4293/1981/2054 4304/5150/5129 4361/5120/5103
f 4360/1971/2044 4037/5252/5183 4067/5121/5104 4361/5120/5103
f 1870/1839/1917 675/5253/2739 4346/5226/5168 4350/1836/1914
f 675/5253/2739 6442/5254/2796 4351/5227/5169 4346/5226/5168
f 6442/5254/2796 696/2069/2143 4347/2068/2142 4351/5227/5169
f 4352/5123/5105 1974/5122/2879 703/5255/2882 4348/5228/5170
f 4348/5228/5170 703/5255/2882 1996/5256/2966 4353/5229/5171
f 1996/5256/2966 654/1838/1916 4345/1837/1915 4353/5229/5171
f 2015/2070/2144 743/5231/2993 4349/5230/5172 4354/2067/2141
f 4355/5032/5016 4296/2128/2194 4290/2075/2148 4349/5230/5172
f 3464/5248/5166 4339/5225/5167 3739/5242/5159
f 4397/5257/5185 6331/424/471 106/425/476 4396/5258/31
f 4389/5259/5186 37/423/474 5965/422/473 6009/5260/5187
f 4390/5261/359 4367/150/179 4399/151/178 60/312/357
f 173/148/176 176/514/548 4371/515/182 4375/149/177
f 4363/176/206 179/170/199 178/164/194 4376/167/193
f 4388/401/445 4400/160/189 4376/167/193 4365/166/196
f 184/531/568 183/5262/5188 4377/173/202 4372/172/201
f 4377/173/202 183/5262/5188 179/170/199 4363/176/206
f 4385/5264/218 4378/185/217 4402/5263/361 33/313/360
f 4390/5261/359 4402/5263/361 4378/185/217 4367/150/179
f 5867/5265/475 37/423/474 4389/5259/5186 5890/5266/5189
f 273/5267/5190 274/537/574 4370/343/398 4374/342/397
f 4379/357/411 279/5268/5191 280/449/500 4368/451/502
f 4364/356/410 282/460/508 279/5268/5191 4379/357/411
f 4380/5269/5192 311/400/452 312/465/513 4369/466/512
f 4365/166/196 181/165/195 311/400/452 4380/5269/5192
f 4362/186/216 4385/5264/218 4405/452/503 4381/443/493
f 4368/451/502 280/449/500 333/442/494 4381/443/493
f 4364/356/410 4387/358/409 4406/5270/447 4382/461/506
f 4382/461/506 4406/5270/447 4392/395/446 4369/466/512
f 4373/25/28 4396/5258/31 4407/5271/549 4383/508/541
f 4395/175/204 4408/5272/5193 4384/532/569 4372/172/201
f 4408/5272/5193 4393/344/399 4370/343/398 4384/532/569
f 4375/149/177 4371/515/182 4399/151/178
f 4363/176/206 4376/167/193 4400/160/189 4386/163/192
f 4398/345/158 4393/344/399 86/133/157
f 4403/348/268 4379/357/411 4368/451/502 4391/349/402
f 35/229/267 4387/358/409 4403/348/268
f 4404/394/429 4380/5269/5192 4369/466/512 4392/395/446
f 4388/401/445 4365/166/196 4380/5269/5192 4404/394/429
f 4405/452/503 330/439/490 63/227/265 4391/349/402
f 6335/28/32 4397/5257/5185 4396/5258/31
f 6264/5273/5194 6263/30/34 6200/5274/5195 6201/5275/5196
f 180/161/190 4400/160/189 4388/401/445
f 189/311/358 4402/5263/361 4390/5261/359
f 5890/5266/5189 4389/5259/5186 4366/5276/5197 5889/5277/394
f 4385/5264/218 33/313/360 330/439/490 4405/452/503
f 4387/358/409 35/229/267 338/456/504 4406/5270/447
f 4396/5258/31 106/425/476 379/540/576 4407/5271/549
f 104/431/482 388/529/566 4408/5272/5193 4395/175/204
f 388/529/566 86/133/157 4393/344/399 4408/5272/5193
f 5786/3848/3922 5586/3847/3921 5580/5278/5198 5774/3857/3930
f 4425/3852/3926 4424/3851/3925 6700/7070/5199 6701/7071/5200
f 4460/5280/5201 3125/4141/4247 4470/5279/4287 4446/3977/4077
f 4427/3990/4089 4447/5281/5202 4437/4233/4343 4417/3991/4090
f 4415/3993/4092 4435/5282/5203 4447/5281/5202 4427/3990/4089
f 4448/4001/4101 4435/5282/5203 4415/3993/4092 4428/4000/4099
f 3234/3999/4098 3236/4362/4459 4423/4365/4462 4428/4000/4099
f 4418/3981/4109 3227/3980/4079 3238/4016/4116 4429/4010/4110
f 3238/4016/4116 3240/4015/4115 4414/4013/4113 4429/4010/4110
f 4421/5283/5204 3321/4367/4465 3318/5284/5205 6699/7069/5206
f 5724/6451/5207 6699/7069/5206 3318/5284/5205 5717/6450/5208
f 6293/5285/5209 6291/5286/5210 3319/5287/5211 6322/5288/5212
f 4474/5289/5213 4461/4285/4399 4439/4284/4398 4450/5290/5214
f 3105/4061/4165 3266/4056/4160 4474/5289/5213 4457/5291/5215
f 4475/4235/4341 3341/4205/4314 3132/4204/4312 4462/5292/5216
f 10/4229/4339 3230/3988/4087 4417/3991/4090 4410/4230/4340
f 3240/4015/4115 252/4286/4400 4412/5293/5217 4414/4013/4113
f 252/4286/4400 3326/4180/4293 4419/4183/4296 4412/5293/5217
f 4416/4185/4298 3327/4184/4297 3/4293/4403 4409/4295/4406
f 3132/4204/4312 382/4290/4402 4453/5294/5218 4462/5292/5216
f 2965/4343/4443 3225/3986/4085 4422/3975/4075 4413/4345/4444
f 4441/5295/5219 4444/4002/4102 4423/4365/4462 4420/4364/4461
f 4420/4364/4461 3172/4363/4460 3321/4367/4465 4421/5283/5204
f 5587/3846/3920 5787/3845/3919 5788/5296/5220 5588/5297/5221
f 4443/3978/4078 4470/5279/4287 3153/4175/4288 4465/5298/5222
f 4428/4000/4099 4423/4365/4462 4444/4002/4102 4448/4001/4101
f 4473/5299/5223 4460/5280/5201 4438/4012/4112 4449/4011/4111
f 4455/4283/4388 4473/5299/5223 4449/4011/4111 4434/4014/4114
f 4464/4169/4279 4442/5301/4464 4421/5283/5204 4445/5300/4280
f 5533/5302/5224 5534/5303/5225 5672/5304/5226 5671/5305/5227
f 4451/4232/4342 4410/4230/4340 4417/3991/4090 4437/4233/4343
f 4414/4013/4113 4412/5293/5217 4431/4281/4396 4434/4014/4114
f 4412/5293/5217 4419/4183/4296 4439/4284/4398 4431/4281/4396
f 382/4290/4402 3105/4061/4165 4457/5291/5215 4453/5294/5218
f 3153/4175/4288 2975/4370/4467 4454/5306/5228
f 4465/5298/5222 3153/4175/4288 4454/5306/5228 4433/4346/4445
f 4420/4364/4461 4421/5283/5204 4442/5301/4464 4441/5295/5219
f 3166/4259/4369 3178/4258/4368 4468/5307/5229 4467/5308/5230
f 4426/3976/4076 4418/3981/4109 4438/4012/4112 4446/3977/4077
f 3231/4222/4331 3106/4207/4316 4458/4234/4344 4471/5309/5231
f 3104/4223/4332 3231/4222/4331 4471/5309/5231 4456/5310/5232
f 3235/4266/4377 3104/4223/4332 4456/5310/5232 4472/4004/4100
f 4419/4183/4296 4430/4182/4295 4450/5290/5214 4439/4284/4398
f 4430/4182/4295 4416/4185/4298 4436/4297/4405 4450/5290/5214
f 4440/5311/5233 4411/4231/4337 4410/4230/4340 4451/4232/4342
f 4432/4296/4407 4409/4295/4406 4411/4231/4337 4440/5311/5233
f 4433/4346/4445 6700/7070/5199 4424/3851/3925 4413/4345/4444
f 4441/5295/5219 4463/4366/4463 4466/4003/4103 4444/4002/4102
f 3164/4267/4378 3235/4266/4377 4472/4004/4100 4466/4003/4103
f 5535/4170/4281 6294/5313/5234 6323/5314/5235 6295/5312/5236
f 6323/5314/5235 4459/5315/5237 6295/5312/5236
f 3106/4207/4316 3341/4205/4314 4475/4235/4341 4458/4234/4344
f 4455/4283/4388 4452/4282/4397 146/4274/4387
f 3128/4055/4159 146/4274/4387 4452/4282/4397 4461/4285/4399
f 4463/4366/4463 4441/5295/5219 4442/5301/4464
f 4446/3977/4077 4438/4012/4112 4460/5280/5201
f 3266/4056/4160 3128/4055/4159 4461/4285/4399 4474/5289/5213
f 4450/5290/5214 4436/4297/4405 4457/5291/5215 4474/5289/5213
f 4462/5292/5216 4440/5311/5233 4451/4232/4342 4475/4235/4341
f 4453/5294/5218 4432/4296/4407 4440/5311/5233 4462/5292/5216
f 5576/4261/4372 3107/5316/4061 4459/5317/5237 5588/5297/5221
f 4443/3978/4078 4446/3977/4077 4470/5279/4287
f 3239/4139/4250 3125/4141/4247 4460/5280/5201 4473/5299/5223
f 3103/4140/4251 3239/4139/4250 4473/5299/5223 4455/4283/4388
f 4436/4297/4405 4432/4296/4407 4453/5294/5218 4457/5291/5215
f 4433/4346/4445 4443/3978/4078 4465/5298/5222
f 4458/4234/4344 4437/4233/4343 4447/5281/5202 4471/5309/5231
f 4471/5309/5231 4447/5281/5202 4435/5282/5203 4456/5310/5232
f 4435/5282/5203 4448/4001/4101 4472/4004/4100 4456/5310/5232
f 2975/4370/4467 3166/4259/4369 4467/5308/5230 4454/5306/5228
f 4463/4366/4463 3135/4358/4455 3164/4267/4378 4466/4003/4103
f 6206/5318/5238 6160/5319/5239 5963/5320/5240 6014/5321/5241
f 6336/36/40 6330/27/30 119/26/29 4487/37/41
f 176/514/548 173/148/176 4488/157/186 4486/156/185
f 4480/159/188 4686/5322/5242 4694/158/187 4488/157/186
f 4695/5323/5243 4683/5324/5244 4477/169/198 4489/168/197
f 4685/177/209 4695/5323/5243 4489/168/197 4479/171/200
f 179/170/199 183/5262/5188 4490/5325/211 4479/171/200
f 183/5262/5188 184/531/568 4485/534/571 4490/5325/211
f 4491/187/219 4697/5326/5245 4686/5322/5242 4480/159/188
f 4478/188/220 4684/447/498 4697/5326/5245 4491/187/219
f 274/537/574 273/5267/5190 4492/5327/392 4484/5328/388
f 6347/5329/395 276/32/36 4476/31/35 5891/5330/5246
f 4482/450/501 280/449/500 279/5268/5191 4493/5331/5247
f 279/5268/5191 282/460/508 4481/463/510 4493/5331/5247
f 312/465/513 311/400/452 4494/397/449 4483/396/448
f 17/5332/5248 313/5333/5249 4700/398/450 4683/5324/5244
f 4478/188/220 188/183/214 333/442/494 4495/448/499
f 4482/450/501 4688/353/406 4701/444/495 4495/448/499
f 4496/462/509 4702/464/511 4687/354/407 4481/463/510
f 4496/462/509 341/459/507 312/465/513 4483/396/448
f 4487/37/41 378/509/542 4497/5334/546 4693/38/42
f 4497/5334/546 378/509/542 176/514/548 4486/156/185
f 4691/181/212 4485/534/571 4704/535/572 390/536/573
f 4485/534/571 4498/533/570 4704/535/572
f 389/530/567 274/537/574 4484/5328/388 4498/533/570
f 4499/5335/5250 6337/5336/5251 6332/5337/5252 90/512/545
f 6224/5338/5253 6332/5337/5252 6337/5336/5251 6266/5339/5254
f 4501/5340/5255 4499/5335/5250 90/512/545 380/511/544
f 6344/5344/5256 4/5341/5257 4500/5342/5258 5892/5343/5259
f 4503/5345/5260 4501/5340/5255 380/511/544 88/513/547
f 275/334/386 4502/5346/5261 4504/5347/5262 85/335/389
f 177/5348/5263 4505/5349/5264 4503/5345/5260 88/513/547
f 85/335/389 4504/5347/5262 4506/5350/5265 390/536/573
f 32/5351/5266 4507/5352/5267 4505/5349/5264 177/5348/5263
f 4506/5350/5265 4508/5353/5268 87/182/213 390/536/573
f 190/5355/5269 4509/5354/5270 4507/5352/5267 32/5351/5266
f 87/182/213 4508/5353/5268 4510/5356/5271 186/179/208
f 4511/5357/5272 4509/5354/5270 190/5355/5269 18/446/497
f 4510/5356/5271 4512/5358/5273 30/180/210 186/179/208
f 4513/5359/5274 4511/5357/5272 18/446/497 334/445/496
f 30/180/210 4512/5358/5273 4514/5360/5275 182/5361/5276
f 4515/5362/5277 4513/5359/5274 334/445/496 64/352/405
f 4514/5360/5275 4516/5363/5278 17/5332/5248 182/5361/5276
f 4517/5364/5279 4515/5362/5277 64/352/405 281/351/404
f 4516/5363/5278 4518/5365/5280 313/5333/5249 17/5332/5248
f 55/355/408 4519/5366/5281 4517/5364/5279 281/351/404
f 313/5333/5249 4518/5365/5280 4520/5367/5282 68/5368/5283
f 342/5369/5284 4521/5370/5285 4519/5366/5281 55/355/408
f 68/5368/5283 4520/5367/5282 4521/5370/5285 342/5369/5284
f 3180/5371/5286 6702/7072/5287 4522/5373/5288 3154/5374/4439
f 3154/5374/4439 4522/5373/5288 4524/5375/5289 2971/5376/4440
f 5574/5377/5290 5589/5378/5291 5789/5379/5292 5776/5380/5293
f 2971/5376/4440 4524/5375/5289 4525/5381/5294 3152/5382/5295
f 6296/5384/5296 6324/5385/5297 5482/5383/5298 5521/4160/4271 5613/5462/5299
f 6324/5385/5297 3080/5386/5300 5482/5383/5298
f 4525/5381/5294 4526/5387/5301 3228/3983/4083 3152/5382/5295
f 4527/5388/5302 6325/5389/5303 3320/4164/4275 3149/4167/4278
f 4526/5387/5301 4528/5390/5304 3102/3984/4084 3228/3983/4083
f 4529/5391/5305 4527/5388/5302 3149/4167/4278 3177/4360/4457
f 4528/5390/5304 4530/5392/5306 3241/4019/4119 3102/3984/4084
f 3151/4007/4106 4531/5393/5307 4529/5391/5305 3177/4360/4457
f 3241/4019/4119 4530/5392/5306 4532/5394/5308 3089/4279/4394
f 3237/4006/4105 4533/5395/5309 4531/5393/5307 3151/4007/4106
f 3089/4279/4394 4532/5394/5308 4534/5396/5310 255/4280/4395
f 3100/4009/4108 4535/5397/5311 4533/5395/5309 3237/4006/4105
f 255/4280/4395 4534/5396/5310 4536/5398/5312 3129/4178/4291
f 3233/3998/4095 4537/5399/5313 4535/5397/5311 3100/4009/4108
f 4536/5398/5312 4538/5400/5314 3325/4179/4292 3129/4178/4291
f 3088/3997/4097 4539/5401/5315 4537/5399/5313 3233/3998/4095
f 4538/5400/5314 4540/5402/5316 3121/5403/5317 3325/4179/4292
f 13/4227/4333 4541/5404/5318 4539/5401/5315 3088/3997/4097
f 4540/5402/5316 4542/5405/5319 5/4298/4408 3121/5403/5317
f 4543/5406/5320 4541/5404/5318 13/4227/4333 3133/4226/4336
f 4542/5405/5319 4543/5406/5320 3133/4226/4336 5/4298/4408
f 4499/5335/5250 4705/5407/5321 6341/5408/5322 6337/5336/5251
f 6016/5409/5323 6012/5410/5324 4545/5411/5325 4729/5412/5326
f 4707/5413/5327 4705/5407/5321 4499/5335/5250 4501/5340/5255
f 5951/5414/5328 5893/5415/5329 6349/5416/5330 5947/5417/5331
f 4709/5418/5332 4707/5413/5327 4501/5340/5255 4503/5345/5260
f 4733/5420/5333 4710/5421/5334 4731/5419/5335 4547/5505/5336
f 4710/5421/5334 4504/5347/5262 4708/5422/5337 4731/5419/5335
f 4711/5423/5338 4709/5418/5332 4503/5345/5260 4505/5349/5264
f 4733/5420/5333 4735/5424/5339 4712/5425/5340 4710/5421/5334
f 4713/5426/5341 4711/5423/5338 4505/5349/5264 4507/5352/5267
f 4551/5427/5342 4553/5428/5343 4737/5429/5344
f 4735/5424/5339 4551/5427/5342 4737/5429/5344 4714/5601/5345
f 4509/5354/5270 4715/5430/5346 4713/5426/5341 4507/5352/5267
f 4553/5428/5343 4555/5431/5347 4739/5432/5348
f 4737/5429/5344 4553/5428/5343 4739/5432/5348 4716/5436/5349
f 4511/5357/5272 4717/5433/5350 4715/5430/5346 4509/5354/5270
f 4741/5434/5351 4718/5435/5352 4739/5432/5348 4555/5431/5347
f 4718/5435/5352 4512/5358/5273 4716/5436/5349 4739/5432/5348
f 4513/5359/5274 4719/5437/5353 4717/5433/5350 4511/5357/5272
f 4557/5438/5354 4559/5439/5355 4743/5440/5356 4741/5434/5351
f 4515/5362/5277 4721/5441/5357 4719/5437/5353 4513/5359/5274
f 4743/5440/5356 4559/5439/5355 4561/5442/5358 4745/5443/5359
f 4517/5364/5279 4723/5444/5360 4721/5441/5357 4515/5362/5277
f 4745/5443/5359 4561/5442/5358 4563/5445/5361 4747/5446/5362
f 4519/5366/5281 4725/5447/5363 4723/5444/5360 4517/5364/5279
f 4747/5446/5362 4563/5445/5361 4565/5448/5364 4749/5449/5365
f 4521/5370/5285 4727/5450/5366 4725/5447/5363 4519/5366/5281
f 4749/5449/5365 4565/5448/5364 4566/5451/5367 4750/5452/5368
f 6702/7072/5287 6703/7073/5369 4636/5454/5370 4522/5373/5288
f 4567/5455/5371 4569/5456/5372 4638/5457/5373 4636/5454/5370
f 5589/5378/5291 5591/5458/5374 5792/5459/5375 5789/5379/5292
f 4569/5456/5372 4570/5460/5376 4640/5461/5377 4638/5457/5373
f 5677/5464/5378 5613/5462/5299 5674/5463/5379 5726/6452/5380
f 5613/5462/5299 5677/5464/5378 5538/5465/5381 6296/5384/5296
f 4570/5460/5376 4572/5466/5382 4642/5467/5383 4640/5461/5377
f 4643/5468/5384 4641/5469/5385 6325/5389/5303 4527/5388/5302
f 4572/5466/5382 4574/5470/5386 4644/5471/5387
f 4642/5467/5383 4572/5466/5382 4644/5471/5387 4528/5390/5304
f 4645/5472/5388 4643/5468/5384 4527/5388/5302 4529/5391/5305
f 4574/5470/5386 4576/5473/5389 4646/5474/5390 4644/5471/5387
f 4647/5475/5391 4645/5472/5388 4529/5391/5305 4531/5393/5307
f 4648/5477/5392 4576/5473/5389 4578/5476/5393 4650/5480/5394
f 4648/5477/5392 4646/5474/5390 4576/5473/5389
f 4533/5395/5309 4649/5478/5395 4647/5475/5391 4531/5393/5307
f 4578/5476/5393 4580/5479/5396 4650/5480/5394
f 4651/5481/5397 4649/5478/5395 4533/5395/5309 4535/5397/5311
f 4650/5480/5394 4580/5479/5396 4582/5482/5398 4652/5483/5399
f 4651/5481/5397 4535/5397/5311 4653/5484/5400 4583/5568/5401
f 4535/5397/5311 4537/5399/5313 4653/5484/5400
f 4652/5483/5399 4582/5482/5398 4584/5485/5402 4654/5486/5403
f 4539/5401/5315 4655/5487/5404 4653/5484/5400 4537/5399/5313
f 4654/5486/5403 4584/5485/5402 4586/5488/5405 4656/5489/5406
f 4541/5404/5318 4657/5490/5407 4655/5487/5404 4539/5401/5315
f 4656/5489/5406 4586/5488/5405 4588/5491/5408 4658/5492/5409
f 4659/5493/5410 4657/5490/5407 4541/5404/5318 4543/5406/5320
f 4588/5491/5408 4589/5494/5411 4659/5493/5410 4658/5492/5409
f 4590/5495/5412 6339/5496/5413 6338/5497/5414 4544/5498/5415
f 6013/5499/5416 4591/5500/5417 4545/5411/5325 6012/5410/5324
f 4592/5501/5418 4590/5495/5412 4544/5498/5415 4546/5502/5419
f 6141/5503/5420 4593/5504/5421 4547/5505/5336 6140/5506/5422
f 4594/5507/5423 4592/5501/5418 4546/5502/5419 4548/5508/5424
f 4593/5504/5421 4595/5509/5425 4549/5510/5426 4547/5505/5336
f 4596/5511/5427 4594/5507/5423 4548/5508/5424 4550/5512/5428
f 4595/5509/5425 4597/5513/5429 4551/5427/5342 4549/5510/5426
f 4598/5514/5430 4596/5511/5427 4550/5512/5428 4552/5515/5431
f 4597/5513/5429 4599/5516/5432 4553/5428/5343 4551/5427/5342
f 4600/5517/5433 4598/5514/5430 4552/5515/5431 4554/5518/5434
f 4599/5516/5432 4601/5519/5435 4555/5431/5347 4553/5428/5343
f 4556/5521/5436 4602/5520/5437 4600/5517/5433 4554/5518/5434
f 4601/5519/5435 4603/5522/5438 4557/5438/5354 4555/5431/5347
f 4558/5524/5439 4604/5523/5440 4602/5520/5437 4556/5521/5436
f 4603/5522/5438 4605/5525/5441 4559/5439/5355 4557/5438/5354
f 4560/5527/5442 4606/5526/5443 4604/5523/5440 4558/5524/5439
f 4559/5439/5355 4605/5525/5441 4607/5528/5444 4561/5442/5358
f 4562/5530/5445 4608/5529/5446 4606/5526/5443 4560/5527/5442
f 4561/5442/5358 4607/5528/5444 4609/5531/5447 4563/5445/5361
f 4610/5532/5448 4608/5529/5446 4562/5530/5445 4564/5533/5449
f 4563/5445/5361 4609/5531/5447 4611/5534/5450 4565/5448/5364
f 4612/5535/5451 4610/5532/5448 4564/5533/5449 4566/5451/5367
f 4565/5448/5364 4611/5534/5450 4612/5535/5451 4566/5451/5367
f 4614/5536/5452 4613/5537/5453 4567/5455/5371 4568/5538/5454
f 4613/5537/5453 4615/5539/5455 4569/5456/5372 4567/5455/5371
f 5790/5540/5456 5590/5541/5457 5623/5542/5458 5791/5543/5459
f 4615/5539/5455 4616/5544/5460 4570/5460/5376 4569/5456/5372
f 5492/5548/5461 6297/5545/5462 6327/5546/5463 6326/5547/5464
f 4616/5544/5460 4618/5549/5465 4572/5466/5382 4570/5460/5376
f 4619/5550/5466 4617/5551/5467 4571/5552/5468 4573/5553/5469
f 4618/5549/5465 4620/5554/5470 4574/5470/5386 4572/5466/5382
f 4621/5555/5471 4619/5550/5466 4573/5553/5469 4575/5556/5472
f 4620/5554/5470 4622/5557/5473 4576/5473/5389 4574/5470/5386
f 4623/5558/5474 4621/5555/5471 4575/5556/5472 4577/5559/5475
f 4622/5557/5473 4624/5560/5476 4578/5476/5393 4576/5473/5389
f 4625/5561/5477 4623/5558/5474 4577/5559/5475 4579/5562/5478
f 4624/5560/5476 4626/5563/5479 4580/5479/5396 4578/5476/5393
f 4627/5564/5480 4625/5561/5477 4579/5562/5478 4581/5565/5481
f 4626/5563/5479 4628/5566/5482 4582/5482/5398 4580/5479/5396
f 4629/5567/5483 4627/5564/5480 4581/5565/5481 4583/5568/5401
f 4582/5482/5398 4628/5566/5482 4630/5569/5484 4584/5485/5402
f 4631/5570/5485 4629/5567/5483 4583/5568/5401 4585/5571/5486
f 4584/5485/5402 4630/5569/5484 4632/5572/5487 4586/5488/5405
f 4633/5573/5488 4631/5570/5485 4585/5571/5486 4587/5574/5489
f 4586/5488/5405 4632/5572/5487 4634/5575/5490 4588/5491/5408
f 4589/5494/5411 4635/5576/5491 4633/5573/5488 4587/5574/5489
f 4634/5575/5490 4635/5576/5491 4589/5494/5411 4588/5491/5408
f 4568/5538/5454 4567/5455/5371 4636/5454/5370 6703/7073/5369
f 4524/5375/5289 4522/5373/5288 4636/5454/5370 4638/5457/5373
f 5591/5458/5374 5590/5541/5457 5790/5540/5456 5792/5459/5375
f 4525/5381/5294 4524/5375/5289 4638/5457/5373 4640/5461/5377
f 5538/5465/5381 5677/5464/5378 5675/5577/5492
f 5492/5548/5461 5538/5465/5381 5675/5577/5492 5536/5578/5493
f 4526/5387/5301 4525/5381/5294 4640/5461/5377 4642/5467/5383
f 4643/5468/5384 4573/5553/5469 4571/5552/5468 4641/5469/5385
f 4528/5390/5304 4526/5387/5301 4642/5467/5383
f 4645/5472/5388 4575/5556/5472 4573/5553/5469 4643/5468/5384
f 4646/5474/5390 4530/5392/5306 4528/5390/5304 4644/5471/5387
f 4647/5475/5391 4577/5559/5475 4575/5556/5472 4645/5472/5388
f 4648/5477/5392 4532/5394/5308 4530/5392/5306 4646/5474/5390
f 4649/5478/5395 4579/5562/5478 4577/5559/5475 4647/5475/5391
f 4650/5480/5394 4534/5396/5310 4532/5394/5308 4648/5477/5392
f 4651/5481/5397 4581/5565/5481 4579/5562/5478 4649/5478/5395
f 4652/5483/5399 4536/5398/5312 4534/5396/5310 4650/5480/5394
f 4583/5568/5401 4581/5565/5481 4651/5481/5397
f 4654/5486/5403 4538/5400/5314 4536/5398/5312 4652/5483/5399
f 4655/5487/5404 4585/5571/5486 4583/5568/5401 4653/5484/5400
f 4656/5489/5406 4540/5402/5316 4538/5400/5314 4654/5486/5403
f 4587/5574/5489 4585/5571/5486 4655/5487/5404 4657/5490/5407
f 4658/5492/5409 4542/5405/5319 4540/5402/5316 4656/5489/5406
f 4589/5494/5411 4587/5574/5489 4657/5490/5407 4659/5493/5410
f 4659/5493/5410 4543/5406/5320 4542/5405/5319 4658/5492/5409
f 5592/5579/5494 6328/5580/5495 3080/5581/5300 5574/5377/5290
f 4677/3995/4094 3233/3998/4095 3100/4009/4108 4667/3994/4093
f 4677/3995/4094 3229/3989/4088 3230/3988/4087 4665/3996/4096
f 4672/4008/4107 3236/4362/4459 3234/3999/4098 4678/4005/4104
f 4678/4005/4104 3234/3999/4098 3232/3992/4091 4667/3994/4093
f 3241/4019/4119 3089/4279/4394 4666/4018/4118 4679/4017/4117
f 3238/4016/4116 3227/3980/4079 4668/3985/4082 4679/4017/4117
f 5662/5582/5496 5678/4162/4273 5539/4161/4272 5612/5583/5497
f 4680/4165/4276 3318/5284/5205 3321/4367/4465 4671/4166/4277
f 3324/4181/4294 3326/4180/4293 4670/4177/4290 4681/4176/4289
f 3325/4179/4292 3121/5403/5317 4669/4186/4299 4681/4176/4289
f 4661/4224/4334 10/4229/4339 15/4228/4338 4662/4225/4335
f 4661/4224/4334 13/4227/4333 3088/3997/4097 4665/3996/4096
f 252/4286/4400 3240/4015/4115 4666/4018/4118 4663/4278/4393
f 255/4280/4395 3129/4178/4291 4670/4177/4290 4663/4278/4393
f 3121/5403/5317 5/4298/4408 4660/4294/4404 4669/4186/4299
f 4662/4225/4335 15/4228/4338 3/4293/4403 4660/4294/4404
f 4664/4344/4441 2971/5376/4440 3152/5382/5295 4673/3987/4086
f 4675/4361/4458 3172/4363/4460 3236/4362/4459 4672/4008/4107
f 4675/4361/4458 3177/4360/4457 3149/4167/4278 4671/4166/4277
f 4693/38/42 90/512/545 6332/5337/5252 6340/35/39
f 4694/158/187 177/5348/5263 88/513/547 4692/155/184
f 4479/171/200 4490/5325/211 4696/178/207
f 4490/5325/211 4485/534/571 4691/181/212
f 4484/5328/388 4492/5327/392 4698/333/385
f 5891/5330/5246 4476/31/35 4682/5584/5498 6351/5585/5499
f 4688/353/406 4482/450/501 4493/5331/5247 4699/350/403
f 4699/350/403 4493/5331/5247 4481/463/510 4687/354/407
f 313/5333/5249 68/5368/5283 4689/399/451 4700/398/450
f 4684/447/498 4478/188/220 4495/448/499 4701/444/495
f 4689/399/451 68/5368/5283 342/5369/5284 4702/464/511
f 4703/510/543 4497/5334/546 4486/156/185
f 4498/533/570 4484/5328/388 4690/332/387
f 6269/5586/5500 6265/5587/5501 6336/36/40 6340/35/39
f 32/5351/5266 177/5348/5263 4694/158/187 4686/5322/5242
f 182/5361/5276 17/5332/5248 4683/5324/5244 4695/5323/5243
f 30/180/210 182/5361/5276 4695/5323/5243 4685/177/209
f 4697/5326/5245 190/5355/5269 32/5351/5266 4686/5322/5242
f 4684/447/498 18/446/497 190/5355/5269 4697/5326/5245
f 4494/397/449 4477/169/198 4683/5324/5244 4700/398/450
f 4688/353/406 64/352/405 334/445/496 4701/444/495
f 4702/464/511 342/5369/5284 55/355/408 4687/354/407
f 390/536/573 87/182/213 4691/181/212
f 4544/5498/5415 6338/5497/5414 6342/5588/5502
f 4728/5589/5503 4544/5498/5415 6342/5588/5502 6341/5408/5322
f 6207/5590/5504 6203/5591/5505 6266/5339/5254 6270/5592/5506
f 4546/5502/5419 4544/5498/5415 4728/5589/5503 4730/5593/5507
f 5950/5594/5508 5946/5595/5509 5892/5596/5259 6352/5597/5510
f 4709/5418/5332 4732/5598/5511 4730/5593/5507 4707/5413/5327
f 4504/5347/5262 4502/5346/5261 4708/5422/5337
f 4711/5423/5338 4734/5599/5512 4732/5598/5511 4709/5418/5332
f 4506/5350/5265 4504/5347/5262 4710/5421/5334 4712/5425/5340
f 4713/5426/5341 4736/5600/5513 4734/5599/5512 4711/5423/5338
f 4508/5353/5268 4506/5350/5265 4712/5425/5340
f 4714/5601/5345 4508/5353/5268 4712/5425/5340 4735/5424/5339
f 4554/5518/5434 4552/5515/5431 4736/5600/5513 4738/5602/5514
f 4510/5356/5271 4508/5353/5268 4714/5601/5345
f 4716/5436/5349 4510/5356/5271 4714/5601/5345 4737/5429/5344
f 4740/5603/5515 4738/5602/5514 4715/5430/5346 4717/5433/5350
f 4512/5358/5273 4510/5356/5271 4716/5436/5349
f 4742/5604/5516 4740/5603/5515 4717/5433/5350 4719/5437/5353
f 4720/5605/5517 4514/5360/5275 4512/5358/5273 4718/5435/5352
f 4744/5606/5518 4560/5527/5442 4558/5524/5439 4742/5604/5516
f 4722/5607/5519 4516/5363/5278 4514/5360/5275 4720/5605/5517
f 4723/5444/5360 4746/5608/5520 4744/5606/5518 4721/5441/5357
f 4724/5609/5521 4518/5365/5280 4516/5363/5278 4722/5607/5519
f 4725/5447/5363 4748/5610/5522 4746/5608/5520 4723/5444/5360
f 4726/5611/5523 4520/5367/5282 4518/5365/5280 4724/5609/5521
f 4727/5450/5366 4750/5452/5368 4748/5610/5522 4725/5447/5363
f 4727/5450/5366 4521/5370/5285 4520/5367/5282 4726/5611/5523
f 6016/5409/5323 4729/5412/5326 4706/5612/5524 6015/5613/5525
f 6144/5614/5526 6143/5615/5527 6078/5616/5528 6079/5617/5529
f 4547/5505/5336 4549/5510/5426 4733/5420/5333
f 4549/5510/5426 4551/5427/5342 4735/5424/5339 4733/5420/5333
f 4555/5431/5347 4557/5438/5354 4741/5434/5351
f 4720/5605/5517 4718/5435/5352 4741/5434/5351 4743/5440/5356
f 4722/5607/5519 4720/5605/5517 4743/5440/5356 4745/5443/5359
f 4747/5446/5362 4724/5609/5521 4722/5607/5519 4745/5443/5359
f 4749/5449/5365 4726/5611/5523 4724/5609/5521 4747/5446/5362
f 4750/5452/5368 4727/5450/5366 4726/5611/5523 4749/5449/5365
f 6341/5408/5322 4705/5407/5321 4728/5589/5503
f 4728/5589/5503 4705/5407/5321 4707/5413/5327 4730/5593/5507
f 4548/5508/5424 4546/5502/5419 4730/5593/5507 4732/5598/5511
f 4550/5512/5428 4548/5508/5424 4732/5598/5511 4734/5599/5512
f 4552/5515/5431 4550/5512/5428 4734/5599/5512 4736/5600/5513
f 4736/5600/5513 4713/5426/5341 4715/5430/5346 4738/5602/5514
f 4740/5603/5515 4556/5521/5436 4554/5518/5434 4738/5602/5514
f 4742/5604/5516 4558/5524/5439 4556/5521/5436 4740/5603/5515
f 4719/5437/5353 4721/5441/5357 4744/5606/5518 4742/5604/5516
f 4746/5608/5520 4562/5530/5445 4560/5527/5442 4744/5606/5518
f 4748/5610/5522 4564/5533/5449 4562/5530/5445 4746/5608/5520
f 4750/5452/5368 4566/5451/5367 4564/5533/5449 4748/5610/5522
f 5056/5618/5530 700/5619/5531 1074/5620/5532 5075/5621/5533
f 5075/5621/5533 1074/5620/5532 395/5622/5534 5039/5623/5535
f 5544/5624/5536 5498/5625/5537 5478/5626/5538 5510/5627/5539
f 5045/5628/5540 5076/5629/5541 1123/5630/5542 528/5631/5543
f 4769/747/809 4768/746/808 4933/5632/5544 4902/5633/5545
f 5077/5634/5546 5045/5628/5540 528/5631/5543 1173/5635/5547
f 4778/835/907 4784/834/906 4934/5636/5548 4907/5637/5549
f 5078/5638/5550 5046/5639/5551 529/5640/5552 1234/5641/5553
f 4794/843/915 4799/842/914 4935/5642/5554 4910/5643/5555
f 4799/842/914 4778/835/907 4907/5637/5549 4935/5642/5554
f 4911/5645/5556 4789/865/938 4791/850/923 4936/5644/5557
f 5080/5649/5558 5054/5646/5559 580/5647/5560 1242/5648/5561
f 4909/5652/5562 4754/5650/5563 4752/866/939 4937/5651/5564
f 4937/5651/5564 4911/5645/5556 4983/5653/5565 5009/5654/5566
f 4766/873/949 4765/872/948 4938/5655/5567 4913/5656/5568
f 5053/5657/5569 545/5658/5570 1255/5659/5571 5082/5660/5572
f 5083/5661/5573 1258/5662/5574 700/5619/5531 5056/5618/5530
f 4939/5663/5575 4913/5656/5568 4985/5664/5576 5011/5665/5577
f 4757/1397/1459 4758/1396/1458 4940/5666/5578 4905/5667/5579
f 4758/1396/1458 4793/560/595 4895/5668/5580 4940/5666/5578
f 5955/5669/5581 5954/5670/5582 6082/5671/5583 6083/5672/5584
f 4941/5676/5585 4802/5673/5586 4801/5674/5587 4917/5675/5588
f 4917/5675/5588 4801/5674/5587 4811/1575/1643 4942/5677/5589
f 5014/5678/5590 4942/5677/5589 4923/5679/5591 4995/5680/5592
f 5067/5681/5593 4995/5680/5592 5015/5682/5594 5087/5683/5595
f 4943/5685/5596 4806/1662/1737 4805/1670/1745 4920/5684/5597
f 5088/5686/5598 1753/5687/5599 893/5688/5600 5064/5689/5601
f 4944/5691/5602 4792/1669/1744 4807/1672/1747 4921/5690/5603
f 4993/5692/5604 4921/5690/5603 4945/5693/5605 5017/5694/5606
f 4945/5693/5605 4809/1679/1754 4808/1681/1756 4922/5695/5607
f 5066/5696/5608 4994/5697/5609 5018/5698/5610 5090/5699/5611
f 4751/5700/5612 4803/5701/5613 4918/5702/5614 4946/5703/5615
f 4803/5701/5613 4764/1701/1778 4947/5704/5616 4918/5702/5614
f 4764/1701/1778 4804/1703/1780 4919/5705/5617 4947/5704/5616
f 4804/1703/1780 4760/1708/1785 4948/5706/5618 4919/5705/5617
f 5049/5707/5619 536/5708/5620 1774/5709/5621
f 5049/5707/5619 1774/5709/5621 5092/5710/5622 4977/5928/5623
f 5047/5711/5624 530/5712/5625 2105/5713/5626 5093/5714/5627
f 4915/5715/5628 4949/5716/5629 5021/5717/5630 4987/5718/5631
f 6211/5719/5632 6209/5720/5633 6017/2287/2356 6019/5721/5634
f 5060/5722/5635 4988/5723/5636 5022/5724/5637 5094/5725/5638
f 4782/2396/2475 4779/2395/2474 4951/5726/5639
f 4929/5727/5640 4782/2396/2475 4951/5726/5639 5023/5950/5641
f 4951/5726/5639 4779/2395/2474 4798/2299/2368 4916/5728/5642
f 4928/5731/5643 4820/2492/2577 4775/5729/5644 4952/5730/5645
f 4775/5729/5644 4782/2396/2475 4929/5727/5640 4952/5730/5645
f 4800/2490/2576 4819/2489/2575 4953/5732/5646 4925/5733/5647
f 4953/5732/5646 4928/5731/5643 5000/5734/5648
f 5025/5735/5649 4953/5732/5646 5000/5734/5648 5097/5930/5650
f 4813/5736/5651 4814/5737/5652 4954/5738/5653 4924/5739/5654
f 4954/5738/5653 4925/5733/5647 4997/5740/5655
f 5026/5741/5656 4954/5738/5653 4997/5740/5655 5069/5933/5657
f 4816/2517/2603 4812/2516/2602 4955/5742/5658 4926/5743/5659
f 5068/5744/5660 932/5745/5661 2269/5746/5662 5099/5747/5663
f 4767/2525/2612 4815/2524/2611 4956/5748/5664 4904/5749/5665
f 4956/5748/5664 4926/5743/5659 4998/5750/5666 5028/5751/5667
f 4903/5752/5668 4957/5753/5669 5029/5754/5670 4975/5755/5671
f 4957/5753/5669 4904/5749/5665 4976/5756/5672 5029/5754/5670
f 4818/3338/3418 4753/3043/3120 4958/5757/5673 4927/5758/5674
f 5059/5759/5675 710/5760/5676 2600/5761/5677 5102/5762/5678
f 5794/5766/5679 5796/5763/5680 5594/5764/5681 5624/5765/5682
f 4959/5770/5683 4781/5767/5684 4776/5768/5685 4908/5769/5686
f 5104/5771/5687 2672/5772/5688 544/5773/5689 5052/5774/5690
f 4960/5778/5691 4774/5775/5692 4773/5776/5693 4900/5777/5694
f 4900/5777/5694 4773/5776/5693 4772/3292/3370 4961/5779/5695
f 5105/5783/5696 5042/5780/5697 524/5781/5698 2733/5782/5699
f 4898/5784/5700 4962/5785/5701 5034/5786/5702 4970/5787/5703
f 5106/5791/5704 5043/5788/5705 525/5789/5706 2737/5790/5707
f 5043/5788/5705 5107/5792/5708 2741/5793/5709 525/5789/5706
f 5107/5792/5708 5041/5794/5710 443/5795/5711 2741/5793/5709
f 5041/5794/5710 5108/5796/5712 2749/5797/5713 443/5795/5711
f 4964/5798/5714 4930/5799/5715 5002/5800/5716 5036/5801/5717
f 4821/3324/3405 4786/5802/5718 4965/5803/5719 4930/5799/5715
f 4965/5803/5719 4896/5804/5720 4968/5805/5721 5037/5806/5722
f 4777/3337/3417 4817/3336/3416 4966/5807/5723 4896/5804/5720
f 5071/5809/5724 942/5810/5725 5110/5808/5726 5038/5908/5727
f 942/5810/5725 2757/5811/5728 5110/5808/5726
f 4824/554/589 4762/5812/5729 4788/559/594 4823/551/586
f 4825/561/596 1077/557/592 1073/552/587 4823/551/586
f 5680/5813/5730 5541/5814/5731 5540/5815/5732 5679/5816/5733
f 4756/5817/5734 4755/5818/5735 4828/644/692 4826/643/691
f 1172/741/803 1170/740/802 4829/745/807 4830/744/806
f 4755/5818/5735 4768/746/808 4829/745/807 4828/644/692
f 1233/829/901 1231/828/900 4831/833/905 4832/832/904
f 1231/828/900 1172/741/803 4830/744/806 4831/833/905
f 1237/837/909 1235/836/908 4833/841/913 4834/840/912
f 1235/836/908 1233/829/901 4832/832/904 4833/841/913
f 4791/850/923 4789/865/938 4836/849/922 4835/848/921
f 1239/844/916 1237/837/909 4834/840/912 4835/848/921
f 4752/866/939 4754/5650/5563 4838/864/937 4837/863/936
f 1248/859/932 1241/845/917 4836/849/922 4837/863/936
f 1252/868/943 4839/871/947 4840/874/944
f 4838/864/937 4754/5650/5563 4765/872/948 4839/871/947
f 4841/877/953 4761/5819/5736 4762/5812/5729 4824/554/589
f 4840/874/944 4766/873/949 4761/5819/5736 4841/877/953
f 4843/1398/1460 1603/1393/1455 1601/1391/1453 4842/1395/1457
f 4825/561/596 4793/560/595 4758/1396/1458 4842/1395/1457
f 6081/5820/5737 6080/5821/5738 5952/5822/5739 5953/1459/1519
f 4845/1464/1524 4801/5674/5587 4802/5673/5586 4844/1463/1523
f 4847/1574/1642 4811/1575/1643 4801/5674/5587 4845/1464/1524
f 4847/1574/1642 1687/1573/1641 1689/1580/1648 4848/1576/1644
f 4848/1576/1644 1689/1580/1648 1748/1663/1738 4849/1661/1736
f 4850/1665/1740 4805/1670/1745 4806/1662/1737 4849/1661/1736
f 4850/1665/1740 1750/1664/1739 1752/1673/1750 4851/1668/1743
f 4851/1668/1743 1752/1673/1750 1754/1676/1751 4852/1671/1746
f 4853/1678/1753 4809/1679/1754 4807/1672/1747 4852/1671/1746
f 4853/1678/1753 1756/1677/1752 1758/1684/1759 4854/1680/1755
f 4855/1694/1770 4751/5700/5612 4808/1681/1756 4854/1680/1755
f 4856/1696/1772 4803/5701/5613 4751/5700/5612 4855/1694/1770
f 4857/1700/1777 4764/1701/1778 4803/5701/5613 4856/1696/1772
f 4857/1700/1777 1769/1699/1776 1771/1706/1783 4858/1702/1779
f 4858/1702/1779 1771/1706/1783 1773/1709/1786 4859/1707/1784
f 4843/1398/1460 4757/1397/1459 4760/1708/1785 4859/1707/1784
f 2104/2211/2273 2106/2210/2272 4861/2207/2270 4860/2206/2269
f 2108/2214/2277 2104/2211/2273 4860/2206/2269 4862/2217/2280
f 6210/5823/5740 6273/5824/5741 6232/2291/2360 6168/5825/5742
f 2155/2295/2364 2152/2292/2361 4863/2297/2366 4864/2300/2369
f 4866/2397/2472 2191/2392/2470 2189/2391/2469 4865/2394/2473
f 2189/2391/2469 2155/2295/2364 4864/2300/2369 4865/2394/2473
f 4775/5729/5644 4820/2492/2577 4868/2482/2567 4867/2483/2568
f 4782/2396/2475 4775/5729/5644 4867/2483/2568 4866/2397/2472
f 4870/2491/2573 2256/2486/2571 2254/2485/2570 4869/2488/2574
f 4869/2488/2574 2254/2485/2570 2252/2480/2565 4868/2482/2567
f 4814/5737/5652 4813/5736/5651 4872/2498/2583 4871/2497/2582
f 4800/2490/2576 4814/5737/5652 4871/2497/2582 4870/2491/2573
f 4873/2515/2600 4874/2518/2604 2268/2512/2597
f 4872/2498/2583 4813/5736/5651 4812/2516/2602 4873/2515/2600
f 2270/2520/2607 4875/2523/2610 4876/2526/2608
f 2270/2520/2607 2268/2512/2597 4874/2518/2604 4875/2523/2610
f 4771/5826/5743 4770/2208/2271 4861/2207/2270 4877/2529/2614
f 4767/2525/2612 4771/5826/5743 4877/2529/2614 4876/2526/2608
f 4753/3043/3120 4818/3338/3418 4879/3042/3119 4878/3041/3118
f 2597/3037/3114 2108/2214/2277 4862/2217/2280 4878/3041/3118
f 5795/5827/5744 5794/5766/5679 5624/5765/5682 5593/5828/5745
f 4881/3102/3178 4776/5768/5685 4781/5767/5684 4880/3101/3177
f 4882/3203/3282 4774/5775/5692 4776/5768/5685 4881/3102/3178
f 4883/3205/3284 4773/5776/5693 4774/5775/5692 4882/3203/3282
f 4884/3289/3367 4772/3292/3370 4773/5776/5693 4883/3205/3284
f 2732/3288/3366 2734/3293/3371 4885/3290/3368 4884/3289/3367
f 4797/5829/5746 4796/3291/3369 4885/3290/3368 4886/3297/3375
f 4787/5830/5747 4797/5829/5746 4886/3297/3375 4887/3299/3377
f 4790/5831/5748 4787/5830/5747 4887/3299/3377 4888/3303/3381
f 4889/3305/3383 4780/5832/5749 4790/5831/5748 4888/3303/3381
f 4890/3322/3403 4822/3325/3406 4780/5832/5749 4889/3305/3383
f 2748/3321/3402 2750/3328/3408 4891/3323/3404 4890/3322/3403
f 4786/5802/5718 4821/3324/3405 4891/3323/3404 4892/3330/3410
f 4777/3337/3417 4786/5802/5718 4892/3330/3410 4893/3332/3412
f 2754/3331/3411 2756/3339/3419 4894/3335/3415 4893/3332/3412
f 2756/3339/3419 2599/3039/3116 4879/3042/3119 4894/3335/3415
f 4788/559/594 4762/5812/5729 4912/5833/5750 4931/5834/5751
f 4793/560/595 4788/559/594 4931/5834/5751 4895/5668/5580
f 5497/5835/5752 5542/5836/5753 5540/5837/5732 5495/5838/5754
f 4755/5818/5735 4756/5817/5734 4932/5839/5755 4901/5840/5756
f 1173/5635/5547 529/5640/5552 5046/5639/5551 5077/5634/5546
f 4768/746/808 4755/5818/5735 4901/5840/5756 4933/5632/5544
f 5006/5841/5757 4979/5842/5758 4907/5637/5549 4934/5636/5548
f 4784/834/906 4769/747/809 4902/5633/5545 4934/5636/5548
f 1238/5843/5759 580/5647/5560 5054/5646/5559 5079/5844/5760
f 4979/5842/5758 5007/5845/5761 4935/5642/5554 4907/5637/5549
f 5080/5649/5558 5055/5846/5762 4983/5653/5565 5008/5847/5763
f 4791/850/923 4794/843/915 4910/5643/5555 4936/5644/5557
f 4937/5651/5564 5009/5654/5566 4981/5848/5764 4909/5652/5562
f 4937/5651/5564 4752/866/939 4789/865/938 4911/5645/5556
f 5010/5849/5765 4985/5664/5576 4913/5656/5568 4938/5655/5567
f 4765/872/948 4754/5650/5563 4909/5652/5562 4938/5655/5567
f 4762/5812/5729 4761/5819/5736 4939/5663/5575 4912/5833/5750
f 4761/5819/5736 4766/873/949 4913/5656/5568 4939/5663/5575
f 5084/5850/5766 1604/5851/5767 536/5708/5620 5049/5707/5619
f 4895/5668/5580 4967/5852/5768 5012/5853/5769 4940/5666/5578
f 6147/5855/5770 6145/5854/5771 4802/5673/5586 4941/5676/5585
f 4989/5856/5772 5061/5857/5773 5085/5858/5774 5013/5859/5775
f 5086/5860/5776 1688/5861/5777 717/5862/5778 5061/5857/5773
f 4942/5677/5589 4811/1575/1643 4810/1577/1645 4923/5679/5591
f 4923/5679/5591 4810/1577/1645 4806/1662/1737 4943/5685/5596
f 4920/5684/5597 4992/5863/5779 5015/5682/5594 4943/5685/5596
f 4920/5684/5597 4805/1670/1745 4792/1669/1744 4944/5691/5602
f 5065/5864/5780 895/5865/5781 1753/5687/5599 5088/5686/5598
f 4921/5690/5603 4807/1672/1747 4809/1679/1754 4945/5693/5605
f 4922/5695/5607 4994/5697/5609 5017/5694/5606 4945/5693/5605
f 4808/1681/1756 4751/5700/5612 4946/5703/5615 4922/5695/5607
f 4918/5702/5614 4990/5866/5782 5018/5698/5610 4946/5703/5615
f 5091/5867/5783 1770/5868/5784 884/5869/5785 5062/5870/5786
f 5063/5871/5787 885/5872/5788 1770/5868/5784 5091/5867/5783
f 4948/5706/5618 5020/5873/5789 4991/5874/5790 4919/5705/5617
f 4760/1708/1785 4757/1397/1459 4905/5667/5579
f 4948/5706/5618 4760/1708/1785 5020/5873/5789
f 5020/5873/5789 4760/1708/1785 4905/5667/5579 5092/5710/5622
f 4763/2209/2268 4770/2208/2271 4903/5752/5668 4949/5716/5629
f 4759/2216/2279 4763/2209/2268 4949/5716/5629 4915/5715/5628
f 6019/5721/5634 4914/5875/5791 4986/5876/5792 6020/5877/5793
f 4916/5728/5642 4798/2299/2368 4795/2298/2367 4950/5878/5794
f 5095/5882/5795 2192/5879/5796 1059/5880/5797 5073/5881/5798
f 5060/5722/5635 712/5883/5799 2192/5879/5796 5095/5882/5795
f 5024/5884/5800 5000/5734/5648 4928/5731/5643 4952/5730/5645
f 5001/5885/5801 5024/5884/5800 4952/5730/5645 4929/5727/5640
f 5025/5735/5649 4997/5740/5655 4925/5733/5647 4953/5732/5646
f 4819/2489/2575 4820/2492/2577 4928/5731/5643 4953/5732/5646
f 5098/5886/5802 5068/5744/5660 4996/5887/5803 5026/5741/5656
f 4814/5737/5652 4800/2490/2576 4925/5733/5647 4954/5738/5653
f 5027/5888/5804 4998/5750/5666 4926/5743/5659 4955/5742/5658
f 4812/2516/2602 4813/5736/5651 4924/5739/5654 4955/5742/5658
f 2273/5889/5805 532/5890/5806 5048/5891/5807
f 5100/5892/5808 2273/5889/5805 5048/5891/5807 4976/5756/5672
f 4815/2524/2611 4816/2517/2603 4926/5743/5659 4956/5748/5664
f 4770/2208/2271 4771/5826/5743 4957/5753/5669 4903/5752/5668
f 4771/5826/5743 4767/2525/2612 4904/5749/5665 4957/5753/5669
f 5030/5893/5809 4999/5894/5810 4927/5758/5674 4958/5757/5673
f 4753/3043/3120 4759/2216/2279 4915/5715/5628 4958/5757/5673
f 4959/5770/5683 5031/5895/5811 5860/5896/5812 5859/5897/5813
f 4980/5898/5814 5052/5774/5690 5103/5899/5815 5031/5895/5811
f 4908/5769/5686 4776/5768/5685 4774/5775/5692 4960/5778/5691
f 4900/5777/5694 4972/5900/5816 5032/5901/5817 4960/5778/5691
f 4961/5779/5695 5033/5902/5818 4972/5900/5816 4900/5777/5694
f 4961/5779/5695 4772/3292/3370 4796/3291/3369 4898/5784/5700
f 4796/3291/3369 4797/5829/5746 4962/5785/5701 4898/5784/5700
f 4797/5829/5746 4787/5830/5747 4899/5903/5819 4962/5785/5701
f 4899/5903/5819 4787/5830/5747 4790/5831/5748 4963/5904/5820
f 4963/5904/5820 4790/5831/5748 4780/5832/5749 4897/5905/5821
f 4780/5832/5749 4822/3325/3406 4964/5798/5714 4897/5905/5821
f 4822/3325/3406 4821/3324/3405 4930/5799/5715 4964/5798/5714
f 5109/5906/5822 5074/5907/5823 5002/5800/5716 5037/5806/5722
f 4786/5802/5718 4777/3337/3417 4896/5804/5720 4965/5803/5719
f 5038/5908/5727 4968/5805/5721 4896/5804/5720 4966/5807/5723
f 4817/3336/3416 4818/3338/3418 4927/5758/5674 4966/5807/5723
f 5003/5910/5824 4931/5834/5751 4912/5833/5750 4984/5909/5825
f 4967/5852/5768 4895/5668/5580 4931/5834/5751 5003/5910/5824
f 5543/5911/5826 5682/5912/5827 5681/5913/5828 5542/5836/5753
f 4901/5840/5756 4932/5839/5755 5004/5914/5829 4973/5915/5830
f 4933/5632/5544 4901/5840/5756 4973/5915/5830 5005/5916/5831
f 4934/5636/5548 4902/5633/5545 4974/5917/5832 5006/5841/5757
f 4936/5644/5557 4910/5643/5555 4982/5918/5833 5008/5847/5763
f 5055/5846/5762 5081/5919/5834 5009/5654/5566 4983/5653/5565
f 4938/5655/5567 4909/5652/5562 4981/5848/5764 5010/5849/5765
f 4912/5833/5750 4939/5663/5575 5011/5665/5577 4984/5909/5825
f 5057/5921/5835 702/5920/5836 1258/5662/5574 5083/5661/5573
f 5895/5924/5837 5896/5922/5838 5058/5923/5839 4986/5876/5792
f 5067/5681/5593 903/5925/5840 1688/5861/5777 5086/5860/5776
f 4995/5680/5592 4923/5679/5591 4943/5685/5596 5015/5682/5594
f 4992/5863/5779 4920/5684/5597 4944/5691/5602 5016/5926/5841
f 5017/5694/5606 5089/5927/5842 5065/5864/5780 4993/5692/5604
f 4994/5697/5609 4922/5695/5607 4946/5703/5615 5018/5698/5610
f 4977/5928/5623 5092/5710/5622 4905/5667/5579
f 4949/5716/5629 4903/5752/5668 4975/5755/5671 5021/5717/5630
f 5059/5759/5675 4987/5718/5631 5093/5714/5627 710/5760/5676
f 5093/5714/5627 4987/5718/5631 5021/5717/5630
f 4988/5723/5636 4916/5728/5642 4950/5878/5794 5022/5724/5637
f 5072/5929/5843 944/5973/5844 5097/5930/5650 5000/5734/5648
f 937/5931/5845 2261/5932/5846 5098/5886/5802
f 5026/5741/5656 5069/5933/5657 937/5931/5845 5098/5886/5802
f 4955/5742/5658 4924/5739/5654 4996/5887/5803
f 5027/5888/5804 4955/5742/5658 4996/5887/5803 5068/5744/5660
f 5070/5934/5847 5100/5892/5808 5028/5751/5667 4998/5750/5666
f 5029/5754/5670 5101/5935/5848 5047/5711/5624 4975/5755/5671
f 532/5890/5806 2276/5936/5849 5101/5935/5848 5048/5891/5807
f 4958/5757/5673 4915/5715/5628 4987/5718/5631 5030/5893/5809
f 4980/5898/5814 4908/5769/5686 4960/5778/5691 5032/5901/5817
f 4961/5779/5695 4898/5784/5700 4970/5787/5703 5033/5902/5818
f 5106/5791/5704 5042/5780/5697 4970/5787/5703 5034/5786/5702
f 4962/5785/5701 4899/5903/5819 4971/5937/5850 5034/5786/5702
f 4899/5903/5819 4963/5904/5820 5035/5938/5851 4971/5937/5850
f 4963/5904/5820 4897/5905/5821 4969/5939/5852 5035/5938/5851
f 4897/5905/5821 4964/5798/5714 5036/5801/5717 4969/5939/5852
f 5036/5801/5717 5074/5907/5823 5108/5796/5712 4969/5939/5852
f 5036/5801/5717 5002/5800/5716 5074/5907/5823
f 396/5940/5853 2753/5941/5854 5109/5906/5822 5040/5942/5855
f 4966/5807/5723 4927/5758/5674 4999/5894/5810 5038/5908/5727
f 4902/5633/5545 4933/5632/5544 5005/5916/5831 4974/5917/5832
f 1234/5641/5553 541/5943/5856 5051/5944/5857 5078/5638/5550
f 4910/5643/5555 4935/5642/5554 5007/5845/5761 4982/5918/5833
f 541/5943/5856 1238/5843/5759 5079/5844/5760 5051/5944/5857
f 4911/5645/5556 4936/5644/5557 5008/5847/5763 4983/5653/5565
f 5009/5654/5566 5081/5919/5834 5053/5657/5569 4981/5848/5764
f 5082/5660/5572 1255/5659/5571 702/5920/5836 5057/5921/5835
f 4977/5928/5623 4905/5667/5579 4940/5666/5578 5012/5853/5769
f 5039/5623/5535 395/5622/5534 1604/5851/5767 5084/5850/5766
f 5013/5859/5775 4941/5676/5585 4917/5675/5588 4989/5856/5772
f 4989/5856/5772 4917/5675/5588 4942/5677/5589 5014/5678/5590
f 5064/5689/5601 893/5688/5600 1749/5945/5858 5087/5683/5595
f 5016/5926/5841 4944/5691/5602 4921/5690/5603 4993/5692/5604
f 4994/5697/5609 5066/5696/5608 5089/5927/5842 5017/5694/5606
f 4990/5866/5782 5062/5870/5786 5090/5699/5611 5018/5698/5610
f 4990/5866/5782 4918/5702/5614 4947/5704/5616 5019/5946/5859
f 5019/5946/5859 4947/5704/5616 4919/5705/5617 4991/5874/5790
f 5020/5873/5789 5092/5710/5622 5063/5871/5787 4991/5874/5790
f 6020/5877/5793 6021/5947/5860 6213/5948/5861 6212/5949/5862
f 5001/5885/5801 4929/5727/5640 5023/5950/5641 5073/5881/5798
f 5023/5950/5641 4951/5726/5639 4916/5728/5642 4988/5723/5636
f 5024/5884/5800 5096/5951/5863 5072/5929/5843 5000/5734/5648
f 5001/5885/5801 5073/5881/5798 5096/5951/5863 5024/5884/5800
f 5097/5930/5650 2257/5974/5864 5069/5933/5657 5025/5735/5649
f 5069/5933/5657 4997/5740/5655 5025/5735/5649
f 4924/5739/5654 4954/5738/5653 5026/5741/5656 4996/5887/5803
f 5070/5934/5847 4998/5750/5666 5099/5747/5663 2269/5746/5662
f 5099/5747/5663 4998/5750/5666 5027/5888/5804 5068/5744/5660
f 4904/5749/5665 4956/5748/5664 5028/5751/5667
f 4976/5756/5672 4904/5749/5665 5028/5751/5667 5100/5892/5808
f 2600/5761/5677 942/5810/5725 5071/5809/5724
f 5102/5762/5678 2600/5761/5677 5071/5809/5724 4999/5894/5810
f 5596/5955/5865 5595/5952/5866 5797/5953/5867 5798/5954/5868
f 5031/5895/5811 4959/5770/5683 4908/5769/5686 4980/5898/5814
f 5044/5956/5869 526/5957/5870 2672/5772/5688 5104/5771/5687
f 5105/5783/5696 2733/5782/5699 526/5957/5870 5044/5956/5869
f 4930/5799/5715 4965/5803/5719 5037/5806/5722 5002/5800/5716
f 5110/5808/5726 5040/5942/5855 4968/5805/5721 5038/5908/5727
f 5075/5621/5533 5003/5910/5824 4984/5909/5825 5056/5618/5530
f 5039/5623/5535 4967/5852/5768 5003/5910/5824 5075/5621/5533
f 6487/5958/5871 4978/5959/5872 5050/5960/5873 5498/5961/5537
f 4973/5915/5830 5004/5914/5829 5076/5629/5541 5045/5628/5540
f 5005/5916/5831 4973/5915/5830 5045/5628/5540 5077/5634/5546
f 5006/5841/5757 4974/5917/5832 5046/5639/5551 5078/5638/5550
f 5008/5847/5763 4982/5918/5833 5054/5646/5559 5080/5649/5558
f 5082/5660/5572 5010/5849/5765 4981/5848/5764 5053/5657/5569
f 5056/5618/5530 4984/5909/5825 5011/5665/5577 5083/5661/5573
f 5087/5683/5595 1749/5945/5858 903/5925/5840 5067/5681/5593
f 5064/5689/5601 4992/5863/5779 5016/5926/5841 5088/5686/5598
f 5090/5699/5611 1766/5962/5874 898/5963/5875 5066/5696/5608
f 5021/5717/5630 4975/5755/5671 5047/5711/5624 5093/5714/5627
f 5094/5725/5638 2153/5964/5876 712/5883/5799 5060/5722/5635
f 5030/5893/5809 4987/5718/5631 5059/5759/5675 5102/5762/5678
f 5052/5774/5690 4980/5898/5814 5032/5901/5817 5104/5771/5687
f 5033/5902/5818 4970/5787/5703 5042/5780/5697 5105/5783/5696
f 5034/5786/5702 4971/5937/5850 5043/5788/5705 5106/5791/5704
f 4971/5937/5850 5035/5938/5851 5107/5792/5708 5043/5788/5705
f 5035/5938/5851 4969/5939/5852 5041/5794/5710 5107/5792/5708
f 5108/5796/5712 5041/5794/5710 4969/5939/5852
f 5038/5908/5727 4999/5894/5810 5071/5809/5724
f 4974/5917/5832 5005/5916/5831 5077/5634/5546 5046/5639/5551
f 4982/5918/5833 5007/5845/5761 5079/5844/5760 5054/5646/5559
f 1242/5648/5561 583/5965/5877 5055/5846/5762 5080/5649/5558
f 5049/5707/5619 4977/5928/5623 5012/5853/5769 5084/5850/5766
f 5061/5857/5773 717/5862/5778 1643/5966/5878 5085/5858/5774
f 5061/5857/5773 4989/5856/5772 5014/5678/5590 5086/5860/5776
f 5088/5686/5598 5016/5926/5841 4993/5692/5604 5065/5864/5780
f 5062/5870/5786 4990/5866/5782 5019/5946/5859 5091/5867/5783
f 5091/5867/5783 5019/5946/5859 4991/5874/5790 5063/5871/5787
f 5095/5882/5795 5073/5881/5798 5023/5950/5641 4988/5723/5636
f 4988/5723/5636 5060/5722/5635 5095/5882/5795
f 5098/5886/5802 2261/5932/5846 932/5745/5661 5068/5744/5660
f 5052/5774/5690 544/5773/5689 2637/5967/5879 5103/5899/5815
f 2753/5941/5854 1064/5968/5880 5074/5907/5823 5109/5906/5822
f 583/5965/5877 1251/5969/5881 5081/5919/5834 5055/5846/5762
f 5083/5661/5573 5011/5665/5577 4985/5664/5576 5057/5921/5835
f 5896/5922/5838 5871/5970/5882 708/5971/5883 5058/5923/5839
f 5086/5860/5776 5014/5678/5590 4995/5680/5592 5067/5681/5593
f 5089/5927/5842 1757/5972/5884 895/5865/5781 5065/5864/5780
f 2105/5713/5626 710/5760/5676 5093/5714/5627
f 944/5973/5844 2257/5974/5864 5097/5930/5650
f 5070/5934/5847 939/5975/5885 2273/5889/5805 5100/5892/5808
f 2276/5936/5849 530/5712/5625 5047/5711/5624 5101/5935/5848
f 5101/5935/5848 5029/5754/5670 4976/5756/5672 5048/5891/5807
f 2737/5790/5707 524/5781/5698 5042/5780/5697 5106/5791/5704
f 1064/5968/5880 2749/5797/5713 5108/5796/5712 5074/5907/5823
f 5037/5806/5722 4968/5805/5721 5040/5942/5855 5109/5906/5822
f 4979/5842/5758 5006/5841/5757 5078/5638/5550 5051/5944/5857
f 5007/5845/5761 4979/5842/5758 5051/5944/5857 5079/5844/5760
f 5081/5919/5834 1251/5969/5881 545/5658/5570 5053/5657/5569
f 5057/5921/5835 4985/5664/5576 5010/5849/5765 5082/5660/5572
f 5084/5850/5766 5012/5853/5769 4967/5852/5768 5039/5623/5535
f 5087/5683/5595 5015/5682/5594 4992/5863/5779 5064/5689/5601
f 5066/5696/5608 898/5963/5875 1757/5972/5884 5089/5927/5842
f 5062/5870/5786 884/5869/5785 1766/5962/5874 5090/5699/5611
f 5092/5710/5622 1774/5709/5621 885/5872/5788 5063/5871/5787
f 6021/5947/5860 5972/5976/5886 6169/5977/5887 6213/5948/5861
f 2253/5978/5888 944/5973/5844 5072/5929/5843 5096/5951/5863
f 1059/5880/5797 2253/5978/5888 5096/5951/5863 5073/5881/5798
f 2257/5974/5864 937/5931/5845 5069/5933/5657
f 2269/5746/5662 939/5975/5885 5070/5934/5847
f 4999/5894/5810 5030/5893/5809 5102/5762/5678
f 5596/5955/5865 5560/5979/5889 538/5980/5890 5050/5960/5873
f 5104/5771/5687 5032/5901/5817 4972/5900/5816 5044/5956/5869
f 5044/5956/5869 4972/5900/5816 5033/5902/5818 5105/5783/5696
f 2757/5811/5728 396/5940/5853 5040/5942/5855 5110/5808/5726
f 700/5619/5531 5112/5981/5891 5111/5982/5892 1074/5620/5532
f 1074/5620/5532 5111/5982/5892 5113/5983/5893 395/5622/5534
f 5114/5984/5894 5112/5981/5891 700/5619/5531 1258/5662/5574
f 395/5622/5534 5113/5983/5893 5115/5985/5895 1604/5851/5767
f 5116/5986/5896 5114/5984/5894 1258/5662/5574 702/5920/5836
f 5115/5985/5895 5117/5987/5897 536/5708/5620 1604/5851/5767
f 1255/5659/5571 5118/5988/5898 5116/5986/5896 702/5920/5836
f 5117/5987/5897 5119/5989/5899 1774/5709/5621 536/5708/5620
f 545/5658/5570 5120/5990/5900 5118/5988/5898 1255/5659/5571
f 5119/5989/5899 5121/5991/5901 885/5872/5788 1774/5709/5621
f 1251/5969/5881 5122/5992/5902 5120/5990/5900 545/5658/5570
f 5121/5991/5901 5123/5993/5903 1770/5868/5784 885/5872/5788
f 5124/5994/5904 5122/5992/5902 1251/5969/5881 583/5965/5877
f 5123/5993/5903 5125/5995/5905 884/5869/5785 1770/5868/5784
f 1242/5648/5561 5126/5996/5906 5124/5994/5904 583/5965/5877
f 5125/5995/5905 5127/5997/5907 1766/5962/5874 884/5869/5785
f 580/5647/5560 5128/5998/5908 5126/5996/5906 1242/5648/5561
f 1766/5962/5874 5127/5997/5907 5129/5999/5909 898/5963/5875
f 1238/5843/5759 5130/6000/5910 5128/5998/5908 580/5647/5560
f 5129/5999/5909 5131/6001/5911 1757/5972/5884 898/5963/5875
f 541/5943/5856 5132/6002/5912 5130/6000/5910 1238/5843/5759
f 5131/6001/5911 5133/6003/5913 895/5865/5781 1757/5972/5884
f 1234/5641/5553 5134/6004/5914 5132/6002/5912 541/5943/5856
f 895/5865/5781 5133/6003/5913 5135/6005/5915 1753/5687/5599
f 5136/6006/5916 5134/6004/5914 1234/5641/5553 529/5640/5552
f 1753/5687/5599 5135/6005/5915 5137/6007/5917 893/5688/5600
f 5138/6008/5918 5136/6006/5916 529/5640/5552 1173/5635/5547
f 5137/6007/5917 5139/6009/5919 1749/5945/5858 893/5688/5600
f 528/5631/5543 5140/6010/5920 5138/6008/5918 1173/5635/5547
f 1749/5945/5858 5139/6009/5919 5141/6011/5921 903/5925/5840
f 5142/6012/5922 5140/6010/5920 528/5631/5543 1123/5630/5542
f 903/5925/5840 5141/6011/5921 5143/6013/5923 1688/5861/5777
f 5478/6014/5538 538/5980/5890 5144/6015/5924 6488/6016/5925
f 5143/6013/5923 5145/6017/5926 717/5862/5778 1688/5861/5777
f 5597/6018/5927 5560/5979/5889 5748/6019/5928 5799/6020/5929
f 5145/6017/5926 5147/6021/5930 1643/5966/5878 717/5862/5778
f 544/5773/5689 5148/6022/5931 5146/6023/5932 2637/5967/5879
f 6042/6024/5933 6085/6025/5934 5957/6026/5935 5914/6027/5936
f 2672/5772/5688 5150/6028/5937 5148/6022/5931 544/5773/5689
f 5972/5976/5886 708/5971/5883 5149/6029/5938 6022/6030/5939
f 5152/6031/5940 5150/6028/5937 2672/5772/5688 526/5957/5870
f 5151/6032/5941 5153/6033/5942 712/5883/5799 2153/5964/5876
f 2733/5782/5699 5154/6034/5943 5152/6031/5940 526/5957/5870
f 5153/6033/5942 5155/6035/5944 2192/5879/5796 712/5883/5799
f 5156/6036/5945 5154/6034/5943 2733/5782/5699 524/5781/5698
f 2192/5879/5796 5155/6035/5944 5157/6037/5946 1059/5880/5797
f 2737/5790/5707 5158/6038/5947 5156/6036/5945 524/5781/5698
f 1059/5880/5797 5157/6037/5946 5159/6039/5948 2253/5978/5888
f 5160/6040/5949 5158/6038/5947 2737/5790/5707 525/5789/5706
f 2253/5978/5888 5159/6039/5948 5161/6041/5950 944/5973/5844
f 2741/5793/5709 5162/6042/5951 5160/6040/5949 525/5789/5706
f 5161/6041/5950 5163/6043/5952 2257/5974/5864 944/5973/5844
f 443/5795/5711 5164/6044/5953 5162/6042/5951 2741/5793/5709
f 2257/5974/5864 5163/6043/5952 5165/6045/5954 937/5931/5845
f 2749/5797/5713 5166/6046/5955 5164/6044/5953 443/5795/5711
f 5165/6045/5954 5167/6047/5956 2261/5932/5846 937/5931/5845
f 1064/5968/5880 5168/6048/5957 5166/6046/5955 2749/5797/5713
f 5167/6047/5956 5169/6049/5958 932/5745/5661 2261/5932/5846
f 2753/5941/5854 5170/6050/5959 5168/6048/5957 1064/5968/5880
f 5169/6049/5958 5171/6051/5960 2269/5746/5662 932/5745/5661
f 396/5940/5853 5172/6052/5961 5170/6050/5959 2753/5941/5854
f 5171/6051/5960 5173/6053/5962 939/5975/5885 2269/5746/5662
f 2757/5811/5728 5174/6054/5963 5172/6052/5961 396/5940/5853
f 5173/6053/5962 5175/6055/5964 2273/5889/5805 939/5975/5885
f 5176/6056/5965 5174/6054/5963 2757/5811/5728 942/5810/5725
f 5175/6055/5964 5177/6057/5966 532/5890/5806 2273/5889/5805
f 5178/6058/5967 5176/6056/5965 942/5810/5725 2600/5761/5677
f 5177/6057/5966 5179/6059/5968 2276/5936/5849 532/5890/5806
f 5180/6060/5969 5178/6058/5967 2600/5761/5677 710/5760/5676
f 5179/6059/5968 5181/6061/5970 530/5712/5625 2276/5936/5849
f 5182/6062/5971 5180/6060/5969 710/5760/5676 2105/5713/5626
f 5181/6061/5970 5182/6062/5971 2105/5713/5626 530/5712/5625
f 5112/5981/5891 5400/6063/5972 5399/6064/5973 5111/5982/5892
f 5327/6068/5974 5183/6065/5975 5185/6066/5976 5329/6067/5977
f 5114/5984/5894 5402/6069/5978 5400/6063/5972 5112/5981/5891
f 5185/6066/5976 5187/6070/5979 5331/6071/5980 5329/6067/5977
f 5116/5986/5896 5404/6072/5981 5402/6069/5978 5114/5984/5894
f 5187/6070/5979 5189/6073/5982 5333/6074/5983 5331/6071/5980
f 5118/5988/5898 5406/6075/5984 5404/6072/5981 5116/5986/5896
f 5189/6073/5982 5191/6076/5985 5335/6077/5986 5333/6074/5983
f 5120/5990/5900 5408/6078/5987 5406/6075/5984 5118/5988/5898
f 5191/6076/5985 5193/6079/5988 5335/6077/5986
f 5335/6077/5986 5193/6079/5988 5337/6080/5989 5409/6324/5990
f 5410/6083/5991 5338/6081/5992 5336/6082/5993 5408/6078/5987
f 5193/6079/5988 5195/6084/5994 5337/6080/5989
f 5337/6080/5989 5195/6084/5994 5339/6085/5995 5411/6325/5996
f 5412/6086/5997 5340/6087/5998 5338/6081/5992 5410/6083/5991
f 5195/6084/5994 5197/6088/5999 5339/6085/5995
f 5339/6085/5995 5197/6088/5999 5341/6089/6000 5413/6326/6001
f 5414/6091/6002 5342/6090/6003 5340/6087/5998 5412/6086/5997
f 5341/6089/6000 5197/6088/5999 5199/6092/6004 5343/6093/6005
f 5344/6094/6006 5342/6090/6003 5414/6091/6002
f 5344/6094/6006 5414/6091/6002 5416/6095/6007 5346/6329/6008
f 5199/6092/6004 5201/6096/6009 5345/6097/6010 5343/6093/6005
f 5130/6000/5910 5418/6098/6011 5416/6095/6007 5128/5998/5908
f 5201/6096/6009 5203/6099/6012 5347/6100/6013 5345/6097/6010
f 5132/6002/5912 5420/6101/6014 5418/6098/6011 5130/6000/5910
f 5347/6100/6013 5203/6099/6012 5205/6102/6015 5349/6103/6016
f 5134/6004/5914 5422/6104/6017 5420/6101/6014 5132/6002/5912
f 5349/6103/6016 5205/6102/6015 5207/6105/6018 5351/6106/6019
f 5136/6006/5916 5424/6107/6020 5422/6104/6017 5134/6004/5914
f 5351/6106/6019 5207/6105/6018 5209/6108/6021 5353/6109/6022
f 5138/6008/5918 5426/6110/6023 5424/6107/6020 5136/6006/5916
f 5353/6109/6022 5209/6108/6021 5211/6111/6024 5355/6112/6025
f 5140/6010/5920 5428/6113/6026 5426/6110/6023 5138/6008/5918
f 5355/6112/6025 5211/6111/6024 5213/6114/6027 5357/6115/6028
f 5142/6012/5922 5430/6116/6029 5428/6113/6026 5140/6010/5920
f 5213/6114/6027 5215/6117/6030 5359/6118/6031 5357/6115/6028
f 5687/6119/6032 5688/6120/6033 5548/6121/6034 5614/6122/6035
f 5359/6118/6031 5215/6117/6030 5217/6123/6036 5361/6124/6037
f 5597/6018/5927 5799/6020/5929 5803/6125/6038 5600/6126/6039
f 5361/6124/6037 5217/6123/6036 5219/6127/6040 5363/6128/6041
f 5436/6129/6042 5434/6130/6043 5146/6023/5932 5148/6022/5931
f 5960/6131/6044 6088/6132/6045 6086/6133/6046 5958/6134/6047
f 5366/6135/6048 5364/6136/6049 5436/6129/6042 5438/6137/6050
f 6025/6138/6051 5365/6139/6052 5221/6140/6053 6023/6141/6054
f 5368/6142/6055 5366/6135/6048 5438/6137/6050 5440/6143/6056
f 5367/6147/6057 5223/6144/6058 5225/6145/6059 5369/6146/6060
f 5154/6034/5943 5442/6148/6061 5440/6143/6056 5152/6031/5940
f 5369/6146/6060 5225/6145/6059 5227/6149/6062 5371/6150/6063
f 5156/6036/5945 5444/6151/6064 5442/6148/6061 5154/6034/5943
f 5371/6150/6063 5227/6149/6062 5229/6152/6065 5373/6153/6066
f 5374/6154/6067 5372/6155/6068 5444/6151/6064 5446/6156/6069
f 5373/6153/6066 5229/6152/6065 5231/6157/6070 5375/6158/6071
f 5160/6040/5949 5448/6159/6072 5446/6156/6069 5158/6038/5947
f 5231/6157/6070 5233/6160/6073 5377/6161/6074
f 5375/6158/6071 5231/6157/6070 5377/6161/6074 5449/6364/6075
f 5162/6042/5951 5450/6162/6076 5448/6159/6072 5160/6040/5949
f 5233/6160/6073 5235/6163/6077 5379/6164/6078 5377/6161/6074
f 5164/6044/5953 5452/6165/6079 5450/6162/6076 5162/6042/5951
f 5235/6163/6077 5237/6166/6080 5381/6167/6081 5379/6164/6078
f 5166/6046/5955 5454/6168/6082 5452/6165/6079 5164/6044/5953
f 5237/6166/6080 5239/6169/6083 5383/6170/6084 5381/6167/6081
f 5168/6048/5957 5456/6171/6085 5454/6168/6082 5166/6046/5955
f 5239/6169/6083 5241/6172/6086 5385/6173/6087 5383/6170/6084
f 5386/6175/6088 5242/6298/6089 5384/6176/6090 5458/6174/6091
f 5456/6171/6085 5458/6174/6091 5384/6176/6090 5382/6369/6092
f 5313/6296/6093 5243/6177/6094 5387/6178/6095 5241/6172/6086
f 5385/6173/6087 5241/6172/6086 5387/6178/6095 5459/6372/6096
f 5388/6180/6097 5244/6301/6098 5386/6175/6088 5460/6179/6099
f 5386/6175/6088 5458/6174/6091 5460/6179/6099
f 5315/6299/6100 5245/6181/6101 5389/6182/6102 5243/6177/6094
f 5387/6178/6095 5243/6177/6094 5389/6182/6102 5461/6373/6103
f 5462/6184/6104 5390/6183/6105 5388/6180/6097 5460/6179/6099
f 5317/6302/6106 5247/6185/6107 5391/6186/6108 5245/6181/6101
f 5389/6182/6102 5245/6181/6101 5391/6186/6108 5463/6374/6109
f 5392/6187/6110 5390/6183/6105 5462/6184/6104
f 5462/6184/6104 5174/6054/5963 5464/6188/6111 5392/6187/6110
f 5319/6305/6112 5249/6189/6113 5393/6190/6114 5247/6185/6107
f 5391/6186/6108 5247/6185/6107 5393/6190/6114 5465/6375/6115
f 5394/6191/6116 5250/6310/6117 5392/6187/6110 5464/6188/6111
f 5466/6192/6118 5394/6191/6116 5464/6188/6111 5176/6056/5965
f 5249/6189/6113 5251/6193/6119 5395/6194/6120 5393/6190/6114
f 5394/6191/6116 5466/6192/6118 5396/6195/6121 5252/6313/6122
f 5468/6196/6123 5396/6195/6121 5466/6192/6118 5178/6058/5967
f 5251/6193/6119 5253/6197/6124 5397/6198/6125 5395/6194/6120
f 5182/6062/5971 5470/6199/6126 5468/6196/6123 5180/6060/5969
f 5253/6197/6124 5254/6200/6127 5398/6201/6128 5397/6198/6125
f 5256/6202/6129 5255/6203/6130 5183/6065/5975 5184/6204/6131
f 5255/6203/6130 5257/6205/6132 5185/6066/5976 5183/6065/5975
f 5258/6206/6133 5256/6202/6129 5184/6204/6131 5186/6207/6134
f 5185/6066/5976 5257/6205/6132 5259/6208/6135 5187/6070/5979
f 5188/6210/6136 5260/6209/6137 5258/6206/6133 5186/6207/6134
f 5187/6070/5979 5259/6208/6135 5261/6211/6138 5189/6073/5982
f 5190/6213/6139 5262/6212/6140 5260/6209/6137 5188/6210/6136
f 5189/6073/5982 5261/6211/6138 5263/6214/6141 5191/6076/5985
f 5192/6216/6142 5264/6215/6143 5262/6212/6140 5190/6213/6139
f 5263/6214/6141 5265/6217/6144 5193/6079/5988 5191/6076/5985
f 5194/6219/6145 5266/6218/6146 5264/6215/6143 5192/6216/6142
f 5265/6217/6144 5267/6220/6147 5195/6084/5994 5193/6079/5988
f 5196/6222/6148 5268/6221/6149 5266/6218/6146 5194/6219/6145
f 5267/6220/6147 5269/6223/6150 5197/6088/5999 5195/6084/5994
f 5198/6225/6151 5270/6224/6152 5268/6221/6149 5196/6222/6148
f 5269/6223/6150 5271/6226/6153 5199/6092/6004 5197/6088/5999
f 5200/6228/6154 5272/6227/6155 5270/6224/6152 5198/6225/6151
f 5271/6226/6153 5273/6229/6156 5201/6096/6009 5199/6092/6004
f 5202/6231/6157 5274/6230/6158 5272/6227/6155 5200/6228/6154
f 5273/6229/6156 5275/6232/6159 5203/6099/6012 5201/6096/6009
f 5204/6234/6160 5276/6233/6161 5274/6230/6158 5202/6231/6157
f 5275/6232/6159 5277/6235/6162 5205/6102/6015 5203/6099/6012
f 5206/6237/6163 5278/6236/6164 5276/6233/6161 5204/6234/6160
f 5277/6235/6162 5279/6238/6165 5207/6105/6018 5205/6102/6015
f 5208/6240/6166 5280/6239/6167 5278/6236/6164 5206/6237/6163
f 5279/6238/6165 5281/6241/6168 5209/6108/6021 5207/6105/6018
f 5210/6243/6169 5282/6242/6170 5280/6239/6167 5208/6240/6166
f 5281/6241/6168 5283/6244/6171 5211/6111/6024 5209/6108/6021
f 5284/6245/6172 5282/6242/6170 5210/6243/6169 5212/6246/6173
f 5283/6244/6171 5285/6247/6174 5213/6114/6027 5211/6111/6024
f 5214/6249/6175 5286/6248/6176 5284/6245/6172 5212/6246/6173
f 5285/6247/6174 5287/6250/6177 5215/6117/6030 5213/6114/6027
f 5216/6251/6178 5288/6252/6179 6490/6253/6180 6489/6254/6181
f 5215/6117/6030 5287/6250/6177 5289/6255/6182 5217/6123/6036
f 5599/6256/6183 5288/6252/6179 5216/6251/6178 5598/6257/6184
f 5217/6123/6036 5289/6255/6182 5291/6258/6185 5219/6127/6040
f 5292/6259/6186 5290/6260/6187 5218/6261/6188 5220/6262/6189
f 5958/6134/6047 6086/6133/6046 6087/6263/6190 5959/6264/6191
f 5294/6265/6192 5292/6259/6186 5220/6262/6189 5222/6266/6193
f 5221/6140/6053 5293/6267/6194 6024/6268/6195 6023/6141/6054
f 5224/6270/6196 5296/6269/6197 5294/6265/6192 5222/6266/6193
f 5223/6144/6058 5295/6271/6198 5297/6272/6199 5225/6145/6059
f 5298/6273/6200 5296/6269/6197 5224/6270/6196 5226/6274/6201
f 5225/6145/6059 5297/6272/6199 5299/6275/6202 5227/6149/6062
f 5228/6277/6203 5300/6276/6204 5298/6273/6200 5226/6274/6201
f 5227/6149/6062 5299/6275/6202 5301/6278/6205 5229/6152/6065
f 5302/6279/6206 5300/6276/6204 5228/6277/6203 5230/6280/6207
f 5301/6278/6205 5303/6281/6208 5231/6157/6070 5229/6152/6065
f 5232/6283/6209 5304/6282/6210 5302/6279/6206 5230/6280/6207
f 5303/6281/6208 5305/6284/6211 5233/6160/6073 5231/6157/6070
f 5306/6285/6212 5304/6282/6210 5232/6283/6209 5234/6286/6213
f 5305/6284/6211 5307/6287/6214 5235/6163/6077 5233/6160/6073
f 5236/6289/6215 5308/6288/6216 5306/6285/6212 5234/6286/6213
f 5307/6287/6214 5309/6290/6217 5237/6166/6080 5235/6163/6077
f 5238/6292/6218 5310/6291/6219 5308/6288/6216 5236/6289/6215
f 5309/6290/6217 5311/6293/6220 5239/6169/6083 5237/6166/6080
f 5240/6295/6221 5312/6294/6222 5310/6291/6219 5238/6292/6218
f 5311/6293/6220 5313/6296/6093 5241/6172/6086 5239/6169/6083
f 5242/6298/6089 5314/6297/6223 5312/6294/6222 5240/6295/6221
f 5313/6296/6093 5315/6299/6100 5243/6177/6094
f 5316/6300/6224 5314/6297/6223 5242/6298/6089 5244/6301/6098
f 5315/6299/6100 5317/6302/6106 5245/6181/6101
f 5318/6303/6225 5316/6300/6224 5244/6301/6098 5246/6304/6226
f 5317/6302/6106 5319/6305/6112 5247/6185/6107
f 5320/6306/6227 5318/6303/6225 5246/6304/6226 5248/6307/6228
f 5319/6305/6112 5321/6308/6229 5249/6189/6113
f 5322/6309/6230 5320/6306/6227 5248/6307/6228 5250/6310/6117
f 5321/6308/6229 5323/6311/6231 5251/6193/6119 5249/6189/6113
f 5324/6312/6232 5322/6309/6230 5250/6310/6117 5252/6313/6122
f 5323/6311/6231 5325/6314/6233 5253/6197/6124 5251/6193/6119
f 5326/6315/6234 5324/6312/6232 5252/6313/6122 5254/6200/6127
f 5325/6314/6233 5326/6315/6234 5254/6200/6127 5253/6197/6124
f 5328/6316/6235 5184/6204/6131 5183/6065/5975 5327/6068/5974
f 5329/6067/5977 5401/6317/6236 5399/6064/5973 5327/6068/5974
f 5330/6318/6237 5186/6207/6134 5184/6204/6131 5328/6316/6235
f 5331/6071/5980 5403/6319/6238 5401/6317/6236 5329/6067/5977
f 5332/6320/6239 5188/6210/6136 5186/6207/6134 5330/6318/6237
f 5405/6321/6240 5117/5987/5897 5115/5985/5895 5403/6319/6238
f 5334/6322/6241 5190/6213/6139 5188/6210/6136 5332/6320/6239
f 5407/6323/6242 5119/5989/5899 5117/5987/5897 5405/6321/6240
f 5336/6082/5993 5192/6216/6142 5190/6213/6139 5334/6322/6241
f 5409/6324/5990 5121/5991/5901 5407/6323/6242 5335/6077/5986
f 5338/6081/5992 5194/6219/6145 5192/6216/6142 5336/6082/5993
f 5409/6324/5990 5337/6080/5989 5411/6325/5996 5123/5993/5903
f 5340/6087/5998 5196/6222/6148 5194/6219/6145 5338/6081/5992
f 5411/6325/5996 5339/6085/5995 5413/6326/6001
f 5342/6090/6003 5198/6225/6151 5196/6222/6148 5340/6087/5998
f 5415/6327/6243 5413/6326/6001 5341/6089/6000 5343/6093/6005
f 5344/6094/6006 5200/6228/6154 5198/6225/6151 5342/6090/6003
f 5417/6328/6244 5415/6327/6243 5343/6093/6005 5345/6097/6010
f 5346/6329/6008 5202/6231/6157 5200/6228/6154 5344/6094/6006
f 5419/6330/6245 5417/6328/6244 5345/6097/6010 5347/6100/6013
f 5348/6331/6246 5204/6234/6160 5202/6231/6157 5346/6329/6008
f 5421/6332/6247 5419/6330/6245 5347/6100/6013 5349/6103/6016
f 5350/6333/6248 5206/6237/6163 5204/6234/6160 5348/6331/6246
f 5423/6334/6249 5421/6332/6247 5349/6103/6016 5351/6106/6019
f 5352/6335/6250 5208/6240/6166 5206/6237/6163 5350/6333/6248
f 5425/6336/6251 5423/6334/6249 5351/6106/6019 5353/6109/6022
f 5354/6337/6252 5210/6243/6169 5208/6240/6166 5352/6335/6250
f 5427/6338/6253 5139/6009/5919 5137/6007/5917 5425/6336/6251
f 5356/6339/6254 5212/6246/6173 5210/6243/6169 5354/6337/6252
f 5429/6340/6255 5141/6011/5921 5139/6009/5919 5427/6338/6253
f 5358/6341/6256 5214/6249/6175 5212/6246/6173 5356/6339/6254
f 5431/6342/6257 5429/6340/6255 5357/6115/6028 5359/6118/6031
f 5360/6343/6258 5216/6251/6178 6489/6254/6181 5499/6344/6259
f 5361/6124/6037 5433/6345/6260 5431/6342/6257 5359/6118/6031
f 5625/6346/6261 5802/6347/6262 5800/6348/6263 5598/6257/6184
f 5435/6349/6264 5147/6021/5930 5145/6017/5926 5433/6345/6260
f 5364/6136/6049 5220/6262/6189 5218/6261/6188 5362/6350/6265
f 6089/6351/6266 5961/6352/6267 5957/6026/5935 6085/6025/5934
f 5222/6266/6193 5220/6262/6189 5364/6136/6049 5366/6135/6048
f 6280/6353/6268 6281/6354/6269 6218/6355/6270 6217/6356/6271
f 5224/6270/6196 5222/6266/6193 5366/6135/6048 5368/6142/6055
f 5369/6146/6060 5441/6357/6272 5439/6358/6273 5367/6147/6057
f 5370/6359/6274 5226/6274/6201 5224/6270/6196 5368/6142/6055
f 5371/6150/6063 5443/6360/6275 5441/6357/6272 5369/6146/6060
f 5372/6155/6068 5228/6277/6203 5226/6274/6201 5370/6359/6274
f 5445/6361/6276 5443/6360/6275 5371/6150/6063
f 5445/6361/6276 5371/6150/6063 5373/6153/6066 5447/6362/6277
f 5374/6154/6067 5230/6280/6207 5228/6277/6203 5372/6155/6068
f 5373/6153/6066 5375/6158/6071 5447/6362/6277
f 5376/6363/6278 5232/6283/6209 5230/6280/6207 5374/6154/6067
f 5449/6364/6075 5161/6041/5950 5447/6362/6277 5375/6158/6071
f 5378/6365/6279 5234/6286/6213 5232/6283/6209 5376/6363/6278
f 5379/6164/6078 5451/6366/6280 5449/6364/6075 5377/6161/6074
f 5380/6367/6281 5236/6289/6215 5234/6286/6213 5378/6365/6279
f 5381/6167/6081 5453/6368/6282 5451/6366/6280 5379/6164/6078
f 5382/6369/6092 5238/6292/6218 5236/6289/6215 5380/6367/6281
f 5383/6170/6084 5455/6370/6283 5453/6368/6282 5381/6167/6081
f 5384/6176/6090 5240/6295/6221 5238/6292/6218 5382/6369/6092
f 5169/6049/5958 5167/6047/5956 5455/6370/6283 5457/6371/6284
f 5242/6298/6089 5240/6295/6221 5384/6176/6090
f 5171/6051/5960 5169/6049/5958 5457/6371/6284
f 5459/6372/6096 5171/6051/5960 5457/6371/6284 5385/6173/6087
f 5244/6301/6098 5242/6298/6089 5386/6175/6088
f 5459/6372/6096 5387/6178/6095 5461/6373/6103 5173/6053/5962
f 5246/6304/6226 5244/6301/6098 5388/6180/6097 5390/6183/6105
f 5461/6373/6103 5389/6182/6102 5463/6374/6109 5175/6055/5964
f 5248/6307/6228 5246/6304/6226 5390/6183/6105 5392/6187/6110
f 5463/6374/6109 5391/6186/6108 5465/6375/6115 5177/6057/5966
f 5250/6310/6117 5248/6307/6228 5392/6187/6110
f 5467/6376/6285 5465/6375/6115 5393/6190/6114 5395/6194/6120
f 5252/6313/6122 5250/6310/6117 5394/6191/6116
f 5469/6377/6286 5467/6376/6285 5395/6194/6120 5397/6198/6125
f 5254/6200/6127 5252/6313/6122 5396/6195/6121 5398/6201/6128
f 5398/6201/6128 5470/6199/6126 5469/6377/6286 5397/6198/6125
f 5400/6063/5972 5328/6316/6235 5327/6068/5974 5399/6064/5973
f 5330/6318/6237 5328/6316/6235 5400/6063/5972 5402/6069/5978
f 5332/6320/6239 5330/6318/6237 5402/6069/5978 5404/6072/5981
f 5406/6075/5984 5334/6322/6241 5332/6320/6239 5404/6072/5981
f 5408/6078/5987 5336/6082/5993 5334/6322/6241 5406/6075/5984
f 5408/6078/5987 5120/5990/5900 5122/5992/5902 5410/6083/5991
f 5410/6083/5991 5122/5992/5902 5124/5994/5904 5412/6086/5997
f 5412/6086/5997 5124/5994/5904 5126/5996/5906 5414/6091/6002
f 5414/6091/6002 5126/5996/5906 5128/5998/5908 5416/6095/6007
f 5416/6095/6007 5418/6098/6011 5346/6329/6008
f 5420/6101/6014 5348/6331/6246 5346/6329/6008 5418/6098/6011
f 5422/6104/6017 5350/6333/6248 5348/6331/6246 5420/6101/6014
f 5424/6107/6020 5352/6335/6250 5350/6333/6248 5422/6104/6017
f 5426/6110/6023 5354/6337/6252 5352/6335/6250 5424/6107/6020
f 5428/6113/6026 5356/6339/6254 5354/6337/6252 5426/6110/6023
f 5430/6116/6029 5358/6341/6256 5356/6339/6254 5428/6113/6026
f 6491/6379/6287 6488/6016/5925 5144/6015/5924 5432/6378/6288
f 5600/6126/6039 5803/6125/6038 5802/6347/6262 5625/6346/6261
f 5364/6136/6049 5362/6350/6265 5434/6130/6043 5436/6129/6042
f 5148/6022/5931 5150/6028/5937 5438/6137/6050 5436/6129/6042
f 5150/6028/5937 5152/6031/5940 5440/6143/6056 5438/6137/6050
f 5442/6148/6061 5370/6359/6274 5368/6142/6055 5440/6143/6056
f 5444/6151/6064 5372/6155/6068 5370/6359/6274 5442/6148/6061
f 5444/6151/6064 5156/6036/5945 5158/6038/5947 5446/6156/6069
f 5448/6159/6072 5376/6363/6278 5374/6154/6067 5446/6156/6069
f 5378/6365/6279 5376/6363/6278 5448/6159/6072
f 5378/6365/6279 5448/6159/6072 5450/6162/6076 5380/6367/6281
f 5380/6367/6281 5450/6162/6076 5452/6165/6079 5454/6168/6082
f 5382/6369/6092 5380/6367/6281 5454/6168/6082 5456/6171/6085
f 5456/6171/6085 5168/6048/5957 5170/6050/5959 5458/6174/6091
f 5170/6050/5959 5172/6052/5961 5460/6179/6099 5458/6174/6091
f 5172/6052/5961 5174/6054/5963 5462/6184/6104 5460/6179/6099
f 5174/6054/5963 5176/6056/5965 5464/6188/6111
f 5176/6056/5965 5178/6058/5967 5466/6192/6118
f 5178/6058/5967 5180/6060/5969 5468/6196/6123
f 5398/6201/6128 5396/6195/6121 5468/6196/6123 5470/6199/6126
f 5401/6317/6236 5113/5983/5893 5111/5982/5892 5399/6064/5973
f 5403/6319/6238 5115/5985/5895 5113/5983/5893 5401/6317/6236
f 5331/6071/5980 5333/6074/5983 5405/6321/6240 5403/6319/6238
f 5333/6074/5983 5335/6077/5986 5407/6323/6242 5405/6321/6240
f 5121/5991/5901 5119/5989/5899 5407/6323/6242
f 5121/5991/5901 5409/6324/5990 5123/5993/5903
f 5125/5995/5905 5123/5993/5903 5411/6325/5996 5413/6326/6001
f 5127/5997/5907 5125/5995/5905 5413/6326/6001 5415/6327/6243
f 5129/5999/5909 5127/5997/5907 5415/6327/6243 5417/6328/6244
f 5131/6001/5911 5129/5999/5909 5417/6328/6244 5419/6330/6245
f 5421/6332/6247 5133/6003/5913 5131/6001/5911 5419/6330/6245
f 5135/6005/5915 5133/6003/5913 5421/6332/6247 5423/6334/6249
f 5137/6007/5917 5135/6005/5915 5423/6334/6249 5425/6336/6251
f 5425/6336/6251 5353/6109/6022 5355/6112/6025 5427/6338/6253
f 5355/6112/6025 5357/6115/6028 5429/6340/6255 5427/6338/6253
f 5143/6013/5923 5141/6011/5921 5429/6340/6255 5431/6342/6257
f 5433/6345/6260 5145/6017/5926 5143/6013/5923 5431/6342/6257
f 5361/6124/6037 5363/6128/6041 5435/6349/6264 5433/6345/6260
f 6514/6382/6289 5898/6380/6290 5365/6139/6052 5437/6381/6291
f 6026/6383/6292 6022/6030/5939 5149/6029/5938 5437/6381/6291
f 5441/6357/6272 5153/6033/5942 5151/6032/5941 5439/6358/6273
f 5443/6360/6275 5155/6035/5944 5153/6033/5942 5441/6357/6272
f 5445/6361/6276 5157/6037/5946 5155/6035/5944 5443/6360/6275
f 5447/6362/6277 5159/6039/5948 5157/6037/5946 5445/6361/6276
f 5161/6041/5950 5159/6039/5948 5447/6362/6277
f 5163/6043/5952 5161/6041/5950 5449/6364/6075 5451/6366/6280
f 5165/6045/5954 5163/6043/5952 5451/6366/6280 5453/6368/6282
f 5167/6047/5956 5165/6045/5954 5453/6368/6282 5455/6370/6283
f 5455/6370/6283 5383/6170/6084 5385/6173/6087 5457/6371/6284
f 5173/6053/5962 5171/6051/5960 5459/6372/6096
f 5175/6055/5964 5173/6053/5962 5461/6373/6103
f 5177/6057/5966 5175/6055/5964 5463/6374/6109
f 5179/6059/5968 5177/6057/5966 5465/6375/6115 5467/6376/6285
f 5181/6061/5970 5179/6059/5968 5467/6376/6285 5469/6377/6286
f 5182/6062/5971 5181/6061/5970 5469/6377/6286 5470/6199/6126
f 5629/623/670 5512/6384/672 5504/6385/6293 5630/6386/700
f 1119/620/664 5473/1223/671 394/1222/1293 5551/3089/3162
f 5473/1223/671 1119/620/664 6475/619/663
f 5541/6389/5731 5680/5813/5730 5632/6387/6294 5606/6388/6295
f 399/6390/6296 1124/634/683 6476/633/682 6467/6391/6297
f 1129/6392/3185 402/6393/6298 6469/6394/6299 5479/6395/666
f 5615/3108/3186 1129/6392/3185 5479/6395/666 401/621/662
f 1133/3118/3196 412/669/722 6470/668/721 6477/6396/710
f 5616/3110/3188 1133/3118/3196 6477/6396/710 402/6393/6298
f 6477/6396/710 6469/6394/6299 402/6393/6298
f 1137/670/723 413/6397/6300 5474/6398/6301 6478/667/720
f 1135/664/715 1132/661/713 5698/6399/708 5699/665/717
f 5620/3137/3217 414/3143/3218 6471/6401/6302 1141/6400/6303
f 6471/6401/6302 6479/6402/6304 1141/6400/6303
f 1141/6400/6303 6479/6402/6304 413/6397/6300 5620/3137/3217
f 413/6397/6300 6479/6402/6304 5474/6398/6301
f 5703/683/739 5643/6405/6305 5604/6403/6306 5644/6404/752
f 6480/6482/737 5604/6403/6306 5643/6405/6305 5515/6406/6307
f 414/3143/3218 1145/680/734 6480/679/737 6471/6401/6302
f 5507/6410/6308 5646/6407/6309 5645/6408/6310 5609/6409/6311
f 1149/689/747 5475/682/738 415/681/736 5617/3146/3226
f 5475/682/738 1149/689/747 6481/688/746
f 5567/6543/765 417/3172/3254 5477/6411/6312 1153/703/764
f 5477/6411/6312 6482/702/762 1153/703/764
f 6482/6412/762 5516/6413/761 5507/6410/6308 5476/6414/749
f 1157/3171/3253 6472/720/782 5480/6415/6313
f 417/3172/3254 1157/3171/3253 5480/6415/6313 5477/6411/6312
f 5518/6416/6314 5509/6417/6315 5652/6418/6316 5651/6419/6317
f 5711/6517/6318 5650/6420/6319 5605/6421/6320 5651/6419/6317
f 5518/6422/6314 5651/6419/6317 5605/6421/6320 6472/6502/782
f 1164/731/793 399/6390/6296 6467/6391/6297 5481/730/794
f 5713/6423/6321 5712/6424/6322 5652/6418/6316 5653/727/790
f 5571/3670/3751 543/1225/1295 6474/1224/1294 1484/1206/1277
f 6474/1224/1294 6484/1207/1274 1484/1206/1277
f 5668/5094/5087 5654/1202/1270 5714/1201/1269 5722/6425/5084
f 5520/6426/6323 5503/6427/668 5631/624/667
f 5691/6603/676 5656/6428/6324 5520/6426/6323 5631/624/667
f 5511/6429/6325 5520/6430/6323 5656/6428/6324
f 5716/6604/6326 5655/1203/1273 5511/6429/6325 5656/6428/6324
f 6313/6431/6327 6311/4306/4418 5484/4305/4417 5485/6432/6328
f 6290/3965/3899 3094/3964/4058 6313/6431/6327 5485/6432/6328
f 5483/6434/4051 3107/6433/4061 5611/3957/4052
f 6304/6436/4050 5660/3954/4049 6303/6435/6329 6314/3832/3903
f 5659/3831/3902 6303/6435/6329 5660/3954/4049 5611/3957/4052
f 3080/5386/5300 6328/6437/5495 5494/6438/6330 5482/5383/5298
f 4459/5315/5237 3107/6433/4061 5483/6434/4051 6295/5312/5236
f 5472/4304/4416 3078/4303/4414 41/5109/5093 5471/5108/4350
f 5529/5082/5075 5531/6439/5096 5490/4249/4360 5488/4248/4359
f 6300/6441/6331 43/4240/4351 6299/6440/4410 5627/6523/6332
f 24/4299/4409 6312/3823/3893 6302/3827/3897
f 6299/6440/4410 24/4299/4409 6302/3827/3897 5658/6524/6333
f 5527/5083/5076 6287/6442/6334 6401/6443/5003 5665/5084/5077
f 5526/5117/5101 5528/6444/6335 6486/6445/4809 5487/5118/4808
f 6408/6446/4805 3770/4736/4810 6486/4735/4809 6286/6447/4806
f 6319/4251/4362 3522/4730/4804 6292/4733/4807 5488/4248/4359
f 5489/1204/1275 5491/6448/5102 4025/6449/6336 3959/1205/1276
f 5531/6439/5096 5500/4239/4349 5471/5108/4350
f 3569/4737/4811 4025/6449/6336 5491/6448/5102 5487/4734/4808
f 6322/5288/5212 6323/5314/5235 6294/5313/5234
f 5534/5303/5225 6293/5285/5209 6322/5288/5212 6294/5313/5234
f 5672/5304/5226 5534/5303/5225 5673/4171/4282 6309/6593/6337
f 5535/4170/4281 5673/4171/4282 5534/5303/5225 6294/5313/5234
f 3320/4164/4275 6325/5389/5303 5726/6452/5380 5718/6453/6338
f 5493/6454/6339 4639/6455/6340 6324/5385/5297
f 5493/6454/6339 6324/5385/5297 6296/5384/5296 5538/5465/5381
f 5492/5548/5461 5536/5578/5493 6297/5545/5462
f 5537/6456/6341 6297/5545/5462 5536/5578/5493 5676/6525/6342
f 6326/5547/5464 4639/6455/6340 5493/6454/6339 5492/5548/5461
f 6328/6437/5495 3319/5287/5211 6291/5286/5210 5494/6438/6330
f 5498/5961/5537 5050/5960/5873 538/5980/5890 5478/6014/5538
f 5496/636/681 4827/635/684 4783/6457/6343 5495/6458/5754
f 5495/6458/5754 4783/6457/6343 4906/6459/6344 5497/6460/5752
f 5497/6460/5752 4906/6459/6344 4978/5959/5872 6487/5958/5871
f 5544/5624/5536 5543/5911/5826 6487/6461/5871 5498/5625/5537
f 6488/6462/5925 5545/6463/6345 5510/5627/5539 5478/5626/5538
f 5432/6378/6288 5360/6343/6258 5499/6344/6259 6491/6379/6287
f 5547/6464/6346 5546/6465/6347 6489/6466/6181 6490/6467/6180
f 5685/6468/6348 5687/6119/6032 5614/6122/6035 5546/6465/6347
f 5548/6121/6034 5545/6463/6345 6488/6462/5925 6491/6469/6287
f 5632/6387/6294 5634/726/789 5601/729/792 5606/6388/6295
f 5630/6386/700 6468/6511/665 5607/647/697 5695/651/701
f 6468/6511/665 5630/6386/700 5504/6472/6293
f 5695/651/701 5607/647/697 5635/646/693
f 5637/656/705 5698/6399/708 5697/6473/6349 5636/645/695
f 5472/4304/4416 5471/5108/4350 5502/4238/4346
f 6478/6474/720 5474/6475/6301 5505/6476/6350 5513/6477/6351
f 6479/6478/6304 6471/6479/6302 5506/6480/6352 5514/6481/6353
f 5474/6475/6301 6479/6478/6304 5514/6481/6353 5505/6476/6350
f 6471/6479/6302 6480/6482/737 5515/6406/6307 5506/6480/6352
f 5609/6409/6311 5644/6404/752 5475/6497/738 6481/6498/746
f 5475/6497/738 5644/6404/752 5604/6403/6306
f 5705/694/753 5644/6404/752 5609/6409/6311 5645/6408/6310
f 5648/713/775 5708/701/760 5516/6413/761 5508/6484/774
f 5650/6420/6319 5710/709/771 5517/6485/773 6472/6502/782
f 5605/6421/6320 5650/6420/6319 6472/6502/782
f 5694/639/687 5713/6423/6321 5653/727/790 5634/726/789
f 5519/6486/1272 6484/6487/1274 6474/6488/1294 5511/6489/6325
f 5485/6432/6328 5484/4305/4417 5524/6490/6354
f 5525/3829/3900 5485/6432/6328 5524/6490/6354 5658/6524/6333
f 5494/6438/6330 6291/5286/5210 5612/5583/5497 5539/4161/4272
f 6304/6436/4050 6305/6491/4283 5661/3955/4047
f 5542/5836/5753 5497/5835/5752 6487/6461/5871 5543/5911/5826
f 6491/6469/6287 5499/6492/6259 5614/6122/6035 5548/6121/6034
f 5606/6388/6295 6476/6493/682 5496/6494/681 5541/6389/5731
f 6286/6495/4806 6486/6445/4809 5528/6444/6335 6287/6496/6334
f 6480/6482/737 5475/6497/738 5604/6403/6306
f 6481/6498/746 5476/6414/749 5507/6410/6308 5609/6409/6311
f 5664/6500/6355 5532/6499/5088 5670/5095/5085 5719/6608/6356
f 5664/6500/6355 5526/6501/5101 5532/6499/5088
f 5534/5303/5225 5533/5302/5224 6293/5285/5209
f 6472/6502/782 6483/6503/778 5518/6422/6314
f 5492/5548/5461 5493/6454/6339 5538/5465/5381
f 3318/5284/5205 4680/4165/4276 5730/6504/6357 5717/6450/5208
f 5510/5627/5539 5633/6505/6358 5683/6506/6359 5544/5624/5536
f 5496/6494/681 5495/5838/5754 5540/5837/5732 5541/6389/5731
f 5733/6508/6360 4932/5839/5755 4756/5817/5734 5731/6507/6361
f 5739/6509/6362 5740/6510/6363 5688/6120/6033 5687/6119/6032
f 6475/6471/663 6468/6511/665 5504/6472/6293 5512/626/672
f 5732/6512/6364 5692/640/688 5632/6387/6294 5680/5813/5730
f 5638/655/707 5603/658/706 5513/6477/6351 5639/6513/719
f 5704/693/750 1144/686/743 1143/684/740 5703/683/739
f 1148/696/754 1147/692/751 5705/694/753 5706/6514/6365
f 5706/6514/6365 5646/6407/6309 5707/700/758 1151/699/757
f 5507/6612/6308 5647/6483/759 5707/700/758 5646/6407/6309
f 6483/6503/778 6473/6515/781 5509/6516/6315 5518/6422/6314
f 5711/6517/6318 5710/709/771 5650/6420/6319
f 5653/727/790 5652/6418/6316 5509/6516/6315 5610/728/791
f 5668/5094/5087 5530/6518/5086 5519/6486/1272 5654/1202/1270
f 6485/6519/1291 5473/6470/671 5503/625/668 5520/6520/6323
f 6474/6488/1294 6485/6519/1291 5520/6520/6323 5511/6489/6325
f 5486/3962/4059 5522/3828/3901 5659/3831/3902 5611/3957/4052
f 5531/6439/5096 5529/5082/5075 5667/5085/5078 5669/6521/6366
f 5628/4237/4345 5472/4304/4416 5502/4238/4346
f 5658/6524/6333 5524/6490/6354 5627/6523/6332 6299/6440/4410
f 5524/6490/6354 5501/6522/4415 5627/6523/6332
f 6292/4733/4807 6286/4732/4806 6287/6442/6334 5527/5083/5076
f 5528/6444/6335 5526/6501/5101 5664/6500/6355 5666/4966/5004
f 5500/4239/4349 5531/6439/5096 5669/6521/6366 5626/4236/4347
f 5671/5305/5227 5662/5582/5496 5612/5583/5497 5533/5302/5224
f 5614/6122/6035 5499/6492/6259 6489/6466/6181 5546/6465/6347
f 5663/4163/4274 5674/5463/5379 5613/5462/5299 5521/4160/4271
f 5676/6525/6342 5536/5578/5493 5675/5577/5492 5727/6599/6367
f 5544/5624/5536 5683/6506/6359 5682/5912/5827 5543/5911/5826
f 5545/6463/6345 5684/6526/6368 5633/6505/6358 5510/5627/5539
f 5546/6465/6347 5547/6464/6346 5686/6527/6369 5685/6468/6348
f 6468/6511/665 5479/6528/666 5607/647/697
f 5545/6463/6345 5548/6121/6034 5688/6120/6033 5684/6526/6368
f 5516/6413/761 6482/6412/762 5477/6529/6312 5508/6484/774
f 5806/3092/3160 5745/3105/3167 5615/3108/3186 5743/3087/3164
f 401/621/662 5618/3088/661 5743/3087/3164 5615/3108/3186
f 1124/634/683 399/6390/6296 5552/3194/3275 5562/6530/6370
f 4827/635/684 1124/634/683 5562/6530/6370 5593/5828/5745
f 5517/6485/773 5480/6531/6313 6472/6502/782
f 5812/6532/3180 5813/6533/3193 5750/3109/3187 5749/3106/3183
f 5813/6533/3193 2641/3113/3192 5814/6534/6371
f 5815/6535/6372 5752/6536/6373 5814/6534/6371 2641/3113/3192
f 5752/6536/6373 5751/3115/3194 5814/6534/6371
f 5815/6535/6372 5816/6537/6374 5753/3126/3204 5752/6536/6373
f 5554/6538/3203 413/6397/6300 1137/670/723 5564/3123/3202
f 5754/3127/3205 5755/3134/3213 5620/3137/3217 5554/6538/3203
f 5508/6484/774 5477/6529/6312 5480/6531/6313 5517/6485/773
f 5819/6539/3216 2650/3140/3221 5757/3144/3227 5565/6650/735
f 5757/3144/3227 2650/3140/3221 5820/6540/3224
f 5820/6540/3224 2650/3140/3221 5821/6541/3229 5758/3145/3225
f 6290/3965/3899 5485/6432/6328 5525/3829/3900
f 5482/5383/5298 5494/6438/6330 5539/4161/4272 5521/4160/4271
f 5567/6543/765 5557/3173/3243 417/3172/3254
f 5568/6544/3252 5557/6545/3243 5762/3165/3245 5763/6546/6375
f 5827/6548/3257 5764/3181/3262 5826/6547/6376 2659/3168/3250
f 5558/6653/3255 5763/6546/6375 5826/6547/6376 5764/3181/3262
f 1161/717/779 418/721/783 5558/3174/3255 5569/6549/3261
f 419/718/780 1161/717/779 5569/6549/3261 5559/6550/3271
f 6295/5312/5236 5483/6434/4051 5523/3956/4048 5535/4170/4281
f 2665/3187/3268 2636/3095/3171 5810/3099/3175 5830/6551/6377
f 5583/6552/3750 3959/1205/1276 4025/6449/6336 5585/5114/3747
f 2980/3674/3755 2982/3675/3757 5831/6553/6378 5846/6631/6379
f 5832/3684/3765 5831/6553/6378 2982/3675/3757 2984/3682/3763
f 394/1222/1293 1490/1221/1292 5572/6554/3761 5551/3089/3162
f 5561/3673/3754 5572/6554/3761 1490/1221/1292 543/1225/1295
f 6311/6555/4418 6313/6556/6327 5578/6557/6380
f 5577/4313/3909 6311/6555/4418 5578/6557/6380 5771/3837/3908
f 6313/6556/6327 5575/4255/4366 5771/3837/3908 5578/6557/6380
f 5836/3844/3918 5771/3837/3908 5575/4255/4366 5773/4254/4365
f 5587/3846/3920 6323/6558/5235 6322/6559/5212 5586/3847/3921
f 3319/6560/5211 6328/5580/5495 5592/5579/5494 5580/5278/5198
f 5488/4248/4359 6292/4733/4807 5527/5083/5076 5529/5082/5075
f 5491/5119/5102 5489/6561/1275 5530/6518/5086 5532/5116/5088
f 3094/6562/4058 6316/6563/4060 5579/4252/4363
f 47/4256/4367 5804/6565/6381 5741/4253/4364 5838/6564/4371
f 3078/6566/4414 71/6567/4413 5550/4312/4423 5573/3863/3937
f 6470/6568/721 6478/6474/720 5513/6477/6351 5603/658/706
f 6400/6569/5010 6408/6570/4805 3522/6571/4804 5581/5064/5066
f 5844/6572/6382 3774/4883/4972 3571/4882/4971 5842/6573/6383
f 6473/6515/781 5481/6574/794 5610/728/791 5509/6516/6315
f 5782/3866/3940 5845/6575/6384 5843/4874/4963 5780/4873/4962
f 5530/6518/5086 5489/6561/1275 6484/6487/1274 5519/6486/1272
f 5784/3869/3943 5549/3862/3936 5777/3865/3939 5847/6638/6385
f 5842/6573/6383 3571/4882/4971 4026/5103/3739
f 5848/6576/5099 5842/6573/6383 4026/5103/3739 3974/3676/3756
f 5524/6490/6354 5484/4305/4417 6289/4301/4412 5501/6522/4415
f 4468/5307/5229 3178/4258/4368 5851/6577/6386 5850/6636/6387
f 5838/6564/4371 5851/6577/6386 3178/4258/4368 47/4256/4367
f 6291/5286/5210 6293/5285/5209 5533/5302/5224 5612/5583/5497
f 5853/6578/6388 4614/5536/5452 4568/5538/5454 5855/6641/6389
f 5853/6578/6388 5854/6579/6390 4614/5536/5452
f 1119/620/664 5551/3089/3162 5618/3088/661
f 5574/5377/5290 5776/5380/5293 5793/3854/3927 5592/5579/5494
f 5857/6580/6391 4781/5767/5684 4959/5770/5683 5859/5897/5813
f 5616/3110/3188 5563/3116/3195 1133/3118/3196
f 4978/5959/5872 4906/6459/6344 5594/5764/5681 5595/5952/5866
f 5560/5979/5889 5596/5955/5865 5798/5954/5868 5748/6019/5928
f 5144/6015/5924 538/5980/5890 5560/5979/5889 5597/6018/5927
f 5598/6257/6184 5800/6348/6263 5801/6581/6392 5599/6256/6183
f 1149/689/747 5617/3146/3226 5566/3152/3235
f 399/6390/6296 1164/731/793 5570/3195/3270 5552/3194/3275
f 6316/6563/4060 3107/5316/4061 5576/4261/4372
f 5513/6582/6351 5505/6583/6350 5640/6584/731
f 5639/6513/719 5513/6582/6351 5640/6584/731 5700/666/718
f 5514/6585/6353 5506/6586/6352 5642/6587/741 5641/6588/6393
f 5505/6583/6350 5514/6585/6353 5641/6588/6393 5640/6584/731
f 5506/6586/6352 5515/6589/6307 5643/6405/6305
f 5703/683/739 5642/6587/741 5506/6586/6352 5643/6405/6305
f 3770/4736/4810 6408/6446/4805 5622/4879/4968 5621/4878/4967
f 5581/5064/5066 3522/6571/4804 6319/6590/4362 5582/3867/3941
f 5585/5114/3747 4025/6449/6336 3569/4737/4811 5621/4878/4967
f 1155/707/769 5708/701/760 5648/713/775 5709/708/770
f 5519/6591/1272 5511/6592/6325 5655/1203/1273
f 5657/3830/3898 5525/3829/3900 5658/6524/6333 6302/3827/3897
f 3169/3822/3892 6314/3832/3903 6303/6435/6329
f 6301/3826/3896 3169/3822/3892 6303/6435/6329 5659/3831/3902
f 5678/4162/4273 5730/6504/6357 5718/6453/6338 5663/4163/4274
f 6309/6593/6337 3217/3958/4053 4469/4168/4057 5725/6597/6394
f 6305/6491/4283 3217/3958/4053 6309/6593/6337 5673/4171/4282
f 6287/6496/6334 5528/6444/6335 5666/4966/5004 6401/4965/5003
f 6317/4245/4356 6318/4244/4355 6307/6594/6395 6306/6595/5079
f 5723/6596/6396 3958/5097/1262 4006/1209/1279 5719/6608/6356
f 3958/5097/1262 5723/6596/6396 5722/6425/5084 5714/1201/1269
f 5677/5464/5378 5729/6598/6397 5727/6599/6367 5675/5577/5492
f 5731/6507/6361 4756/5817/5734 4826/643/691 5732/6512/6364
f 5689/6600/669 5629/623/670 5690/650/699 1118/631/679
f 5629/623/670 5630/6386/700 5690/650/699
f 6326/6601/5464 6327/6602/5463 5623/5542/5458 5590/5541/5457
f 5711/6517/6318 5651/6419/6317 5712/6424/6322 1160/724/786
f 5651/6419/6317 5652/6418/6316 5712/6424/6322
f 5594/5764/5681 4906/6459/6344 4783/6457/6343 5624/5765/5682
f 5624/5765/5682 4783/6457/6343 4827/635/684 5593/5828/5745
f 5716/6604/6326 5656/6428/6324 5691/6603/676 1120/627/675
f 5715/1200/1271 1488/1218/1290 1483/1199/1268 1482/1198/1267
f 1488/1218/1290 5715/1200/1271 5716/6604/6326 1120/627/675
f 5216/6251/6178 5360/6343/6258 5625/6346/6261 5598/6257/6184
f 5627/6523/6332 5501/6522/4415 5628/4237/4345 6300/6441/6331
f 5625/6346/6261 5360/6343/6258 5432/6378/6288 5600/6126/6039
f 5721/6605/5006 6329/4738/4812 6317/4245/4356 6306/6595/5079
f 5620/3137/3217 413/6397/6300 5554/6538/3203
f 416/690/748 1149/689/747 5566/3152/3235 5556/6542/763
f 5689/6600/669 1117/628/673 5691/6603/676 5631/624/667
f 1128/653/703 5695/651/701 5635/646/693 5696/6606/696
f 1164/731/793 419/718/780 5559/6550/3271 5570/3195/3270
f 1131/659/711 5696/6606/696 5636/645/695 5697/6473/6349
f 6313/6556/6327 3094/6562/4058 5575/4255/4366
f 41/5105/5093 3078/6566/4414 5573/3863/3937 5549/3862/3936
f 6300/6441/6331 5628/4237/4345 6298/6607/4348 6310/4241/4352
f 5723/6596/6396 5719/6608/6356 5670/5095/5085 5722/6425/5084
f 5726/6452/5380 5729/6598/6397 5677/5464/5378
f 5582/3867/3941 6319/6590/4362 6321/5104/4361 5584/3868/3942
f 5693/6609/6398 1123/5630/5542 5076/5629/5541 5735/6610/6399
f 5679/5816/5733 5540/5837/5732 5542/5836/5753 5681/5913/5828
f 5734/6611/6400 5004/5914/5829 4932/5839/5755 5733/6508/6360
f 71/6567/4413 6311/6555/4418 5577/4313/3909 5550/4312/4423
f 5583/6552/3750 5571/3670/3751 1484/1206/1277 3959/1205/1276
f 5586/3847/3921 6322/6559/5212 3319/6560/5211 5580/5278/5198
f 4459/5317/5237 6323/6558/5235 5587/3846/3920 5588/5297/5221
f 5507/6612/6308 5516/6613/761 5647/6483/759
f 3080/5581/5300 6324/6614/5297 5589/5378/5291 5574/5377/5290
f 6307/6594/6395 6308/6615/6401 5669/6521/6366 5667/5085/5078
f 5719/6608/6356 5720/4967/5005 5666/4966/5004 5664/6500/6355
f 6308/6615/6401 6298/6607/4348 5626/4236/4347 5669/6521/6366
f 6309/6593/6337 5725/6597/6394 5672/5304/5226
f 5727/6599/6367 5728/6616/6402 5676/6525/6342
f 5683/6506/6359 5735/6610/6399 5734/6611/6400 5682/5912/5827
f 5684/6526/6368 5736/6617/6403 5693/6609/6398 5633/6505/6358
f 5686/6527/6369 5738/6618/6404 5737/6619/6405 5685/6468/6348
f 5737/6619/6405 5739/6509/6362 5687/6119/6032 5685/6468/6348
f 5688/6120/6033 5740/6510/6363 5736/6617/6403 5684/6526/6368
f 5634/726/789 5632/6387/6294 5692/640/688 5694/639/687
f 5641/6588/6393 5642/6587/741 5702/676/730 5701/675/727
f 5640/6584/731 5641/6588/6393 5701/675/727
f 3751/4739/1281 6329/4969/4812 5721/4968/5006 5720/4967/5005
f 5638/655/707 5639/6513/719 5699/665/717 5698/6399/708
f 1163/732/788 1160/724/786 5712/6424/6322 5713/6423/6321
f 6314/3832/3903 6315/3959/4054 6304/6436/4050
f 5717/6450/5208 5662/5582/5496 5671/5305/5227 5724/6451/5207
f 5674/5463/5379 5663/4163/4274 5718/6453/6338 5726/6452/5380
f 1132/661/713 1131/659/711 5697/6473/6349 5698/6399/708
f 1125/638/686 1163/732/788 5713/6423/6321 5694/639/687
f 6315/3959/4054 3217/3958/4053 6305/6491/4283 6304/6436/4050
f 5730/6504/6357 5678/4162/4273 5662/5582/5496 5717/6450/5208
f 5731/6507/6361 5679/5816/5733 5681/5913/5828 5733/6508/6360
f 5739/6509/6362 5358/6341/6256 5430/6116/6029 5740/6510/6363
f 5732/6512/6364 4826/643/691 1122/637/685 5692/640/688
f 5644/6404/752 5704/693/750 5703/683/739
f 5645/6408/6310 5646/6407/6309 5706/6514/6365 5705/694/753
f 1151/699/757 1148/696/754 5706/6514/6365
f 1159/722/785 1156/706/768 5710/709/771 5711/6517/6318
f 1155/707/769 1152/698/756 5708/701/760
f 4680/4165/4276 3320/4164/4275 5718/6453/6338 5730/6504/6357
f 6306/6595/5079 6307/6594/6395 5667/5085/5078
f 5671/5305/5227 5672/5304/5226 5725/6597/6394 5724/6451/5207
f 5729/6598/6397 4641/5469/5385 4571/5552/5468 5727/6599/6367
f 5732/6512/6364 5680/5813/5730 5679/5816/5733 5731/6507/6361
f 1118/631/679 1117/628/673 5689/6600/669
f 1160/724/786 1159/722/785 5711/6517/6318
f 5716/6604/6326 5715/1200/1271 5655/1203/1273
f 6306/6595/5079 5665/5084/5077 6401/6443/5003 5721/6605/5006
f 1128/653/703 1127/649/698 5695/651/701
f 1131/659/711 1128/653/703 5696/6606/696
f 6310/4241/4352 43/4240/4351 6300/6441/6331
f 5719/6608/6356 4006/1209/1279 3496/1208/1278 5720/4967/5005
f 5726/6452/5380 6325/5389/5303 4641/5469/5385 5729/6598/6397
f 5683/6506/6359 5633/6505/6358 5693/6609/6398 5735/6610/6399
f 5733/6508/6360 5681/5913/5828 5682/5912/5827 5734/6611/6400
f 6318/4244/4355 6320/5081/5074 6308/6615/6401 6307/6594/6395
f 3496/1208/1278 3751/4739/1281 5720/4967/5005
f 6320/5081/5074 6310/4241/4352 6298/6607/4348 6308/6615/6401
f 4469/4168/4057 4445/5300/4280 5725/6597/6394
f 4571/5552/5468 4617/5551/5467 5728/6616/6402 5727/6599/6367
f 5735/6610/6399 5076/5629/5541 5004/5914/5829 5734/6611/6400
f 5142/6012/5922 1123/5630/5542 5693/6609/6398 5736/6617/6403
f 5738/6618/6404 5286/6248/6176 5214/6249/6175 5737/6619/6405
f 5737/6619/6405 5214/6249/6175 5358/6341/6256 5739/6509/6362
f 5740/6510/6363 5430/6116/6029 5142/6012/5922 5736/6617/6403
f 5589/5378/5291 6324/6614/5297 4639/6620/6340 5591/5458/5374
f 5562/6621/6370 5552/6622/3275 5747/3193/3274 5746/6623/6406
f 5593/6624/5745 5562/6621/6370 5746/6623/6406 5795/5827/5744
f 5817/3132/3212 2644/3121/3200 2646/3128/3206 5818/3133/3209
f 5816/6537/6374 2644/3121/3200 5817/3132/3212 5754/3127/3205
f 5591/5458/5374 4639/6620/6340 6326/6601/5464 5590/5541/5457
f 2653/3149/3232 2655/3156/3238 5823/6625/6407
f 5822/6626/3237 2653/3149/3232 5823/6625/6407 5760/3155/3236
f 5823/6625/6407 5824/6627/3244 5761/3162/3242 5760/3155/3236
f 5825/6628/3246 5824/6627/3244 2656/3158/3240
f 2661/3175/3256 2662/3177/3259 5828/3185/3266
f 5827/6548/3257 2661/3175/3256 5828/3185/3266 5765/3182/3263
f 5559/6629/3271 5569/6630/3261 5765/3182/3263 5766/3191/3272
f 5829/3184/3265 5830/6551/6377 5767/3192/3273
f 5785/3667/3748 5848/6576/5099 5846/6631/6379 5783/3668/3749
f 5833/3685/3760 2984/3682/3763 5807/6632/3764 5744/3086/3163
f 5770/3680/3762 5572/6633/3761 5561/6634/3754 5769/3672/3753
f 5596/5955/5865 5050/5960/5873 4978/5959/5872 5595/5952/5866
f 5774/3857/3930 5580/5278/5198 5592/5579/5494 5793/3854/3927
f 3978/5065/5067 5840/6637/6408 3183/3859/3933 3181/3858/3932
f 5840/6637/6408 5841/4309/4419 3183/3859/3933
f 5784/3869/3943 5847/6638/6385 5845/6575/6384 5782/3866/3940
f 5804/6565/6381 47/4256/4367 3175/3842/3916 5836/3844/3918
f 5573/3863/3937 5550/4312/4423 5742/4307/4420 5778/3864/3938
f 5805/4308/4421 3173/3838/3911 117/4310/3915 3183/3859/3933
f 5805/4308/4421 5835/3835/3906 3173/3838/3911
f 6288/4876/4965 6400/6569/5010 5581/5064/5066 5780/4873/4962
f 3974/3676/3756 2980/3674/3755 5846/6631/6379 5848/6576/5099
f 5774/3857/3930 5837/3856/3929 5849/6635/6409 5786/3848/3922
f 5787/3845/3919 5850/6636/6387 5851/6577/6386 5788/5296/5220
f 5852/6640/6410 4637/5453/6411 4523/5372/6412 5839/6639/6413 5776/5380/5293 5789/5379/5292
f 4637/5453/6411 5852/6640/6410 5855/6641/6389 4568/5538/5454
f 5595/5952/5866 5594/5764/5681 5796/5763/5680 5797/5953/5867
f 5860/5896/5812 5861/6642/6414 5798/5954/5868 5797/5953/5867
f 5811/6643/6415 5862/6644/6416 5799/6020/5929 5748/6019/5928
f 5146/6023/5932 5434/6130/6043 5866/6645/6417 5862/6644/6416
f 2632/3083/3157 5806/3092/3160 5743/3087/3164 5807/6632/3764
f 5743/3087/3164 5744/3086/3163 5807/6632/3764
f 5812/6532/3180 5749/3106/3183 5808/3091/3166 2633/3090/3165
f 5600/6126/6039 5432/6378/6288 5144/6015/5924 5597/6018/5927
f 6469/6646/6299 5602/648/694 5479/6528/666
f 5553/6647/3197 5563/6648/3195 5751/3115/3194 5752/6536/6373
f 5564/6649/3202 5553/6647/3197 5752/6536/6373 5753/3126/3204
f 5818/3133/3209 2647/3130/3208 2649/3138/3219 5819/6539/3216
f 5565/6650/735 5555/6651/3215 5756/3135/3214
f 5819/6539/3216 5565/6650/735 5756/3135/3214
f 6470/6568/721 5603/658/706 6477/6652/710
f 5822/6626/3237 5759/3151/3234 5821/6541/3229 2652/3147/3228
f 5759/3151/3234 5758/3145/3225 5821/6541/3229
f 2658/3166/3247 2659/3168/3250 5826/6547/6376 5825/6628/3246
f 5558/6653/3255 5568/6654/3252 5763/6546/6375
f 6469/6646/6299 6477/6652/710 5608/657/709 5602/648/694
f 5481/6574/794 6467/6655/6297 5601/729/792 5610/728/791
f 6467/6655/6297 6476/6493/682 5606/6388/6295 5601/729/792
f 6407/6656/4964 6396/5020/4970 3774/4883/4972 5844/6572/6382
f 5777/3865/3939 5840/6637/6408 5847/6638/6385
f 402/6393/6298 1129/6392/3185 5619/3107/3184 5616/3110/3188
f 5775/4260/4370 5576/4261/4372 5588/5297/5221 5788/5296/5220
f 5621/4878/4967 3569/4737/4811 3770/4736/4810
f 5776/5380/5293 5839/6639/6413 5856/3855/3928 5793/3854/3927
f 5858/3100/3176 5857/6580/6391 5794/5766/5679 5795/5827/5744
f 5798/5954/5868 5861/6642/6414 5811/6643/6415 5748/6019/5928
f 5863/6657/6418 5864/6658/6419 5801/6581/6392 5800/6348/6263
f 5802/6347/6262 5865/6659/6420 5863/6657/6418 5800/6348/6263
f 5803/6125/6038 5866/6645/6417 5865/6659/6420 5802/6347/6262
f 5746/6623/6406 5747/3193/3274 5810/3099/3175 5809/3098/3174
f 5795/5827/5744 5746/6623/6406 5809/3098/3174 5858/3100/3176
f 5766/3191/3272 5765/3182/3263 5828/3185/3266 5829/3184/3265
f 2984/3682/3763 5833/3685/3760 5832/3684/3765
f 3171/3839/3912 3173/3838/3911 5835/3835/3906 5834/3834/3905
f 5836/3844/3918 5834/3834/3905 5771/3837/3908
f 5837/3856/3929 3176/3849/3923 4425/3852/3926 5849/6635/6409
f 5843/4874/4963 3639/3873/3947 6396/4881/4970 6407/4875/4964
f 5860/5896/5812 5797/5953/5867 5796/5763/5680 5859/5897/5813
f 2638/3103/3179 2640/3111/3189 5813/6533/3193 5812/6532/3180
f 5814/6534/6371 5751/3115/3194 5750/3109/3187 5813/6533/3193
f 2641/3113/3192 2643/3119/3198 5815/6535/6372
f 2643/3119/3198 2644/3121/3200 5816/6537/6374 5815/6535/6372
f 5747/3193/3274 5767/3192/3273 5830/6551/6377 5810/3099/3175
f 5832/3684/3765 5769/3672/3753 5768/3671/3752 5831/6553/6378
f 5779/4877/4966 5781/4880/4969 5842/6573/6383 5848/6576/5099
f 5781/4880/4969 5844/6572/6382 5842/6573/6383
f 5845/6575/6384 3917/3870/3944 3639/3873/3947 5843/4874/4963
f 5838/6564/4371 5775/4260/4370 5788/5296/5220 5851/6577/6386
f 5853/6578/6388 5790/5540/5456 5791/5543/5459 5854/6579/6390
f 5796/5763/5680 5794/5766/5679 5857/6580/6391 5859/5897/5813
f 5754/3127/3205 5753/3126/3204 5816/6537/6374
f 2655/3156/3238 2656/3158/3240 5824/6627/3244 5823/6625/6407
f 5765/3182/3263 5764/3181/3262 5827/6548/3257
f 2664/3183/3264 2665/3187/3268 5830/6551/6377 5829/3184/3265
f 5850/6636/6387 5787/3845/3919 5786/3848/3922 5849/6635/6409
f 5777/3865/3939 5778/3864/3938 5841/4309/4419 5840/6637/6408
f 5840/6637/6408 3978/5065/5067 3917/3870/3944 5847/6638/6385
f 3917/3870/3944 5845/6575/6384 5847/6638/6385
f 5804/6565/6381 5836/3844/3918 5773/4254/4365 5741/4253/4364
f 5742/4307/4420 5772/3836/3907 5835/3835/3906 5805/4308/4421
f 5831/6553/6378 5768/3671/3752 5783/3668/3749 5846/6631/6379
f 5789/5379/5292 5792/5459/5375 5855/6641/6389 5852/6640/6410
f 5792/5459/5375 5790/5540/5456 5853/6578/6388 5855/6641/6389
f 5031/5895/5811 5103/5899/5815 5861/6642/6414 5860/5896/5812
f 5811/6643/6415 2637/5967/5879 5146/6023/5932 5862/6644/6416
f 5803/6125/6038 5799/6020/5929 5862/6644/6416 5866/6645/6417
f 2652/3147/3228 2653/3149/3232 5822/6626/3237
f 5763/6546/6375 5762/3165/3245 5825/6628/3246 5826/6547/6376
f 5844/6572/6382 5781/4880/4969 6288/5019/4965 6407/6656/4964
f 5858/3100/3176 4880/3101/3177 4781/5767/5684 5857/6580/6391
f 5103/5899/5815 2637/5967/5879 5811/6643/6415 5861/6642/6414
f 5218/6261/6188 5290/6260/6187 5864/6658/6419 5863/6657/6418
f 5865/6659/6420 5362/6350/6265 5218/6261/6188 5863/6657/6418
f 5434/6130/6043 5362/6350/6265 5865/6659/6420 5866/6645/6417
f 6346/6660/1 5899/6661/6421 5900/6662/6422 5868/6663/2
f 5901/6664/6423 6029/6665/6424 6027/6666/6425 5899/6661/6421
f 5867/5265/475 5869/136/161 167/137/162
f 5869/6667/161 5902/6668/6426 5901/6664/6423 6345/6669/12
f 6351/5585/5499 4682/5584/5498 4/5341/5257 6344/5344/5256
f 5889/5277/394 4366/5276/5197 276/32/36 6347/5329/395
f 6348/6670/5141 317/40/44 1/39/43 6343/6671/516
f 6134/6672/6427 4125/414/465 3611/417/468 6129/4671/4749
f 1/39/43 344/473/519 5870/472/514 6343/6671/516
f 5868/6663/2 5900/6662/6422 5908/468/515 5870/467/514
f 6038/6673/2118 6101/6674/6428 6100/6675/6429 6037/6676/6430
f 5873/1470/1508 757/1469/1529 1637/1442/1503 5878/1441/1502
f 5879/6680/1521 1642/6677/6431 755/6678/6432 6492/6679/6433
f 4846/2289/2358 1642/6677/6431 5879/6680/1521 6511/6681/1520
f 6039/6682/6434 6043/6683/6435 5915/1471/1530 5911/1446/1507
f 5874/6684/1532 758/2312/2383 1646/1468/1528 6499/1467/1527
f 1650/2308/2379 758/2312/2383 5874/6684/1532 6500/6685/1544
f 768/2309/2380 1650/2308/2379 6500/6685/1544 6493/6686/1543
f 1654/6687/6436 768/2309/2380 6493/6686/1543 6501/6688/1550
f 5978/2317/2387 1654/6687/6436 6501/6688/1550 769/1501/1561
f 6501/6688/1550 5875/1502/1552 769/1501/1561
f 5920/1493/1551 5921/6689/1567 5880/6690/1559 5875/1494/1552
f 5876/6691/1575 770/2339/2411 1658/1500/1560 5880/1499/1559
f 1662/2337/2409 770/2339/2411 5876/6691/1575 6502/6692/1573
f 6494/6693/1577 771/2347/2422 1662/2337/2409 6502/6692/1573
f 1666/2345/2419 771/2347/2422 6494/6693/1577 6503/6694/1588
f 772/1532/1598 1666/2345/2419 6503/6694/1588 6495/1533/1590
f 6118/6864/1605 6055/6695/6437 5926/1525/1589 6054/1524/1586
f 5927/1534/1601 6504/1537/1596 6055/6695/6437
f 5926/1525/1589 6055/6695/6437 6504/1537/1596 6495/6763/1590
f 773/2353/2430 1670/1531/1597 6504/1530/1596 5877/6696/1600
f 1674/1547/1613 773/2353/2430 5877/6696/1600 6505/1544/1610
f 5929/1542/1609 5930/6697/6438 6496/6698/1611 6505/1543/1610
f 6121/6699/6439 1675/1549/1615 1676/1550/1616 6122/6700/6440
f 6497/6701/1630 775/2380/2461 1678/1553/1621 5881/1552/1620
f 6506/6702/1632 1682/2381/2460 775/2380/2461 6497/6701/1630
f 6492/6679/6433 755/6678/6432 1682/2381/2460 6506/6702/1632
f 1993/2031/2107 4082/6703/6441 5886/6704/2101 6507/2028/2104
f 5934/2026/2103 5935/6705/6442 6498/6706/2105 6507/2027/2104
f 5872/1444/1505 751/1443/1504 1998/2048/2123 5882/2047/2120
f 1994/2033/2109 1997/2045/2121 6126/6707/6443 6125/6789/6444
f 1997/2045/2121 6127/6708/6445 6126/6707/6443
f 6435/6709/6446 6414/4677/4755 3510/2036/2112 6128/6710/6447
f 5884/6711/5000 3678/4910/4996 3466/413/464 5883/412/463
f 6365/6712/6448 6366/4673/4751 6384/6713/6449 6383/6714/6450
f 5885/6715/6451 4052/5144/5123 3508/4669/4747 6508/4668/4746
f 5886/6704/2101 4082/6703/6441 4052/5144/5123 5885/6715/6451
f 5887/411/462 4127/410/461 4159/5172/5140 5888/6716/5137
f 5888/6716/5137 4159/5172/5140 317/40/44 6348/6670/5141
f 5944/6717/6452 5903/6718/6453 5867/6719/475 5890/6720/5189
f 5943/338/393 5944/6717/6452 5890/6720/5189 5889/339/394
f 5945/6721/6454 6073/6722/6455 6032/6723/6456 5904/341/396
f 4502/5346/5261 275/334/386 6096/336/390 6139/6724/6457
f 4729/5412/5326 4545/5411/5325 6349/6725/5330 5893/6726/5329
f 4545/5411/5325 4591/5500/5417 6350/6727/6458 6349/6725/5330
f 6077/6728/6459 6142/337/391 6138/6729/6460 6073/6722/6455
f 4500/5342/5258 4706/5612/5524 6352/6730/5510 5892/5343/5259
f 4706/5612/5524 4729/5412/5326 5893/6726/5329 6352/6730/5510
f 4986/5876/5792 4914/5875/5791 5894/6731/6461 5895/5924/5837
f 4785/2290/2359 4846/2289/2358 6511/6681/1520 6510/6732/6462
f 4914/5875/5791 4785/2290/2359 6510/6732/6462 5894/6731/6461
f 5955/5669/5581 5956/6733/6463 5896/6734/5838 5895/6735/5837
f 5956/6733/6463 5914/6027/5936 5871/6736/5882 5896/6734/5838
f 5149/6029/5938 708/5971/5883 5871/5970/5882 5897/6737/6464
f 6512/6738/6465 5221/6140/6053 5365/6139/6052 5898/6380/6290
f 6513/6739/6466 5293/6267/6194 5221/6140/6053 6512/6738/6465
f 6514/6382/6289 5437/6381/6291 5149/6029/5938 5897/6737/6464
f 6514/6741/6289 5961/6352/6267 5960/6131/6044 5898/6740/6290
f 5869/6667/161 5867/6719/475 5903/6718/6453 5902/6668/6426
f 5949/6742/6467 6351/6743/5499 6344/6744/5256 5905/6745/6468
f 6095/6746/6469 273/5267/5190 4374/342/397 6136/6747/6470
f 6348/5173/5141 6343/469/516 5907/406/457 5906/409/460
f 6036/6748/6471 6099/6749/6472 6098/6750/6473 6035/407/458
f 1634/1438/1499 1638/1450/1510 6102/6751/6474
f 6102/6751/6474 6039/6682/6434 6100/6675/6429 1634/1438/1499
f 5879/1461/1521 6492/6752/6433 5913/6753/6475 5912/1462/1522
f 1639/1451/1511 4844/1463/1523 6146/6754/6476 6103/1457/1517
f 6043/6683/6435 6044/1482/1540 5916/1472/1531 5915/1471/1530
f 6500/1486/1544 5874/1473/1532 5916/1472/1531 5917/1483/1541
f 1648/1477/1535 1651/1487/1545 6109/6755/6477 6108/1480/1538
f 6046/6756/6478 6047/6757/6479 5919/1491/1549 5918/1484/1542
f 6047/6757/6479 6048/6758/6480 5920/1493/1551 5919/1491/1549
f 5876/1514/1575 5880/6690/1559 5921/6689/1567 5922/1511/1574
f 6050/1506/1566 6051/6759/6481 5923/1512/1572
f 1660/1509/1571 1663/1517/1579 6114/6760/6482 6113/1505/1562
f 6114/6760/6482 1663/1517/1579 6115/6761/1585 6051/6759/6481
f 5925/1523/1583 6503/6762/1588 6494/1516/1577 5924/1515/1576
f 6119/6765/1608 6056/6764/1602 5927/1534/1601 6055/6695/6437
f 6119/6765/1608 6120/6766/6483 6057/6767/6484 6056/6764/1602
f 6497/1564/1630 5881/6768/1620 5931/1557/1622 5932/1556/1625
f 5932/1556/1625 6060/1555/1624 6061/1566/1634 5933/1562/1631
f 5913/6753/6475 6492/6752/6433 6506/1563/1632 5933/1562/1631
f 6125/6789/6444 6062/6770/6485 5940/2025/2102 6068/6769/6486
f 6062/6770/6485 5934/2026/2103 5940/2025/2102
f 6127/6708/6445 1997/2045/2121 1636/1439/1500 6101/6674/6428
f 6365/6712/6448 5884/4943/5000 5883/6771/463 5938/6772/6487
f 5939/5134/5114 5885/6773/6451 6508/6774/4746 5937/5135/5115
f 5940/2025/2102 5886/2024/2101 5885/6773/6451 5939/5134/5114
f 6097/6848/6488 4157/5170/5139 4125/414/465 6135/6775/6489
f 4125/414/465 6134/6672/6427 6135/6775/6489
f 5906/409/460 6034/408/459 6070/6776/6490 5942/5169/5138
f 6140/5506/5422 6144/5614/5526 6079/5617/5529 6075/6777/6491
f 6349/5416/5330 6350/6778/6458 5948/6779/6492 5947/5417/5331
f 6078/5616/5528 6074/6780/6493 5946/5595/5509 5950/5594/5508
f 6352/5597/5510 5893/5415/5329 5951/5414/5328 5950/5594/5508
f 5895/6735/5837 5894/6781/6461 5954/5670/5582 5955/5669/5581
f 5952/5822/5739 6510/6782/6462 6511/1460/1520 5953/1459/1519
f 5894/6781/6461 6510/6782/6462 5952/5822/5739 5954/5670/5582
f 5897/6783/6464 5871/6736/5882 5914/6027/5936 5957/6026/5935
f 6512/6784/6465 5898/6740/6290 5960/6131/6044 5958/6134/6047
f 5959/6264/6191 6513/6785/6466 6512/6784/6465 5958/6134/6047
f 5961/6352/6267 6514/6741/6289 5897/6783/6464 5957/6026/5935
f 5899/6661/6421 6027/6666/6425 6028/6786/6494 5900/6662/6422
f 5899/6661/6421 6346/6660/1 6345/6669/12 5901/6664/6423
f 6092/6860/6495 6029/6665/6424 5902/6668/6426 6030/6787/6496
f 6029/6665/6424 5901/6664/6423 5902/6668/6426
f 5938/6772/6487 5883/6771/463 5887/5167/462 5941/5166/5136
f 5900/6662/6422 6028/6786/6494 6036/6748/6471 5908/468/515
f 5878/1448/1502 5872/2043/1505 5910/2042/2117 5909/1445/1506
f 6499/1474/1527 5873/1447/1508 5911/1446/1507 5915/1471/1530
f 5920/1493/1551 6048/6758/6480 6049/1503/1563 5921/6689/1567
f 5929/1542/1609 6057/6767/6484 6058/6788/6497 5930/6697/6438
f 5881/6768/1620 6496/6698/1611 5930/6697/6438 5931/1557/1622
f 6125/6789/6444 1992/2032/2108 1994/2033/2109
f 5935/6705/6442 5936/2041/2119 5882/2044/2120 6498/6706/2105
f 6431/6790/4745 6432/6791/6498 5937/5135/5115 6508/6774/4746
f 6383/6714/6450 6509/4940/4999 5884/4943/5000 6365/6712/6448
f 6137/6792/6499 4398/345/158 166/132/153 6094/134/156
f 6071/6793/6500 6136/6747/6470 6137/6792/6499 6072/6794/6501
f 5904/341/396 6347/340/395 5891/6795/5246 5945/6721/6454
f 5905/6745/6468 6344/6744/5256 5892/5596/5259 5946/5595/5509
f 5891/6795/5246 6351/6743/5499 5949/6742/6467 5945/6721/6454
f 6083/5672/5584 6084/6796/6502 5956/6733/6463 5955/5669/5581
f 6084/6796/6502 6042/6024/5933 5914/6027/5936 5956/6733/6463
f 5961/6352/6267 6089/6351/6266 6088/6132/6045 5960/6131/6044
f 110/4/4 69/3/3 5966/20/23 5967/19/20
f 23/11/11 110/4/4 5967/19/20 5964/6797/6503
f 276/32/36 4366/5276/5197 6008/6798/6504 5968/33/37
f 6222/29/33 6265/5587/5501 6202/6799/6505 6158/6800/6506
f 5969/41/45 6161/53/58 6162/6801/6507 5962/42/46
f 317/40/44 4159/5172/5140 6007/51/59 5969/41/45
f 167/137/162 23/11/11 5964/6797/6503 5970/421/472
f 6223/6802/6508 6159/6803/6509 6227/420/26 6333/418/469
f 6159/6803/6509 6163/6804/6510 6227/420/26
f 5971/478/523 344/473/519 1/39/43 5962/42/46
f 6228/477/522 346/475/18 116/15/14 6220/6805/22
f 1637/1442/1503 757/1469/1529 5975/6806/6511 5986/2279/2346
f 6165/2277/2344 6167/6807/6512 5973/2280/2347 5986/2279/2346
f 4795/2298/2367 4863/2297/2366 6273/5824/5741 6272/6808/6513
f 5974/2376/2456 755/6678/6432 1642/6677/6431 5987/6809/6514
f 1646/1468/1528 758/2312/2383 5976/2311/2382 5988/6810/6515
f 757/1469/1529 1646/1468/1528 5988/6810/6515 5975/6806/6511
f 6238/6811/6516 2160/2315/2385 2159/2313/2377 6237/6812/6517
f 6173/6813/6518 6237/6812/6517 6236/2301/2370 6172/6814/6519
f 5978/2317/2387 5990/2320/2390 1654/6687/6436
f 768/2309/2380 1654/6687/6436 5990/2320/2390 5977/2310/2381
f 1658/1500/1560 770/2339/2411 5979/2338/2410 5991/2330/2402
f 5991/2330/2402 6177/6815/6520 6176/2318/2388 5978/2317/2387
f 1662/2337/2409 771/2347/2422 5980/2333/2405 5992/2336/2408
f 6242/2326/2398 6179/2335/2407 6243/6816/2415 2166/2327/2399
f 6182/6817/2431 6246/6818/6521 6245/6819/6522
f 5981/2346/2420 6182/6817/2431 6245/6819/6522 6181/6820/2421
f 6244/6883/6523 6180/2334/2406 5993/2344/2418 6181/6820/2421
f 5982/2354/2428 6184/6821/6524 6183/6822/6525 5994/2352/2429
f 6246/6818/6521 6182/6817/2431 5994/2352/2429 6183/6822/6525
f 5995/6823/6526 1674/1547/1613 774/1546/1612
f 6185/6884/2443 5995/6823/6526 774/1546/1612 5983/2371/1619
f 5982/2354/2428 773/2353/2430 1674/1547/1613 5995/6823/6526
f 1678/1553/1621 775/2380/2461 5984/2366/2448 5996/2369/2450
f 1678/1553/1621 5996/2369/2450 5983/2371/1619
f 1682/2381/2460 755/6678/6432 5974/2376/2456 5997/2379/2459
f 5997/2379/2459 6189/2378/2458 6188/2367/2449 5984/2366/2448
f 5998/2869/2957 1993/2031/2107 901/2030/2106
f 6005/5149/5128 4082/6703/6441 1993/2031/2107 5998/2869/2957
f 2495/2882/2969 6256/6825/6527 6192/6826/6528 6231/6824/2970
f 6192/6826/6528 6167/6807/6512 6231/6824/2970
f 6256/6825/6527 2495/2882/2969 2493/2866/2952 6255/6827/6529
f 6437/6828/6530 6385/6829/4669 6195/6830/6531 6436/6831/6532
f 3466/413/464 3678/4910/4996 6003/4909/4995 6000/5155/5133
f 6353/4574/4668 6195/6833/6531 6385/6832/4669
f 6196/5148/5127 6194/6834/6533 6001/5143/5122 6004/5142/5121
f 4052/5144/5123 4082/6703/6441 6005/5149/5128 6004/5142/5121
f 4127/410/461 3466/413/464 6000/5155/5133 6006/5154/60
f 6006/5154/60 6198/5153/5132 6199/52/57
f 6159/6803/6509 6201/5275/5196 6009/5260/5187 5965/422/473
f 4366/5276/5197 4389/5259/5186 6009/5260/5187 6008/6798/6504
f 4/5341/5257 4682/5584/5498 6014/5321/5241 5963/5320/5240
f 6011/6835/6534 4500/5342/5258 4/5341/5257 5963/5320/5240
f 6271/6836/6535 6342/5588/5502 6338/5497/5414 6267/6837/6536
f 6204/6838/6537 6205/6839/6538 6013/5499/5416 6012/5410/5324
f 4682/5584/5498 4476/31/35 6010/34/38 6014/5321/5241
f 6015/5613/5525 4706/5612/5524 4500/5342/5258 6011/6835/6534
f 6015/5613/5525 6207/5590/5504 6208/6840/6539 6016/5409/5323
f 4785/2290/2359 4914/5875/5791 6019/5721/5634 6017/2287/2356
f 1642/6677/6431 4846/2289/2358 6018/2288/2357 5987/6809/6514
f 5022/5724/5637 4950/5878/5794 6274/6841/6540 6275/6842/6541
f 4986/5876/5792 5058/5923/5839 6021/5947/5860 6020/5877/5793
f 6021/5947/5860 5058/5923/5839 708/5971/5883 5972/5976/5886
f 6022/6030/5939 6214/6843/6542 6169/5977/5887 5972/5976/5886
f 6215/6844/6543 6217/6356/6271 6025/6138/6051 6023/6141/6054
f 6216/6845/6544 6215/6844/6543 6023/6141/6054 6024/6268/6195
f 5437/6381/6291 5365/6139/6052 6025/6138/6051 6026/6383/6292
f 6218/6355/6270 6214/6843/6542 6022/6030/5939 6026/6383/6292
f 6030/6787/6496 5902/6668/6426 5903/6718/6453 6031/6846/160
f 6077/6728/6459 5949/6742/6467 5905/6745/6468 6033/6847/6545
f 6098/6750/6473 316/404/455 314/403/454 6097/6848/6488
f 5912/1462/1522 5913/6753/6475 6041/1455/1515 6040/1458/1518
f 5917/1483/1541 5916/1472/1531 6044/1482/1540 6045/1481/1539
f 6050/1506/1566 5922/1511/1574 5921/6689/1567
f 6115/6761/1585 1663/1517/1579 1664/1519/1580
f 6116/6849/1587 6053/1522/1582 6115/6761/1585 1664/1519/1580
f 6117/6850/1595 6054/1524/1586 6116/6849/1587 1667/1527/1592
f 6122/6700/6440 1676/1550/1616 1679/1558/1626 6123/6851/6546
f 6041/1455/1515 5913/6753/6475 5933/1562/1631 6061/1566/1634
f 6366/4673/4751 6365/6712/6448 5938/6772/6487 6066/4670/4748
f 6065/5136/5116 6128/6710/6447 6132/5145/5124 6067/5133/5113
f 6068/6769/6486 5940/2025/2102 5939/5134/5114 6067/5133/5113
f 6075/6777/6491 5947/5417/5331 5948/6779/6492 6076/6852/6547
f 5950/5594/5508 5951/5414/5328 6079/5617/5529 6078/5616/5528
f 6147/5855/5770 6148/6853/6548 6083/5672/5584 6082/5671/5583
f 6146/6754/6476 6145/5854/5771 6080/5821/5738 6081/5820/5737
f 5954/5670/5582 5952/5822/5739 6080/5821/5738 6082/5671/5583
f 6105/6854/6549 1643/5966/5878 5147/6021/5930 6150/6855/6550
f 5363/6128/6041 5219/6127/6040 6151/6856/6551 6153/6857/6552
f 6151/6856/6551 6152/6858/6553 6087/6263/6190 6086/6133/6046
f 5147/6021/5930 5435/6349/6264 6154/6859/6554 6150/6855/6550
f 6092/6860/6495 113/9/9 109/5/5 6090/6861/6555
f 6066/4670/4748 5938/6772/6487 5941/5166/5136 6069/6862/6556
f 6037/6676/6430 5909/1445/1506 5910/2042/2117 6038/6673/2118
f 1638/1450/1510 1644/1465/1525 6106/6863/6557 6102/6751/6474
f 6117/6850/1595 1668/1529/1594 6118/6864/1605 6054/1524/1586
f 6059/1554/1623 5931/1557/1622 5930/6697/6438 6058/6788/6497
f 6064/6865/6558 5936/2041/2119 5935/6705/6442 6063/6866/6559
f 6383/6867/6450 6384/6868/6449 6434/6869/6560 6432/6791/6498
f 6130/4672/4750 3666/4679/4757 6374/4945/4752 6131/6870/6561
f 6138/6729/6460 4492/5327/392 273/5267/5190 6095/6746/6469
f 6033/6847/6545 5905/6745/6468 5946/5595/5509 6074/6780/6493
f 6073/6722/6455 5945/6721/6454 5949/6742/6467 6077/6728/6459
f 6071/6793/6500 5943/338/393 5904/341/396 6032/6723/6456
f 6035/407/458 5907/406/457 5908/468/515 6036/6748/6471
f 6039/6682/6434 5911/1446/1507 5909/1445/1506 6037/6676/6430
f 5953/1459/1519 5912/1462/1522 6040/1458/1518 6081/5820/5737
f 1644/1465/1525 1647/1475/1533 6107/1479/1537 6106/6863/6557
f 5918/1484/1542 5917/1483/1541 6045/1481/1539 6046/6756/6478
f 6109/6755/6477 1651/1487/1545 1652/1489/1547 6110/6871/6562
f 6110/6871/6562 6111/6872/1556 6048/6758/6480 6047/6757/6479
f 1659/1507/1565 1660/1509/1571 6113/1505/1562
f 6052/1521/1584 5923/1512/1572 6051/6759/6481 6115/6761/1585
f 6055/6695/6437 6118/6864/1605 1671/1539/1604 6119/6765/1608
f 6057/6767/6484 5929/1542/1609 5928/1535/1599 6056/6764/1602
f 6060/1555/1624 6123/6851/6546 6124/1565/1633 6061/1566/1634
f 6125/6789/6444 6068/6769/6486 6133/5146/5125 1992/2032/2108
f 6038/6673/2118 5936/2041/2119 6101/6674/6428
f 6101/6674/6428 5936/2041/2119 6064/6865/6558 6127/6708/6445
f 6069/6862/6556 5941/5166/5136 5942/5169/5138 6070/6776/6490
f 6034/408/459 6097/6848/6488 6135/6775/6489 6070/6776/6490
f 5951/5414/5328 5947/5417/5331 6075/6777/6491 6079/5617/5529
f 4708/5422/5337 4502/5346/5261 6139/6724/6457 6143/5615/5527
f 6027/6666/6425 6090/6861/6555 6091/6873/6563 6028/6786/6494
f 6092/6860/6495 6030/6787/6496 6093/135/159 113/9/9
f 6028/6786/6494 6091/6873/6563 6099/6749/6472 6036/6748/6471
f 6112/1504/1564 6049/1503/1563 6111/6872/1556 1656/1497/1555
f 6058/6788/6497 6057/6767/6484 6120/6766/6483 6121/6699/6439
f 6063/6866/6559 5935/6705/6442 5934/2026/2103 6062/6770/6485
f 6031/6846/160 5903/6718/6453 5944/6717/6452 6072/6794/6501
f 6072/6794/6501 5944/6717/6452 5943/338/393 6071/6793/6500
f 6148/6853/6548 6149/6874/6564 6084/6796/6502 6083/5672/5584
f 6084/6796/6502 6149/6874/6564 6105/6854/6549 6042/6024/5933
f 6089/6351/6266 6154/6859/6554 6153/6857/6552 6088/6132/6045
f 6093/135/159 6030/6787/6496 6031/6846/160
f 6077/6728/6459 6033/6847/6545 6096/336/390 6142/337/391
f 1641/1452/1512 1639/1451/1511 6103/1457/1517 6104/1456/1516
f 1647/1475/1533 1648/1477/1535 6108/1480/1538 6107/1479/1537
f 1680/1560/1628 1641/1452/1512 6124/1565/1633 6123/6851/6546
f 1641/1452/1512 6104/1456/1516 6124/1565/1633
f 6129/4671/4749 3611/417/468 3666/4679/4757 6130/4672/4750
f 6133/5146/5125 6068/6769/6486 6067/5133/5113 6132/5145/5124
f 6140/5506/5422 6075/6777/6491 6076/6852/6547 6141/5503/5420
f 4731/5419/5335 4708/5422/5337 6143/5615/5527 6144/5614/5526
f 6082/5671/5583 6080/5821/5738 6145/5854/5771 6147/5855/5770
f 6129/4671/4749 6066/4670/4748 6069/6862/6556
f 6134/6672/6427 6129/4671/4749 6069/6862/6556 6070/6776/6490
f 6101/6674/6428 1636/1439/1500 1634/1438/1499 6100/6675/6429
f 6122/6700/6440 6059/1554/1623 6058/6788/6497 6121/6699/6439
f 6127/6708/6445 6064/6865/6558 6063/6866/6559 6126/6707/6443
f 6434/6869/6560 6435/6709/6446 6128/6710/6447 6065/5136/5116
f 6096/336/390 6033/6847/6545 6074/6780/6493 6139/6724/6457
f 4492/5327/392 6138/6729/6460 6142/337/391
f 6136/6747/6470 6071/6793/6500 6032/6723/6456 6095/6746/6469
f 6099/6749/6472 343/470/518 316/404/455 6098/6750/6473
f 6039/6682/6434 6037/6676/6430 6100/6675/6429
f 6081/5820/5737 6040/1458/1518 6103/1457/1517 6146/6754/6476
f 6046/6756/6478 6045/1481/1539 6108/1480/1538 6109/6755/6477
f 1672/1541/1607 6120/6766/6483 6119/6765/1608
f 6070/6776/6490 6135/6775/6489 6134/6672/6427
f 4547/5505/5336 4731/5419/5335 6144/5614/5526 6140/5506/5422
f 6126/6707/6443 6063/6866/6559 6062/6770/6485 6125/6789/6444
f 6031/6846/160 6072/6794/6501 6137/6792/6499 6094/134/156
f 6136/6747/6470 4374/342/397 4398/345/158 6137/6792/6499
f 6097/6848/6488 6034/408/459 6035/407/458 6098/6750/6473
f 6060/1555/1624 6059/1554/1623 6122/6700/6440 6123/6851/6546
f 6128/6710/6447 3510/2036/2112 4051/2035/2111 6132/5145/5124
f 4941/5676/5585 5013/5859/5775 6148/6853/6548 6147/5855/5770
f 4844/1463/1523 4802/5673/5586 6145/5854/5771 6146/6754/6476
f 6085/6025/5934 6042/6024/5933 6105/6854/6549 6150/6855/6550
f 6151/6856/6551 6086/6133/6046 6088/6132/6045 6153/6857/6552
f 5219/6127/6040 5291/6258/6185 6152/6858/6553 6151/6856/6551
f 6089/6351/6266 6085/6025/5934 6150/6855/6550 6154/6859/6554
f 6090/6861/6555 6027/6666/6425 6029/6665/6424 6092/6860/6495
f 6043/6683/6435 6039/6682/6434 6102/6751/6474 6106/6863/6557
f 6131/6870/6561 6384/6713/6449 6366/4673/4751 6130/4672/4750
f 6095/6746/6469 6032/6723/6456 6073/6722/6455 6138/6729/6460
f 6044/1482/1540 6043/6683/6435 6106/6863/6557 6107/1479/1537
f 6047/6757/6479 6046/6756/6478 6109/6755/6477 6110/6871/6562
f 6110/6871/6562 1652/1489/1547 1655/1495/1553 6111/6872/1556
f 6114/6760/6482 6051/6759/6481 6050/1506/1566 6113/1505/1562
f 6123/6851/6546 1679/1558/1626 1680/1560/1628
f 6133/5146/5125 4081/5137/5117 1992/2032/2108
f 6097/6848/6488 314/403/454 4157/5170/5139
f 6139/6724/6457 6074/6780/6493 6078/5616/5528 6143/5615/5527
f 6090/6861/6555 109/5/5 111/8/8 6091/6873/6563
f 6091/6873/6563 111/8/8 343/470/518 6099/6749/6472
f 6049/1503/1563 6048/6758/6480 6111/6872/1556
f 6120/6766/6483 1672/1541/1607 1675/1549/1615 6121/6699/6439
f 5013/5859/5775 5085/5858/5774 6149/6874/6564 6148/6853/6548
f 5085/5858/5774 1643/5966/5878 6105/6854/6549 6149/6874/6564
f 5435/6349/6264 5363/6128/6041 6153/6857/6552 6154/6859/6554
f 6220/6805/22 116/15/14 6219/23/27 6155/18/19
f 5964/6797/6503 5967/19/20 6155/18/19
f 6157/6875/6565 5964/6797/6503 6155/18/19 6219/23/27
f 5968/33/37 6008/6798/6504 6200/5274/5195 6158/6800/6506
f 6262/6876/6566 6225/6877/6567 6199/52/57 6198/5153/5132
f 6225/6877/6567 6161/53/58 6199/52/57
f 5970/421/472 5964/6797/6503 6157/6875/6565 6163/6804/6510
f 6164/6878/6568 5971/478/523 5962/42/46 6162/6801/6507
f 6165/2277/2344 5986/2279/2346 5975/6806/6511 6166/2278/2345
f 5974/2376/2456 5987/6809/6514 6168/5825/5742 6170/2377/2457
f 6171/6879/6569 5988/6810/6515 5976/2311/2382 6172/6814/6519
f 6166/2278/2345 5975/6806/6511 5988/6810/6515 6171/6879/6569
f 6240/6880/6570 2163/2324/2395 2162/2322/2392 6239/6881/6571
f 6239/6881/6571 2162/2322/2392 2160/2315/2385 6238/6811/6516
f 6177/6815/6520 5991/2330/2402 5979/2338/2410 6178/6882/6572
f 6244/6883/6523 2169/2342/2414 2168/2340/2413 6243/6816/2415
f 5983/2371/1619 6186/2370/2451 6185/6884/2443
f 6184/6821/6524 5982/2354/2428 5995/6823/6526 6185/6884/2443
f 6252/6885/6573 6251/6886/2446 6188/2367/2449 6189/2378/2458
f 6187/2368/2447 6251/6886/2446 6250/2359/2438 6186/2370/2451
f 6170/2377/2457 6234/2294/2363 6253/6887/6574 6189/2378/2458
f 6255/6827/6529 6254/2872/2960 6190/2868/2956 6191/2867/2955
f 6005/5149/5128 5998/2869/2957 6190/2868/2956 6197/5147/5126
f 6193/4573/4667 6000/5155/5133 6003/4909/4995 6353/4574/4668
f 6260/2871/2959 6259/6888/6575 6196/5148/5127 6197/5147/5126
f 6257/4572/4666 6334/48/55 4098/47/51 6261/6889/6576
f 6008/6798/6504 6009/5260/5187 6201/5275/5196 6200/5274/5195
f 6269/5586/5500 6224/5338/5253 6160/5319/5239 6206/5318/5238
f 6203/5591/5505 6011/6835/6534 5963/5320/5240 6160/5319/5239
f 6014/5321/5241 6010/34/38 6202/6799/6505 6206/5318/5238
f 6207/5590/5504 6015/5613/5525 6011/6835/6534 6203/5591/5505
f 6274/6841/6540 6272/6808/6513 6209/5720/5633 6211/5719/5632
f 5987/6809/6514 6018/2288/2357 6210/5823/5740 6168/5825/5742
f 5094/5725/5638 5022/5724/5637 6275/6842/6541 6276/6890/6577
f 2153/5964/5876 5094/5725/5638 6276/6890/6577 6233/6891/6578
f 6026/6383/6292 6025/6138/6051 6217/6356/6271 6218/6355/6270
f 6010/34/38 5968/33/37 6158/6800/6506 6202/6799/6505
f 6225/6877/6567 121/43/47 123/46/50 6226/476/521
f 5965/422/473 5970/421/472 6163/6804/6510 6159/6803/6509
f 6156/17/21 5966/20/23 5971/478/523 6164/6878/6568
f 6167/6807/6512 6229/2276/2343 2150/2284/2352 6231/6824/2970
f 6018/2288/2357 6017/2287/2356 6209/5720/5633 6210/5823/5740
f 6173/6813/6518 5989/2307/2378 5977/2310/2381 6174/2321/2391
f 6172/6814/6519 5976/2311/2382 5989/2307/2378 6173/6813/6518
f 6177/6815/6520 6241/2329/2401 6240/6880/6570 6176/2318/2388
f 6178/6882/6572 5979/2338/2410 5992/2336/2408 6179/2335/2407
f 6181/6820/2421 6245/6819/6522 6244/6883/6523
f 6248/2363/2442 2175/2357/2434 2174/2355/2433
f 6247/6892/2435 6183/6822/6525 6248/2363/2442 2174/2355/2433
f 6247/6892/2435 2172/2350/2425 6246/6818/6521 6183/6822/6525
f 6189/2378/2458 6253/6887/6574 2181/2374/2454 6252/6885/6573
f 5999/2884/2971 5973/2280/2347 6167/6807/6512 6192/6826/6528
f 5985/2870/2958 5999/2884/2971 6192/6826/6528 6191/2867/2955
f 6433/4568/4662 6001/5143/5122 6194/6834/6533 6436/6831/6532
f 6003/4909/4995 6002/4908/4663 6195/6833/6531 6353/4574/4668
f 6259/6888/6575 6515/6893/6579 6194/6834/6533 6196/5148/5127
f 4098/47/51 4130/5152/5131 6262/6876/6566 6261/6889/6576
f 6223/6802/6508 6264/5273/5194 6201/5275/5196 6159/6803/6509
f 6204/6838/6537 6012/5410/5324 6016/5409/5323 6208/6840/6539
f 6267/6837/6536 6268/6894/6580 6205/6839/6538 6204/6838/6537
f 6270/5592/5506 6341/5408/5322 6342/5588/5502 6271/6836/6535
f 6019/5721/5634 6020/5877/5793 6212/5949/5862 6211/5719/5632
f 6214/6843/6542 6277/6895/6581 6233/6891/6578 6169/5977/5887
f 6278/6896/6582 6280/6353/6268 6217/6356/6271 6215/6844/6543
f 6216/6845/6544 6279/6897/6583 6278/6896/6582 6215/6844/6543
f 6218/6355/6270 6281/6354/6269 6277/6895/6581 6214/6843/6542
f 6219/23/27 6221/22/24 6157/6875/6565
f 6158/6800/6506 6200/5274/5195 6263/30/34 6222/29/33
f 6163/6804/6510 6157/6875/6565 6221/22/24 6227/420/26
f 6228/477/522 6164/6878/6568 6162/6801/6507 6226/476/521
f 2148/2281/2349 6229/2276/2343 6230/2275/2342
f 6170/2377/2457 6168/5825/5742 6232/2291/2360 6234/2294/2363
f 6235/2304/2373 6171/6879/6569 6172/6814/6519 6236/2301/2370
f 6230/2275/2342 6166/2278/2345 6171/6879/6569 6235/2304/2373
f 6241/2329/2401 6177/6815/6520 6178/6882/6572 6242/2326/2398
f 6249/2362/2441 6185/6884/2443 6186/2370/2451 6250/2359/2438
f 6184/6821/6524 6185/6884/2443 6248/2363/2442 6183/6822/6525
f 6260/2871/2959 6197/5147/5126 6190/2868/2956 6254/2872/2960
f 6258/4575/4670 6361/4566/56 6334/48/55 6257/4572/4666
f 4397/5257/5185 6335/28/32 6263/30/34 6264/5273/5194
f 6266/5339/5254 6203/5591/5505 6160/5319/5239 6224/5338/5253
f 6206/5318/5238 6202/6799/6505 6265/5587/5501 6269/5586/5500
f 6266/5339/5254 6337/5336/5251 6341/5408/5322 6270/5592/5506
f 4863/2297/2366 2152/2292/2361 6232/2291/2360 6273/5824/5741
f 6280/6353/6268 5367/6147/6057 5439/6358/6273 6281/6354/6269
f 6330/27/30 6336/36/40 6265/5587/5501 6222/29/33
f 6333/418/469 6331/424/471 6223/6802/6508
f 6220/6805/22 6156/17/21 6164/6878/6568 6228/477/522
f 6273/5824/5741 6210/5823/5740 6209/5720/5633 6272/6808/6513
f 6237/6812/6517 6173/6813/6518 6174/2321/2391 6238/6811/6516
f 6237/6812/6517 2159/2313/2377 2157/2302/2371 6236/2301/2370
f 6242/2326/2398 6178/6882/6572 6179/2335/2407
f 6246/6818/6521 2172/2350/2425 2171/2348/2423 6245/6819/6522
f 6191/2867/2955 6192/6826/6528 6256/6825/6527 6255/6827/6529
f 6412/4564/2964 3679/6898/2965 6385/6829/4669
f 6447/2874/2961 6412/4564/2964 6385/6829/4669 6437/6828/6530
f 3679/4907/2965 6361/4566/56 6258/4575/4670 6385/6832/4669
f 6267/6837/6536 6204/6838/6537 6208/6840/6539 6271/6836/6535
f 6211/5719/5632 6212/5949/5862 6275/6842/6541 6274/6841/6540
f 6262/6876/6566 4130/5152/5131 121/43/47 6225/6877/6567
f 6239/6881/6571 6175/2319/2389 6176/2318/2388 6240/6880/6570
f 6238/6811/6516 6174/2321/2391 6175/2319/2389 6239/6881/6571
f 6243/6816/2415 6179/2335/2407 6180/2334/2406 6244/6883/6523
f 6252/6885/6573 2181/2374/2454 2180/2372/2445 6251/6886/2446
f 6251/6886/2446 2180/2372/2445 2178/2360/2439 6250/2359/2438
f 6234/2294/2363 2154/2293/2362 2183/2382/2462 6253/6887/6574
f 2493/2866/2952 2492/2865/2951 6254/2872/2960 6255/6827/6529
f 4097/2873/2954 4065/2875/2962 6259/6888/6575 6260/2871/2959
f 6261/6889/6576 6198/5153/5132 6193/4573/4667 6257/4572/4666
f 6340/35/39 6332/5337/5252 6224/5338/5253 6269/5586/5500
f 4950/5878/5794 4795/2298/2367 6272/6808/6513 6274/6841/6540
f 6212/5949/5862 6213/5948/5861 6276/6890/6577 6275/6842/6541
f 6213/5948/5861 6169/5977/5887 6233/6891/6578 6276/6890/6577
f 6226/476/521 6162/6801/6507 6161/53/58 6225/6877/6567
f 6167/6807/6512 6165/2277/2344 6229/2276/2343
f 6241/2329/2401 2165/2328/2397 2163/2324/2395 6240/6880/6570
f 6245/6819/6522 2171/2348/2423 2169/2342/2414 6244/6883/6523
f 6253/6887/6574 2183/2382/2462 2181/2374/2454
f 4065/2875/2962 6447/2874/2961 6515/6893/6579 6259/6888/6575
f 6198/5153/5132 6261/6889/6576 6262/6876/6566
f 6331/424/471 4397/5257/5185 6264/5273/5194 6223/6802/6508
f 6338/5497/5414 6339/5496/5413 6268/6894/6580 6267/6837/6536
f 6271/6836/6535 6208/6840/6539 6207/5590/5504 6270/5592/5506
f 5151/6032/5941 2153/5964/5876 6233/6891/6578 6277/6895/6581
f 6278/6896/6582 5223/6144/6058 5367/6147/6057 6280/6353/6268
f 6279/6897/6583 5295/6271/6198 5223/6144/6058 6278/6896/6582
f 6281/6354/6269 5439/6358/6273 5151/6032/5941 6277/6895/6581
f 3696/5188/4825 4230/3807/3882 6448/3810/1384
f 6411/4565/4661 3677/4682/4760 3679/6898/2965
f 6517/4589/4678 6522/4596/4685 6377/4595/4684 3683/4586/4676
f 6413/4571/4665 3508/4669/4747 6001/5143/5122 6433/4568/4662
f 6423/4631/4715 3652/4649/4728 3650/4635/4720 6424/4632/4716
f 3590/2015/2092 3589/2009/2085 6439/4602/4689
f 3474/2820/2897 6445/2812/2889 6527/4642/4725 6410/4641/4724
f 3587/5130/4729 3586/4620/4704 6418/4619/4703 6419/4647/4727
f 6416/4614/4698 3646/4613/4697 3645/6899/4997 6417/4616/4700
f 6420/4603/2084 6415/4686/4764 3669/4688/4765 6378/4600/4687
f 6445/2812/2889 6444/2811/2888 6524/4658/4737 6527/4642/4725
f 3603/5125/5107 3602/5124/5106 6425/4637/4719 6426/4660/4739
f 3512/2037/2113 3510/2036/2112 6414/4677/4755 6438/4676/4754
f 6424/4632/4716 6425/4637/4719 3602/5124/5106 3600/4629/4713
f 3513/4685/4763 3512/2037/2113 6438/4676/4754
f 6436/6831/6532 6195/6830/6531 6002/4569/4663 6433/4568/4662
f 4357/1974/2047 4298/1973/2046 6428/4663/4740 6430/5232/5173
f 6429/4651/4730 4340/5218/5163 3468/5247/5184 6409/5244/5182
f 6065/5136/5116 5937/5135/5115 6432/6791/6498 6434/6869/6560
f 6373/4570/4664 6509/6900/4999 6431/4667/4745 6413/4571/4665
f 6421/4607/4692 3648/4606/4691 6367/4612/4696
f 6367/4612/4696 6422/4609/2078 6421/4607/4692
f 3461/2829/2903 3462/2828/2905 6521/4623/4707 6520/4626/4710
f 6417/4616/4700 3645/6899/4997 3657/4645/4705
f 6443/2837/2915 3461/2829/2903 6520/4626/4710 6523/4597/2917
f 6524/4658/4737 6427/4650/4732 6379/4653/4733 6370/4657/4736
f 6521/4623/4707 6410/4641/4724 3659/4640/4723 3655/4624/4708
f 4278/2813/2890 4340/5218/5163 6429/4651/4730
f 4298/1973/2046 3603/5125/5107 6426/4660/4739 6428/4663/4740
f 6414/4677/4755 6435/6709/6446 6131/6901/6561 6374/4674/4752
f 6436/6831/6532 6194/6834/6533 6515/6893/6579 6437/6828/6530
f 3468/5251/5184 4357/1974/2047 6430/5232/5173 6409/5249/5182
f 6435/6709/6446 6434/6869/6560 6384/6868/6449 6131/6901/6561
f 6432/6791/6498 6431/6790/4745 6509/6902/4999 6383/6867/6450
f 6437/6828/6530 6515/6893/6579 6447/2874/2961
f 897/2842/3039 6538/6904/2910 6537/6903/2920 2487/2847/2930
f 897/2842/3039 2484/2840/2913 6538/6904/2910
f 4059/2835/2916 4060/2836/2912 4090/2833/2909 4089/2834/2908
f 4093/2852/2927 2485/2841/2919 4092/2843/2922 4061/2853/2935
f 3966/3638/3704 2964/3634/3710 3967/3644/3712 4017/3630/3705
f 3965/3637/5092 2964/3634/3710 3966/3638/3704 4018/3629/3707
f 2964/3634/3710 3965/3637/5092 2963/3626/3700
usemtl lambert4SG
f 6606/6974/5047 6607/6975/5046 3876/4442/4539 3878/4446/4543
f 3908/4554/4650 3907/4551/4648 3449/4550/4647 3450/4553/4651
usemtl lambert3SG
f 6539/6905/6584 6619/6987/6585 6620/6988/6586 6540/6906/6587
f 6620/6988/6586 6621/6989/6588 6541/6907/6589 6540/6906/6587
f 6542/6908/6590 6541/6907/6589 6621/6989/6588 6622/6990/6591
f 6622/6990/6591 6623/6992/6592 6543/6910/6593 6542/6908/6590
f 6623/6991/6592 6624/6993/6594 6544/6911/6595 6543/6909/6593
f 6624/6993/6594 6625/6994/6596 6545/6912/6597 6544/6911/6595
f 6546/6913/6598 6545/6912/6597 6625/6994/6596 6626/6995/6599
f 6627/6996/6600 6547/6914/6601 6546/6913/6598 6626/6995/6599
f 6628/6997/6602 6548/6915/6603 6547/6914/6601 6627/6996/6600
f 6629/6998/6604 6549/6916/6605 6548/6915/6603 6628/6997/6602
f 6630/6999/6606 6550/6917/6607 6549/6916/6605 6629/6998/6604
f 6631/7000/6608 6551/6918/6609 6550/6917/6607 6630/6999/6606
f 6632/7001/6610 6552/6919/6611 6551/6918/6609 6631/7000/6608
f 6553/6920/6612 6552/6919/6611 6632/7001/6610 6633/7002/6613
f 6554/6921/6614 6553/6920/6612 6633/7002/6613 6634/7003/6615
f 6555/6922/6616 6554/6921/6614 6634/7003/6615 6635/7004/6617
f 6556/6923/6618 6555/6922/6616 6635/7004/6617 6636/7005/6619
f 6557/6924/6620 6556/6923/6618 6636/7005/6619 6637/7006/6621
f 6558/6925/6622 6557/6924/6620 6637/7006/6621 6638/7007/6623
f 6639/7008/6624 6559/6926/6625 6558/6925/6622 6638/7007/6623
f 6640/7009/6626 6560/6927/6627 6559/6926/6625 6639/7008/6624
f 6641/7010/6628 6561/6928/6629 6560/6927/6627 6640/7009/6626
f 6642/7011/6630 6562/6929/6631 6561/6928/6629 6641/7010/6628
f 6563/6930/6632 6562/6929/6631 6642/7011/6630 6643/7012/6633
f 6644/7013/6634 6564/6931/6635 6563/6930/6632 6643/7012/6633
f 6565/6932/6636 6564/6931/6635 6644/7013/6634 6645/7014/6637
f 6645/7014/6637 6646/7015/6638 6566/6933/6639 6565/6932/6636
f 6646/7015/6638 6647/7016/6640 6567/6934/6641 6566/6933/6639
f 6647/7016/6640 6648/7017/6642 6568/6935/6643 6567/6934/6641
f 6569/6936/6644 6568/6935/6643 6648/7017/6642 6649/7018/6645
f 6570/6937/6646 6569/6936/6644 6649/7018/6645 6650/7019/6647
f 6650/7019/6647 6651/7020/6648 6571/6938/6649 6570/6937/6646
f 6651/7020/6648 6652/7021/6650 6572/6939/6651 6571/6938/6649
f 6573/6940/6652 6572/6939/6651 6652/7021/6650 6653/7022/6653
f 6574/6941/6654 6573/6940/6652 6653/7022/6653 6654/7023/6655
f 6654/7023/6655 6655/7024/6656 6575/6942/6657 6574/6941/6654
f 6655/7024/6656 6656/7025/6658 6576/6943/6659 6575/6942/6657
f 6577/6944/6660 6576/6943/6659 6656/7025/6658 6657/7026/6661
f 6578/6945/6662 6577/6944/6660 6657/7026/6661 6658/7027/6663
f 6539/6905/6584 6578/6945/6662 6658/7027/6663 6619/6987/6585
f 6579/6946/5034 6539/6905/6584 6540/6906/6587 6580/6947/5033
f 6540/6906/6587 6541/6907/6589 6581/6948/5031 6580/6947/5033
f 6582/6949/5032 6581/6948/5031 6541/6907/6589 6542/6908/6590
f 6542/6908/6590 6543/6910/6593 6583/6951/5156 6582/6949/5032
f 6543/6909/6593 6544/6911/6595 6584/6952/5030 6583/6950/5156
f 6544/6911/6595 6545/6912/6597 6585/6953/4471 6584/6952/5030
f 6586/6954/4472 6585/6953/4471 6545/6912/6597 6546/6913/6598
f 6547/6914/6601 6587/6955/4476 6586/6954/4472 6546/6913/6598
f 6548/6915/6603 6588/6956/4482 6587/6955/4476 6547/6914/6601
f 6549/6916/6605 6589/6957/4486 6588/6956/4482 6548/6915/6603
f 6550/6917/6607 6590/6958/4490 6589/6957/4486 6549/6916/6605
f 6551/6918/6609 6591/6959/4494 6590/6958/4490 6550/6917/6607
f 6552/6919/6611 6592/6960/4498 6591/6959/4494 6551/6918/6609
f 6593/6961/4503 6592/6960/4498 6552/6919/6611 6553/6920/6612
f 6594/6962/4507 6593/6961/4503 6553/6920/6612 6554/6921/6614
f 6595/6963/4511 6594/6962/4507 6554/6921/6614 6555/6922/6616
f 6596/6964/4515 6595/6963/4511 6555/6922/6616 6556/6923/6618
f 6597/6965/4519 6596/6964/4515 6556/6923/6618 6557/6924/6620
f 6598/6966/4523 6597/6965/4519 6557/6924/6620 6558/6925/6622
f 6559/6926/6625 6599/6967/4526 6598/6966/4523 6558/6925/6622
f 6560/6927/6627 6600/6968/4530 6599/6967/4526 6559/6926/6625
f 6561/6928/6629 6601/6969/5174 6600/6968/4530 6560/6927/6627
f 6562/6929/6631 6602/6970/4536 6601/6969/5174 6561/6928/6629
f 6603/6971/4537 6602/6970/4536 6562/6929/6631 6563/6930/6632
f 6564/6931/6635 6604/6972/4540 6603/6971/4537 6563/6930/6632
f 6605/6973/4545 6604/6972/4540 6564/6931/6635 6565/6932/6636
f 6565/6932/6636 6566/6933/6639 6606/6974/5047 6605/6973/4545
f 6566/6933/6639 6567/6934/6641 6607/6975/5046 6606/6974/5047
f 6567/6934/6641 6568/6935/6643 6608/6976/5045 6607/6975/5046
f 6609/6977/5044 6608/6976/5045 6568/6935/6643 6569/6936/6644
f 6610/6978/5043 6609/6977/5044 6569/6936/6644 6570/6937/6646
f 6570/6937/6646 6571/6938/6649 6611/6979/5042 6610/6978/5043
f 6571/6938/6649 6572/6939/6651 6612/6980/5041 6611/6979/5042
f 6613/6981/5040 6612/6980/5041 6572/6939/6651 6573/6940/6652
f 6614/6982/5039 6613/6981/5040 6573/6940/6652 6574/6941/6654
f 6574/6941/6654 6575/6942/6657 6615/6983/5038 6614/6982/5039
f 6575/6942/6657 6576/6943/6659 6616/6984/5037 6615/6983/5038
f 6617/6985/5036 6616/6984/5037 6576/6943/6659 6577/6944/6660
f 6618/6986/5035 6617/6985/5036 6577/6944/6660 6578/6945/6662
f 6579/6946/5034 6618/6986/5035 6578/6945/6662 6539/6905/6584
f 6619/6987/6585 6659/7028/6664 6660/7029/6665 6620/6988/6586
f 6660/7029/6665 6661/7030/6666 6621/6989/6588 6620/6988/6586
f 6622/6990/6591 6621/6989/6588 6661/7030/6666 6662/7031/6667
f 6662/7031/6667 6663/7033/6668 6623/6992/6592 6622/6990/6591
f 6663/7032/6668 6664/7034/6669 6624/6993/6594 6623/6991/6592
f 6664/7034/6669 6665/7035/6670 6625/6994/6596 6624/6993/6594
f 6626/6995/6599 6625/6994/6596 6665/7035/6670 6666/7036/6671
f 6667/7037/6672 6627/6996/6600 6626/6995/6599 6666/7036/6671
f 6668/7038/6673 6628/6997/6602 6627/6996/6600 6667/7037/6672
f 6669/7039/6674 6629/6998/6604 6628/6997/6602 6668/7038/6673
f 6670/7040/6675 6630/6999/6606 6629/6998/6604 6669/7039/6674
f 6671/7041/6676 6631/7000/6608 6630/6999/6606 6670/7040/6675
f 6672/7042/6677 6632/7001/6610 6631/7000/6608 6671/7041/6676
f 6633/7002/6613 6632/7001/6610 6672/7042/6677 6673/7043/6678
f 6634/7003/6615 6633/7002/6613 6673/7043/6678 6674/7044/6679
f 6635/7004/6617 6634/7003/6615 6674/7044/6679 6675/7045/6680
f 6636/7005/6619 6635/7004/6617 6675/7045/6680 6676/7046/6681
f 6637/7006/6621 6636/7005/6619 6676/7046/6681 6677/7047/6682
f 6638/7007/6623 6637/7006/6621 6677/7047/6682 6678/7048/6683
f 6679/7049/6684 6639/7008/6624 6638/7007/6623 6678/7048/6683
f 6680/7050/6685 6640/7009/6626 6639/7008/6624 6679/7049/6684
f 6681/7051/6686 6641/7010/6628 6640/7009/6626 6680/7050/6685
f 6682/7052/6687 6642/7011/6630 6641/7010/6628 6681/7051/6686
f 6643/7012/6633 6642/7011/6630 6682/7052/6687 6683/7053/6688
f 6684/7054/6689 6644/7013/6634 6643/7012/6633 6683/7053/6688
f 6645/7014/6637 6644/7013/6634 6684/7054/6689 6685/7055/6690
f 6685/7055/6690 6686/7056/6691 6646/7015/6638 6645/7014/6637
f 6686/7056/6691 6687/7057/6692 6647/7016/6640 6646/7015/6638
f 6687/7057/6692 6688/7058/6693 6648/7017/6642 6647/7016/6640
f 6649/7018/6645 6648/7017/6642 6688/7058/6693 6689/7059/6694
f 6650/7019/6647 6649/7018/6645 6689/7059/6694 6690/7060/6695
f 6690/7060/6695 6691/7061/6696 6651/7020/6648 6650/7019/6647
f 6691/7061/6696 6692/7062/6697 6652/7021/6650 6651/7020/6648
f 6653/7022/6653 6652/7021/6650 6692/7062/6697 6693/7063/6698
f 6654/7023/6655 6653/7022/6653 6693/7063/6698 6694/7064/6699
f 6694/7064/6699 6695/7065/6700 6655/7024/6656 6654/7023/6655
f 6695/7065/6700 6696/7066/6701 6656/7025/6658 6655/7024/6656
f 6657/7026/6661 6656/7025/6658 6696/7066/6701 6697/7067/6702
f 6658/7027/6663 6657/7026/6661 6697/7067/6702 6698/7068/6703
f 6619/6987/6585 6658/7027/6663 6698/7068/6703 6659/7028/6664
f 6659/7028/6664 3539/4904/4993 3541/4892/4981 6660/7029/6665
f 3541/4892/4981 3546/4895/4984 6661/7030/6666 6660/7029/6665
f 6662/7031/6667 6661/7030/6666 3546/4895/4984 4249/4900/4988
f 4249/4900/4988 4264/5210/5008 6663/7033/6668 6662/7031/6667
f 4264/4972/5008 4258/4746/4821 6664/7034/6669 6663/7032/6668
f 4258/4746/4821 3547/4374/4814 6665/7035/6670 6664/7034/6669
f 6666/7036/6671 6665/7035/6670 3547/4374/4814 3543/4375/4813
f 3540/4379/4826 6667/7037/6672 6666/7036/6671 3543/4375/4813
f 3537/4386/4829 6668/7038/6673 6667/7037/6672 3540/4379/4826
f 3534/4389/4834 6669/7039/6674 6668/7038/6673 3537/4386/4829
f 3532/4393/4837 6670/7040/6675 6669/7039/6674 3534/4389/4834
f 3527/4398/4843 6671/7041/6676 6670/7040/6675 3532/4393/4837
f 3524/4402/4842 6672/7042/6677 6671/7041/6676 3527/4398/4843
f 6673/7043/6678 6672/7042/6677 3524/4402/4842 3579/4406/4872
f 6674/7044/6679 6673/7043/6678 3579/4406/4872 3575/4410/4866
f 6675/7045/6680 6674/7044/6679 3575/4410/4866 3573/4414/4865
f 6676/7046/6681 6675/7045/6680 3573/4414/4865 3570/4418/4860
f 6677/7047/6682 6676/7046/6681 3570/4418/4860 3566/4422/4859
f 6678/7048/6683 6677/7047/6682 3566/4422/4859 3560/4426/4848
f 3555/4429/4851 6679/7049/6684 6678/7048/6683 3560/4426/4848
f 4307/4433/4855 6680/7050/6685 6679/7049/6684 3555/4429/4851
f 4324/5235/5179 6681/7051/6686 6680/7050/6685 4307/4433/4855
f 4319/4439/4899 6682/7052/6687 6681/7051/6686 4324/5235/5179
f 6683/7053/6688 6682/7052/6687 4319/4439/4899 3591/4440/4898
f 3593/4444/4905 6684/7054/6689 6683/7053/6688 3591/4440/4898
f 6685/7055/6690 6684/7054/6689 3593/4444/4905 3595/4448/4908
f 3595/4448/4908 3592/4803/4893 6686/7056/6691 6685/7055/6690
f 3592/4803/4893 3550/4806/4892 6687/7057/6692 6686/7056/6691
f 3550/4806/4892 3552/4787/4876 6688/7058/6693 6687/7057/6692
f 6689/7059/6694 6688/7058/6693 3552/4787/4876 3559/4790/4879
f 6690/7060/6695 6689/7059/6694 3559/4790/4879 3561/4794/4883
f 3561/4794/4883 3568/4798/4886 6691/7061/6696 6690/7060/6695
f 3568/4798/4886 3572/4801/4889 6692/7062/6697 6691/7061/6696
f 6693/7063/6698 6692/7062/6697 3572/4801/4889 3574/4828/4921
f 6694/7064/6699 6693/7063/6698 3574/4828/4921 3577/4825/4918
f 3577/4825/4918 3526/4818/4912 6695/7065/6700 6694/7064/6699
f 3526/4818/4912 3530/4821/4911 6696/7066/6701 6695/7065/6700
f 6697/7067/6702 6696/7066/6701 3530/4821/4911 3533/4885/4974
f 6698/7068/6703 6697/7067/6702 3533/4885/4974 3536/4889/4977
f 6659/7028/6664 6698/7068/6703 3536/4889/4977 3539/4904/4993
usemtl lambert2SG
f 5849/6635/6409 4425/3852/3926 6701/7071/5200 5850/6636/6387
f 4445/5300/4280 6699/7069/5206 5724/6451/5207 5725/6597/6394
f 4421/5283/5204 6699/7069/5206 4445/5300/4280
f 4664/4344/4441 2965/4343/4443 3179/3850/3924 4674/3853/4442
f 3224/3979/4080 3227/3980/4079 4418/3981/4109 4426/3976/4076
f 3225/3986/4085 3224/3979/4080 4426/3976/4076 4422/3975/4075
f 3152/5382/5295 3228/3983/4083 4676/3982/4081 4673/3987/4086
f 4454/5306/5228 4467/5308/5230 6700/7070/5199 4433/4346/4445
f 6701/7071/5200 6700/7070/5199 4467/5308/5230 4468/5307/5229
f 5850/6636/6387 6701/7071/5200 4468/5307/5229
f 4523/5372/6412 6702/7072/5287 3180/5371/5286 5839/6639/6413
f 4637/5453/6411 6703/7073/5369 6702/7072/5287 4523/5372/6412
f 4568/5538/5454 6703/7073/5369 4637/5453/6411
s 464
f 4674/3853/6704 6704/7074/6705 3180/5371/6706 3154/5374/6707
f 3180/5371/6706 6704/7074/6705 5856/3855/6708 5839/6639/6709
f 3179/3850/6710 3176/3849/6711 6704/7074/6705 4674/3853/6704
f 5856/3855/6708 6704/7074/6705 3176/3849/6711 5837/3856/6712
